Running with workers=24 events=3570
[1/3570] SISBRA 2000-01-22T23:36:40 lat=-4.410 lon=-38.290 mag=3.3 window=+/-120.0s r=1.0deg
[2/3570] SISBRA 2000-01-22T23:43:52 lat=-4.410 lon=-38.290 mag=2.6 window=+/-120.0s r=1.0deg
[3/3570] SISBRA 2000-01-23T06:22:39 lat=-4.410 lon=-38.290 mag=3.1 window=+/-120.0s r=1.0deg
[4/3570] SISBRA 2000-01-23T08:04:51 lat=-4.410 lon=-38.290 mag=3.0 window=+/-120.0s r=1.0deg
[5/3570] SISBRA 2000-02-25T14:35:27 lat=-4.410 lon=-38.290 mag=2.7 window=+/-120.0s r=1.0deg
[6/3570] SISBRA 2000-03-28T23:41:55 lat=-16.480 lon=-55.730 mag=3.4 window=+/-120.0s r=1.0deg
[7/3570] SISBRA 2000-04-12T07:26:34 lat=-12.270 lon=-48.840 mag=3.1 window=+/-120.0s r=1.0deg
[8/3570] SISBRA 2000-04-17T14:29:46 lat=-22.250 lon=-40.430 mag=2.8 window=+/-120.0s r=1.0deg
[9/3570] SISBRA 2000-04-22T22:11:45 lat=-11.450 lon=-50.380 mag=3.2 window=+/-120.0s r=1.0deg
[10/3570] SISBRA 2000-04-28T03:15:08 lat=-26.830 lon=-56.350 mag=3.9 window=+/-120.0s r=1.0deg
[11/3570] SISBRA 2000-05-06T05:11:39 lat=-19.060 lon=-47.980 mag=3.3 window=+/-120.0s r=1.0deg
[12/3570] SISBRA 2000-06-29T02:02:18 lat=-4.410 lon=-38.290 mag=3.5 window=+/-120.0s r=1.0deg
[13/3570] SISBRA 2000-07-04T04:54:47 lat=-4.410 lon=-38.290 mag=4.1 window=+/-120.0s r=1.0deg
[14/3570] SISBRA 2000-07-13T23:55:41 lat=-9.870 lon=-39.870 mag=2.8 window=+/-120.0s r=1.0deg
[15/3570] SISBRA 2000-09-13T07:39:51 lat=-12.020 lon=-49.850 mag=3.4 window=+/-120.0s r=1.0deg
[16/3570] SISBRA 2000-09-23T01:55:25 lat=-4.300 lon=-38.400 mag=3.1 window=+/-120.0s r=1.0deg
[17/3570] SISBRA 2000-09-28T16:04:09 lat=-21.040 lon=-49.060 mag=3.4 window=+/-120.0s r=1.0deg
[18/3570] SISBRA 2000-10-06T13:04:12 lat=-3.190 lon=-40.430 mag=3.2 window=+/-120.0s r=1.0deg
[19/3570] SISBRA 2000-10-17T13:37:45 lat=-3.190 lon=-40.430 mag=3.0 window=+/-120.0s r=1.0deg
[20/3570] SISBRA 2000-11-01T04:27:45 lat=-7.970 lon=-74.350 mag=5.8 window=+/-120.0s r=1.0deg
[21/3570] SISBRA 2000-11-01T04:28:01 lat=-8.050 lon=-74.890 mag=5.2 window=+/-120.0s r=1.0deg
[22/3570] SISBRA 2000-11-10T20:05:08 lat=-4.300 lon=-38.400 mag=3.0 window=+/-120.0s r=1.0deg
[23/3570] SISBRA 2000-11-20T09:36:33 lat=-16.010 lon=-47.790 mag=4.2 window=+/-120.0s r=1.0deg
[24/3570] SISBRA 2000-11-21T21:58:13 lat=-11.500 lon=-56.800 mag=3.5 window=+/-120.0s r=1.0deg
NO_MATCH: 2000-11-01T04:27:45Z -> data/sisbra_all_w24/20001101T042745_row1731
[25/3570] SISBRA 2000-12-01T00:28:42 lat=-26.930 lon=-56.530 mag=2.5 window=+/-120.0s r=1.0deg
NO_MATCH: 2000-11-01T04:28:01Z -> data/sisbra_all_w24/20001101T042801_row1732
[26/3570] SISBRA 2000-12-06T17:47:11 lat=-24.120 lon=-44.800 mag=3.2 window=+/-120.0s r=1.0deg
  candidates=1 scored=1
  best=smi:org.gfz-potsdam.de/geofon/bsb2000x6fa4b dt_s=0.000 dist_km=0.000 picks<=400.0km=0
  candidates=1 scored=1
  best=smi:org.gfz-potsdam.de/geofon/bsb2000x99e71 dt_s=0.000 dist_km=0.000 picks<=400.0km=0
  candidates=1 scored=1
  best=smi:org.gfz-potsdam.de/geofon/bsb2000x6b393 dt_s=0.000 dist_km=0.000 picks<=400.0km=0
  candidates=1 scored=1
  best=smi:org.gfz-potsdam.de/geofon/bsb2000x71b3b dt_s=0.000 dist_km=0.000 picks<=400.0km=0
  candidates=1 scored=1
  best=smi:org.gfz-potsdam.de/geofon/bsb2000x562fb dt_s=0.000 dist_km=0.000 picks<=400.0km=0
  candidates=1 scored=1
  best=smi:org.gfz-potsdam.de/geofon/bsb2000xd76eb dt_s=0.000 dist_km=0.000 picks<=400.0km=0
  candidates=1 scored=1
  best=smi:org.gfz-potsdam.de/geofon/bsb2000xac97b dt_s=0.000 dist_km=0.000 picks<=400.0km=0
  candidates=1 scored=1
  best=smi:org.gfz-potsdam.de/geofon/bsb2000xf53a2 dt_s=0.000 dist_km=0.000 picks<=400.0km=0
  candidates=1 scored=1
  best=smi:org.gfz-potsdam.de/geofon/bsb2000x8b3de dt_s=0.000 dist_km=0.000 picks<=400.0km=0
  candidates=1 scored=1
  best=smi:org.gfz-potsdam.de/geofon/bsb2000xd0d97 dt_s=0.000 dist_km=0.000 picks<=400.0km=0
  candidates=1 scored=1
  best=smi:org.gfz-potsdam.de/geofon/bsb2000xa70a5 dt_s=0.000 dist_km=0.000 picks<=400.0km=0
  candidates=1 scored=1
  best=smi:org.gfz-potsdam.de/geofon/bsb2000x73a6a dt_s=0.000 dist_km=0.000 picks<=400.0km=0
  candidates=1 scored=1
  best=smi:org.gfz-potsdam.de/geofon/bsb2000xb2468 dt_s=0.000 dist_km=0.000 picks<=400.0km=0
  candidates=1 scored=1
  best=smi:org.gfz-potsdam.de/geofon/bsb2000xb7552 dt_s=0.000 dist_km=0.000 picks<=400.0km=0
  candidates=1 scored=1
  best=smi:org.gfz-potsdam.de/geofon/bsb2000x94b9d dt_s=0.000 dist_km=0.000 picks<=400.0km=0
  candidates=1 scored=1
  best=smi:org.gfz-potsdam.de/geofon/bsb2000x18fc4 dt_s=0.000 dist_km=0.000 picks<=400.0km=0
  candidates=1 scored=1
  best=smi:org.gfz-potsdam.de/geofon/bsb2000xfbc40 dt_s=0.000 dist_km=0.000 picks<=400.0km=0
  candidates=1 scored=1
  best=smi:org.gfz-potsdam.de/geofon/bsb2000xead3b dt_s=0.000 dist_km=0.000 picks<=400.0km=0
  candidates=1 scored=1
  best=smi:org.gfz-potsdam.de/geofon/bsb2000x230a5 dt_s=0.000 dist_km=0.000 picks<=400.0km=0
  candidates=1 scored=1
  best=smi:org.gfz-potsdam.de/geofon/bsb2000xad3cd dt_s=0.000 dist_km=0.000 picks<=400.0km=0
  candidates=1 scored=1
  best=smi:org.gfz-potsdam.de/geofon/bsb2000x9950e dt_s=0.000 dist_km=0.000 picks<=400.0km=0
  candidates=1 scored=1
  best=smi:org.gfz-potsdam.de/geofon/bsb2000x7b1d9 dt_s=0.000 dist_km=0.000 picks<=400.0km=0
  candidates=1 scored=1
  best=smi:org.gfz-potsdam.de/geofon/bsb2000xf8e85 dt_s=0.000 dist_km=0.000 picks<=400.0km=0
  candidates=1 scored=1
  best=smi:org.gfz-potsdam.de/geofon/bsb2000xaf0c6 dt_s=0.000 dist_km=0.000 picks<=400.0km=0
MATCHED: 2000-04-17T14:29:46Z -> data/sisbra_all_w24/20000417T142946_bsb2000x6b393_row1716 picks=0
[27/3570] SISBRA 2000-12-10T01:23:51 lat=-15.580 lon=-48.080 mag=2.7 window=+/-120.0s r=1.0deg
MATCHED: 2000-04-22T22:11:45Z -> data/sisbra_all_w24/20000422T221145_bsb2000x99e71_row1717 picks=0
[28/3570] SISBRA 2000-12-18T01:31:40 lat=-27.220 lon=-57.550 mag=2.8 window=+/-120.0s r=1.0deg
MATCHED: 2000-09-28T16:04:09Z -> data/sisbra_all_w24/20000928T160409_bsb2000x6fa4b_row1728 picks=0
[29/3570] SISBRA 2000-12-21T04:43:34 lat=-26.150 lon=-58.120 mag=2.8 window=+/-120.0s r=1.0deg
MATCHED: 2000-05-06T05:11:39Z -> data/sisbra_all_w24/20000506T051139_bsb2000xd76eb_row1720 picks=0
[30/3570] SISBRA 2000-12-24T05:16:10 lat=-11.500 lon=-56.800 mag=3.5 window=+/-120.0s r=1.0deg
  candidates=1 scored=1
  best=smi:org.gfz-potsdam.de/geofon/bsb2000x71e44 dt_s=0.000 dist_km=0.000 picks<=400.0km=0
  candidates=1 scored=1
  best=smi:org.gfz-potsdam.de/geofon/bsb2000x10c3b dt_s=0.000 dist_km=0.000 picks<=400.0km=0
MATCHED: 2000-12-06T17:47:11Z -> data/sisbra_all_w24/20001206T174711_bsb2000xd0d97_row1737 picks=0
[31/3570] SISBRA 2001-01-07T03:50:15 lat=-17.700 lon=-44.700 mag=3.4 window=+/-120.0s r=1.0deg
MATCHED: 2000-12-18T01:31:40Z -> data/sisbra_all_w24/20001218T013140_bsb2000x71e44_row1739 picks=0
[32/3570] SISBRA 2001-01-23T09:21:31 lat=-5.280 lon=-39.420 mag=3.3 window=+/-120.0s r=1.0deg
MATCHED: 2000-04-28T03:15:08Z -> data/sisbra_all_w24/20000428T031508_bsb2000x562fb_row1718 picks=0
[33/3570] SISBRA 2001-02-26T20:42:00 lat=-4.410 lon=-38.290 mag=3.7 window=+/-120.0s r=1.0deg
MATCHED: 2000-12-10T01:23:51Z -> data/sisbra_all_w24/20001210T012351_bsb2000x10c3b_row1738 picks=0
[34/3570] SISBRA 2001-04-06T10:26:05 lat=-9.870 lon=-39.870 mag=3.0 window=+/-120.0s r=1.0deg
MATCHED: 2000-02-25T14:35:27Z -> data/sisbra_all_w24/20000225T143527_bsb2000xb7552_row1713 picks=0
[35/3570] SISBRA 2001-05-09T00:38:12 lat=-9.890 lon=-72.470 mag=3.7 window=+/-120.0s r=1.0deg
MATCHED: 2000-10-06T13:04:12Z -> data/sisbra_all_w24/20001006T130412_bsb2000x8b3de_row1729 picks=0
[36/3570] SISBRA 2001-05-13T07:28:15 lat=-27.270 lon=-51.620 mag=1.4 window=+/-120.0s r=1.0deg
MATCHED: 2000-01-23T08:04:51Z -> data/sisbra_all_w24/20000123T080451_bsb2000x71b3b_row1711 picks=0
[37/3570] SISBRA 2001-05-24T23:55:00 lat=-21.200 lon=-39.910 mag=3.0 window=+/-120.0s r=1.0deg
MATCHED: 2000-01-23T06:22:39Z -> data/sisbra_all_w24/20000123T062239_bsb2000xac97b_row1710 picks=0
[38/3570] SISBRA 2001-05-27T09:50:00 lat=-1.300 lon=-60.500 mag=3.7 window=+/-120.0s r=1.0deg
MATCHED: 2000-11-20T09:36:33Z -> data/sisbra_all_w24/20001120T093633_bsb2000x73a6a_row1734 picks=0
[39/3570] SISBRA 2001-07-03T09:00:38 lat=-15.820 lon=-51.450 mag=2.6 window=+/-120.0s r=1.0deg
  candidates=1 scored=1
  best=smi:org.gfz-potsdam.de/geofon/bsb2000xe8d80 dt_s=0.000 dist_km=0.000 picks<=400.0km=0
  candidates=1 scored=1
  best=smi:org.gfz-potsdam.de/geofon/bsb2000x61c86 dt_s=0.000 dist_km=0.000 picks<=400.0km=0
NO_MATCH: 2001-05-13T07:28:15Z -> data/sisbra_all_w24/20010513T072815_row1747
[40/3570] SISBRA 2001-08-05T17:19:05 lat=-24.610 lon=-45.260 mag=2.5 window=+/-120.0s r=1.0deg
MATCHED: 2000-12-24T05:16:10Z -> data/sisbra_all_w24/20001224T051610_bsb2000xe8d80_row1741 picks=0
[41/3570] SISBRA 2001-08-24T19:56:18 lat=-21.930 lon=-40.370 mag=3.9 window=+/-120.0s r=1.0deg
MATCHED: 2000-11-10T20:05:08Z -> data/sisbra_all_w24/20001110T200508_bsb2000xb2468_row1733 picks=0
[42/3570] SISBRA 2001-08-31T18:51:34 lat=-20.010 lon=-44.700 mag=3.1 window=+/-120.0s r=1.0deg
MATCHED: 2000-12-21T04:43:34Z -> data/sisbra_all_w24/20001221T044334_bsb2000x61c86_row1740 picks=0
[43/3570] SISBRA 2001-09-29T00:13:54 lat=-22.560 lon=-40.680 mag=2.6 window=+/-120.0s r=1.0deg
MATCHED: 2000-03-28T23:41:55Z -> data/sisbra_all_w24/20000328T234155_bsb2000xa70a5_row1714 picks=0
[44/3570] SISBRA 2001-10-27T18:42:09 lat=-15.180 lon=-51.280 mag=2.7 window=+/-120.0s r=1.0deg
MATCHED: 2000-12-01T00:28:42Z -> data/sisbra_all_w24/20001201T002842_bsb2000xf53a2_row1736 picks=0
[45/3570] SISBRA 2001-12-08T02:06:05 lat=-9.879 lon=-39.872 mag=3.1 window=+/-120.0s r=1.0deg
MATCHED: 2000-04-12T07:26:34Z -> data/sisbra_all_w24/20000412T072634_bsb2000xad3cd_row1715 picks=0
[46/3570] SISBRA 2002-03-17T16:11:19 lat=-23.170 lon=-46.100 mag=2.6 window=+/-120.0s r=1.0deg
MATCHED: 2000-09-23T01:55:25Z -> data/sisbra_all_w24/20000923T015525_bsb2000x94b9d_row1727 picks=0
[47/3570] SISBRA 2002-04-20T05:21:55 lat=1.370 lon=-34.950 mag=4.1 window=+/-120.0s r=1.0deg
  candidates=1 scored=1
  best=smi:org.gfz-potsdam.de/geofon/bsb2001x35e1a dt_s=0.000 dist_km=0.000 picks<=400.0km=0
MATCHED: 2000-07-04T04:54:47Z -> data/sisbra_all_w24/20000704T045447_bsb2000x9950e_row1723 picks=0
[48/3570] SISBRA 2002-04-30T06:18:31 lat=-19.510 lon=-44.050 mag=2.6 window=+/-120.0s r=1.0deg
  candidates=1 scored=1
  best=smi:org.gfz-potsdam.de/geofon/bsb2001x4a9dd dt_s=0.000 dist_km=0.000 picks<=400.0km=0
  candidates=1 scored=1
  best=smi:org.gfz-potsdam.de/geofon/bsb2001x485a1 dt_s=0.000 dist_km=0.000 picks<=400.0km=0
  candidates=1 scored=1
  best=smi:org.gfz-potsdam.de/geofon/bsb2001xec908 dt_s=0.000 dist_km=0.000 picks<=400.0km=0
  candidates=1 scored=1
  best=smi:org.gfz-potsdam.de/geofon/bsb2001x5f782 dt_s=0.000 dist_km=0.000 picks<=400.0km=0
MATCHED: 2000-01-22T23:43:52Z -> data/sisbra_all_w24/20000122T234352_bsb2000xf8e85_row1709 picks=0
[49/3570] SISBRA 2002-05-01T16:21:10 lat=-8.260 lon=-35.960 mag=2.7 window=+/-120.0s r=1.0deg
MATCHED: 2000-01-22T23:36:40Z -> data/sisbra_all_w24/20000122T233640_bsb2000xfbc40_row1708 picks=0
[50/3570] SISBRA 2002-05-06T06:12:02 lat=-19.450 lon=-44.030 mag=2.9 window=+/-120.0s r=1.0deg
MATCHED: 2000-09-13T07:39:51Z -> data/sisbra_all_w24/20000913T073951_bsb2000x18fc4_row1726 picks=0
[51/3570] SISBRA 2002-05-18T12:22:12 lat=-9.920 lon=-49.000 mag=3.1 window=+/-120.0s r=1.0deg
MATCHED: 2001-04-06T10:26:05Z -> data/sisbra_all_w24/20010406T102605_bsb2001x4a9dd_row1745 picks=0
[52/3570] SISBRA 2002-05-19T05:57:18 lat=-10.030 lon=-49.630 mag=3.0 window=+/-120.0s r=1.0deg
MATCHED: 2001-05-09T00:38:12Z -> data/sisbra_all_w24/20010509T003812_bsb2001xec908_row1746 picks=0
[53/3570] SISBRA 2002-06-04T23:27:12 lat=-25.030 lon=-45.830 mag=3.7 window=+/-120.0s r=1.0deg
MATCHED: 2001-01-07T03:50:15Z -> data/sisbra_all_w24/20010107T035015_bsb2001x35e1a_row1742 picks=0
[54/3570] SISBRA 2002-06-30T21:39:31 lat=-8.260 lon=-35.960 mag=3.8 window=+/-120.0s r=1.0deg
MATCHED: 2001-02-26T20:42:00Z -> data/sisbra_all_w24/20010226T204200_bsb2001x485a1_row1744 picks=0
[55/3570] SISBRA 2002-08-26T02:29:19 lat=-14.880 lon=-47.010 mag=3.3 window=+/-120.0s r=1.0deg
  candidates=1 scored=1
  best=smi:org.gfz-potsdam.de/geofon/bsb2001xa7841 dt_s=0.000 dist_km=0.000 picks<=400.0km=0
  candidates=1 scored=1
  best=smi:org.gfz-potsdam.de/geofon/bsb2001x556b7 dt_s=0.000 dist_km=0.000 picks<=400.0km=0
MATCHED: 2001-01-23T09:21:31Z -> data/sisbra_all_w24/20010123T092131_bsb2001x5f782_row1743 picks=0
[56/3570] SISBRA 2002-09-20T16:03:01 lat=-12.560 lon=-38.650 mag=3.0 window=+/-120.0s r=1.0deg
  candidates=1 scored=1
  best=smi:org.gfz-potsdam.de/geofon/bsb2001xe884f dt_s=0.000 dist_km=0.000 picks<=400.0km=0
MATCHED: 2000-06-29T02:02:18Z -> data/sisbra_all_w24/20000629T020218_bsb2000x7b1d9_row1722 picks=0
[57/3570] SISBRA 2002-09-27T10:13:32 lat=-14.530 lon=-51.850 mag=2.7 window=+/-120.0s r=1.0deg
NO_MATCH: 2002-04-20T05:21:55Z -> data/sisbra_all_w24/20020420T052155_row1758
[58/3570] SISBRA 2002-09-28T09:35:08 lat=-12.560 lon=-38.650 mag=3.7 window=+/-120.0s r=1.0deg
MATCHED: 2000-11-21T21:58:13Z -> data/sisbra_all_w24/20001121T215813_bsb2000x230a5_row1735 picks=0
[59/3570] SISBRA 2002-10-01T17:56:54 lat=-12.560 lon=-38.650 mag=2.8 window=+/-120.0s r=1.0deg
  candidates=1 scored=1
  best=smi:org.gfz-potsdam.de/geofon/bsb2001xe088f dt_s=0.000 dist_km=0.000 picks<=400.0km=0
MATCHED: 2001-05-27T09:50:00Z -> data/sisbra_all_w24/20010527T095000_bsb2001xa7841_row1749 picks=0
[60/3570] SISBRA 2002-10-02T05:50:13 lat=-10.260 lon=-69.640 mag=4.0 window=+/-120.0s r=1.0deg
MATCHED: 2000-07-13T23:55:41Z -> data/sisbra_all_w24/20000713T235541_bsb2000xead3b_row1724 picks=0
[61/3570] SISBRA 2002-10-03T14:07:42 lat=-21.840 lon=-46.650 mag=2.6 window=+/-120.0s r=1.0deg
MATCHED: 2001-05-24T23:55:00Z -> data/sisbra_all_w24/20010524T235500_bsb2001x556b7_row1748 picks=0
[62/3570] SISBRA 2002-10-10T21:09:33 lat=-12.800 lon=-38.860 mag=3.6 window=+/-120.0s r=1.0deg
MATCHED: 2001-08-31T18:51:34Z -> data/sisbra_all_w24/20010831T185134_bsb2001xe884f_row1753 picks=0
[63/3570] SISBRA 2002-10-12T20:09:10 lat=-8.320 lon=-71.670 mag=6.4 window=+/-120.0s r=1.0deg
MATCHED: 2001-08-05T17:19:05Z -> data/sisbra_all_w24/20010805T171905_bsb2001xe088f_row1751 picks=0
[64/3570] SISBRA 2002-10-17T13:18:08 lat=-12.560 lon=-38.650 mag=2.9 window=+/-120.0s r=1.0deg
  candidates=1 scored=1
  best=smi:org.gfz-potsdam.de/geofon/bsb2001x0a1bc dt_s=0.000 dist_km=0.000 picks<=400.0km=0
  candidates=1 scored=1
  best=smi:org.gfz-potsdam.de/geofon/bsb2001x92da2 dt_s=0.000 dist_km=0.000 picks<=400.0km=0
NO_MATCH: 2002-05-06T06:12:02Z -> data/sisbra_all_w24/20020506T061202_row1761
[65/3570] SISBRA 2002-10-27T20:23:25 lat=-8.030 lon=-49.780 mag=3.7 window=+/-120.0s r=1.0deg
  candidates=1 scored=1
  best=smi:org.gfz-potsdam.de/geofon/bsb2002xb3346 dt_s=0.000 dist_km=0.000 picks<=400.0km=0
  candidates=1 scored=1
  best=smi:org.gfz-potsdam.de/geofon/bsb2001x0467f dt_s=0.000 dist_km=0.000 picks<=400.0km=0
MATCHED: 2001-09-29T00:13:54Z -> data/sisbra_all_w24/20010929T001354_bsb2001x92da2_row1754 picks=0
[66/3570] SISBRA 2002-11-16T01:28:24 lat=-20.270 lon=-44.670 mag=3.4 window=+/-120.0s r=1.0deg
MATCHED: 2001-12-08T02:06:05Z -> data/sisbra_all_w24/20011208T020605_bsb2001x0a1bc_row1756 picks=0
[67/3570] SISBRA 2002-12-01T17:20:17 lat=-22.910 lon=-44.390 mag=2.7 window=+/-120.0s r=1.0deg
MATCHED: 2000-10-17T13:37:45Z -> data/sisbra_all_w24/20001017T133745_bsb2000xaf0c6_row1730 picks=0
[68/3570] SISBRA 2002-12-07T14:33:53 lat=-25.740 lon=-49.190 mag=2.7 window=+/-120.0s r=1.0deg
  candidates=1 scored=1
  best=smi:org.gfz-potsdam.de/geofon/bsb2001xb7c21 dt_s=0.000 dist_km=0.000 picks<=400.0km=0
MATCHED: 2001-08-24T19:56:18Z -> data/sisbra_all_w24/20010824T195618_bsb2001x0467f_row1752 picks=0
[69/3570] SISBRA 2002-12-28T10:55:10 lat=-22.280 lon=-45.920 mag=2.6 window=+/-120.0s r=1.0deg
MATCHED: 2002-04-30T06:18:31Z -> data/sisbra_all_w24/20020430T061831_bsb2002xb3346_row1759 picks=0
[70/3570] SISBRA 2003-01-09T03:19:32 lat=-23.830 lon=-42.980 mag=3.5 window=+/-120.0s r=1.0deg
  candidates=1 scored=1
  best=smi:org.gfz-potsdam.de/geofon/bsb2001xadc14 dt_s=0.000 dist_km=0.000 picks<=400.0km=0
MATCHED: 2001-07-03T09:00:38Z -> data/sisbra_all_w24/20010703T090038_bsb2001xb7c21_row1750 picks=0
[71/3570] SISBRA 2003-02-26T14:32:02 lat=-5.660 lon=-35.870 mag=3.4 window=+/-120.0s r=1.0deg
MATCHED: 2001-10-27T18:42:09Z -> data/sisbra_all_w24/20011027T184209_bsb2001xadc14_row1755  candidates=1 scored=1
  best=smi:org.gfz-potsdam.de/geofon/bsb2002xc9137 dt_s=0.000 dist_km=0.000 picks<=400.0km=0
 picks=0
[72/3570] SISBRA 2003-03-15T10:18:57 lat=-23.170 lon=-47.340 mag=2.5 window=+/-120.0s r=1.0deg
MATCHED: 2002-03-17T16:11:19Z -> data/sisbra_all_w24/20020317T161119_bsb2002xc9137_row1757 picks=0
[73/3570] SISBRA 2003-03-16T21:29:41 lat=-21.310 lon=-46.190 mag=3.2 window=+/-120.0s r=1.0deg
  candidates=1 scored=1
  best=smi:org.gfz-potsdam.de/geofon/bsb2002x3463f dt_s=0.000 dist_km=0.000 picks<=400.0km=0
MATCHED: 2002-05-01T16:21:10Z -> data/sisbra_all_w24/20020501T162110_bsb2002x3463f_row1760 picks=0
[74/3570] SISBRA 2003-03-16T21:35:06 lat=-21.320 lon=-46.200 mag=2.7 window=+/-120.0s r=1.0deg
  candidates=1 scored=1
  best=smi:org.gfz-potsdam.de/geofon/bsb2002xc7ddf dt_s=0.000 dist_km=0.000 picks<=400.0km=0
MATCHED: 2002-06-04T23:27:12Z -> data/sisbra_all_w24/20020604T232712_bsb2002xc7ddf_row1764 picks=0
[75/3570] SISBRA 2003-04-12T14:57:06 lat=-24.750 lon=-43.120 mag=2.5 window=+/-120.0s r=1.0deg
  candidates=1 scored=1
  best=smi:org.gfz-potsdam.de/geofon/bsb2002x3ccc5 dt_s=0.000 dist_km=0.000 picks<=400.0km=0
MATCHED: 2002-09-27T10:13:32Z -> data/sisbra_all_w24/20020927T101332_bsb2002x3ccc5_row1789 picks=0
[76/3570] SISBRA 2003-04-13T11:20:14 lat=-22.270 lon=-40.670 mag=3.3 window=+/-120.0s r=1.0deg
NO_MATCH: 2003-01-09T03:19:32Z -> data/sisbra_all_w24/20030109T031932_row1802
[77/3570] SISBRA 2003-04-16T15:36:18 lat=-21.310 lon=-39.860 mag=3.2 window=+/-120.0s r=1.0deg
  candidates=1 scored=1
  best=smi:org.gfz-potsdam.de/geofon/bsb2002xea3f5 dt_s=0.000 dist_km=0.000 picks<=400.0km=0
MATCHED: 2002-10-01T17:56:54Z -> data/sisbra_all_w24/20021001T175654_bsb2002xea3f5_row1791 picks=0
[78/3570] SISBRA 2003-04-27T22:57:45 lat=-8.210 lon=-71.640 mag=5.6 window=+/-120.0s r=1.0deg
  candidates=1 scored=1
  best=smi:org.gfz-potsdam.de/geofon/bsb2002xa2e6b dt_s=0.000 dist_km=0.000 picks<=400.0km=0
NO_MATCH: 2002-10-12T20:09:10Z -> data/sisbra_all_w24/20021012T200910_row1795
[79/3570] SISBRA 2003-05-04T22:27:57 lat=-20.370 lon=-44.810 mag=2.9 window=+/-120.0s r=1.0deg
  candidates=1 scored=1
  best=smi:org.gfz-potsdam.de/geofon/bsb2002x32d35 dt_s=0.000 dist_km=0.000 picks<=400.0km=0
MATCHED: 2002-09-20T16:03:01Z -> data/sisbra_all_w24/20020920T160301_bsb2002xa2e6b_row1788 picks=0
[80/3570] SISBRA 2003-05-11T13:32:45 lat=-16.730 lon=-54.290 mag=2.5 window=+/-120.0s r=1.0deg
MATCHED: 2002-05-19T05:57:18Z -> data/sisbra_all_w24/20020519T055718_bsb2002x32d35_row1763 picks=0
[81/3570] SISBRA 2003-05-11T13:45:38 lat=-16.730 lon=-54.290 mag=3.7 window=+/-120.0s r=1.0deg
  candidates=1 scored=1
  best=smi:org.gfz-potsdam.de/geofon/bsb2002x7853b dt_s=0.000 dist_km=0.000 picks<=400.0km=0
  candidates=1 scored=1
  best=smi:org.gfz-potsdam.de/geofon/bsb2002x7d1a2 dt_s=0.000 dist_km=0.000 picks<=400.0km=0
  candidates=1 scored=1
  best=smi:org.gfz-potsdam.de/geofon/bsb2002xd1c78 dt_s=0.000 dist_km=0.000 picks<=400.0km=0
NO_MATCH: 2003-04-27T22:57:45Z -> data/sisbra_all_w24/20030427T225745_row1814
[82/3570] SISBRA 2003-05-17T06:40:03 lat=-26.090 lon=-46.210 mag=2.9 window=+/-120.0s r=1.0deg
  candidates=1 scored=1
  best=smi:org.gfz-potsdam.de/geofon/bsb2002x8bfe4 dt_s=0.000 dist_km=0.000 picks<=400.0km=0
  candidates=1 scored=1
  best=smi:org.gfz-potsdam.de/geofon/bsb2002x2ac5e dt_s=0.000 dist_km=0.000 picks<=400.0km=0
  candidates=1 scored=1
  best=smi:org.gfz-potsdam.de/geofon/bsb2002x65d6c dt_s=0.000 dist_km=0.000 picks<=400.0km=0
MATCHED: 2002-10-10T21:09:33Z -> data/sisbra_all_w24/20021010T210933_bsb2002x7853b_row1794 picks=0
[83/3570] SISBRA 2003-05-20T07:50:31 lat=-4.240 lon=-39.980 mag=2.5 window=+/-120.0s r=1.0deg
MATCHED: 2002-12-01T17:20:17Z -> data/sisbra_all_w24/20021201T172017_bsb2002x65d6c_row1799 picks=0
[84/3570] SISBRA 2003-05-23T11:28:11 lat=-25.390 lon=-46.420 mag=3.1 window=+/-120.0s r=1.0deg
MATCHED: 2002-05-18T12:22:12Z -> data/sisbra_all_w24/20020518T122212_bsb2002x7d1a2_row1762 picks=0
[85/3570] SISBRA 2003-06-20T06:19:39 lat=-7.540 lon=-71.620 mag=6.4 window=+/-120.0s r=1.0deg
MATCHED: 2002-09-28T09:35:08Z -> data/sisbra_all_w24/20020928T093508_bsb2002xd1c78_row1790 picks=0
[86/3570] SISBRA 2003-06-23T06:09:06 lat=-26.440 lon=-41.730 mag=4.1 window=+/-120.0s r=1.0deg
  candidates=1 scored=1
  best=smi:org.gfz-potsdam.de/geofon/bsb2002xecf0e dt_s=0.000 dist_km=0.000 picks<=400.0km=0
MATCHED: 2002-12-28T10:55:10Z -> data/sisbra_all_w24/20021228T105510_bsb2002x8bfe4_row1801 picks=0
[87/3570] SISBRA 2003-06-30T13:20:36 lat=-16.730 lon=-54.290 mag=2.6 window=+/-120.0s r=1.0deg
  candidates=1 scored=1
  best=smi:org.gfz-potsdam.de/geofon/bsb2002x57aa8 dt_s=0.000 dist_km=0.000 picks<=400.0km=0
  candidates=1 scored=1
  best=smi:org.gfz-potsdam.de/geofon/bsb2003x64a6b dt_s=0.000 dist_km=0.000 picks<=400.0km=0
MATCHED: 2002-12-07T14:33:53Z -> data/sisbra_all_w24/20021207T143353_bsb2002x2ac5e_row1800 picks=0
[88/3570] SISBRA 2003-07-08T03:25:32 lat=-6.980 lon=-71.820 mag=5.1 window=+/-120.0s r=1.0deg
  candidates=1 scored=1
  best=smi:org.gfz-potsdam.de/geofon/bsb2003xa60b0 dt_s=0.000 dist_km=0.000 picks<=400.0km=0
  candidates=1 scored=1
  best=smi:org.gfz-potsdam.de/geofon/bsb2002xdf4f4 dt_s=0.000 dist_km=0.000 picks<=400.0km=0
MATCHED: 2002-10-02T05:50:13Z -> data/sisbra_all_w24/20021002T055013_bsb2002xecf0e_row1792 picks=0
[89/3570] SISBRA 2003-07-14T09:08:38 lat=-12.640 lon=-47.680 mag=3.6 window=+/-120.0s r=1.0deg
  candidates=1 scored=1
  best=smi:org.gfz-potsdam.de/geofon/bsb2003xe2c23 dt_s=0.000 dist_km=0.000 picks<=400.0km=0
MATCHED: 2003-05-11T13:32:45Z -> data/sisbra_all_w24/20030511T133245_bsb2003x64a6b_row1816 picks=0
[90/3570] SISBRA 2003-07-14T09:15:37 lat=-12.640 lon=-47.620 mag=3.0 window=+/-120.0s r=1.0deg
MATCHED: 2002-06-30T21:39:31Z -> data/sisbra_all_w24/20020630T213931_bsb2002x57aa8_row1765 picks=0
[91/3570] SISBRA 2003-07-15T15:36:01 lat=-15.550 lon=-47.680 mag=2.5 window=+/-120.0s r=1.0deg
MATCHED: 2003-03-16T21:29:41Z -> data/sisbra_all_w24/20030316T212941_bsb2003xa60b0_row1809 picks=0
[92/3570] SISBRA 2003-07-26T00:51:21 lat=-24.050 lon=-42.360 mag=3.4 window=+/-120.0s r=1.0deg
MATCHED: 2002-10-03T14:07:42Z -> data/sisbra_all_w24/20021003T140742_bsb2002xdf4f4_row1793 picks=0
[93/3570] SISBRA 2003-07-31T11:34:11 lat=-13.540 lon=-44.590 mag=2.9 window=+/-120.0s r=1.0deg
NO_MATCH: 2003-06-20T06:19:39Z -> data/sisbra_all_w24/20030620T061939_row1822
[94/3570] SISBRA 2003-07-31T14:43:40 lat=-13.490 lon=-44.590 mag=3.0 window=+/-120.0s r=1.0deg
  candidates=1 scored=1
  best=smi:org.gfz-potsdam.de/geofon/bsb2002x7650a dt_s=0.000 dist_km=0.000 picks<=400.0km=0
  candidates=1 scored=1
  best=smi:org.gfz-potsdam.de/geofon/bsb2003xefa14 dt_s=0.000 dist_km=0.000 picks<=400.0km=0
  candidates=1 scored=1
  best=smi:org.gfz-potsdam.de/geofon/bsb2002xc3686 dt_s=0.000 dist_km=0.000 picks<=400.0km=0
MATCHED: 2003-02-26T14:32:02Z -> data/sisbra_all_w24/20030226T143202_bsb2003xe2c23_row1807 picks=0
[95/3570] SISBRA 2003-07-31T15:29:57 lat=-13.580 lon=-44.600 mag=2.9 window=+/-120.0s r=1.0deg
  candidates=1 scored=1
  best=smi:org.gfz-potsdam.de/geofon/bsb2002x131e1 dt_s=0.000 dist_km=0.000 picks<=400.0km=0
MATCHED: 2002-08-26T02:29:19Z -> data/sisbra_all_w24/20020826T022919_bsb2002x7650a_row1784 picks=0
[96/3570] SISBRA 2003-10-10T17:17:06 lat=-24.020 lon=-45.970 mag=2.2 window=+/-120.0s r=1.0deg
MATCHED: 2003-05-04T22:27:57Z -> data/sisbra_all_w24/20030504T222757_bsb2003xefa14_row1815 picks=0
[97/3570] SISBRA 2003-10-28T22:54:57 lat=-17.380 lon=-56.220 mag=2.9 window=+/-120.0s r=1.0deg
NO_MATCH: 2003-07-08T03:25:32Z -> data/sisbra_all_w24/20030708T032532_row1825
[98/3570] SISBRA 2003-10-28T23:21:55 lat=-17.380 lon=-56.220 mag=3.5 window=+/-120.0s r=1.0deg
MATCHED: 2002-11-16T01:28:24Z -> data/sisbra_all_w24/20021116T012824_bsb2002xc3686_row1798 picks=0
[99/3570] SISBRA 2003-11-15T00:20:27 lat=-8.340 lon=-50.040 mag=3.9 window=+/-120.0s r=1.0deg
  candidates=1 scored=1
  best=smi:org.gfz-potsdam.de/geofon/bsb2003x41302 dt_s=0.000 dist_km=0.000 picks<=400.0km=0
  candidates=1 scored=1
  best=smi:org.gfz-potsdam.de/geofon/bsb2003x559d4 dt_s=0.000 dist_km=0.000 picks<=400.0km=0
MATCHED: 2002-10-17T13:18:08Z -> data/sisbra_all_w24/20021017T131808_bsb2002x131e1_row1796  candidates=1 scored=1
  best=smi:org.gfz-potsdam.de/geofon/bsb2003xcb8fc dt_s=0.000 dist_km=0.000 picks<=400.0km=0
 picks=0
[100/3570] SISBRA 2003-12-03T23:33:47 lat=-9.610 lon=-34.280 mag=3.3 window=+/-120.0s r=1.0deg
  candidates=1 scored=1
  best=smi:org.gfz-potsdam.de/geofon/bsb2003x7bc02 dt_s=0.000 dist_km=0.000 picks<=400.0km=0
  candidates=1 scored=1
  best=smi:org.gfz-potsdam.de/geofon/bsb2003x1b976 dt_s=0.000 dist_km=0.000 picks<=400.0km=0
  candidates=1 scored=1
  best=smi:org.gfz-potsdam.de/geofon/bsb2003xe66f9 dt_s=0.000 dist_km=0.000 picks<=400.0km=0
  candidates=1 scored=1
  best=smi:org.gfz-potsdam.de/geofon/bsb2003xf1032 dt_s=0.000 dist_km=0.000 picks<=400.0km=0
  candidates=1 scored=1
  best=smi:org.gfz-potsdam.de/geofon/bsb2002xd53e5 dt_s=0.000 dist_km=0.000 picks<=400.0km=0
  candidates=1 scored=1
  best=smi:org.gfz-potsdam.de/geofon/bsb2003x2c5a0 dt_s=0.000 dist_km=0.000 picks<=400.0km=0
MATCHED: 2003-06-30T13:20:36Z -> data/sisbra_all_w24/20030630T132036_bsb2003x41302_row1824 picks=0
[101/3570] SISBRA 2003-12-24T20:12:55 lat=-7.400 lon=-72.700 mag=3.4 window=+/-120.0s r=1.0deg
NO_MATCH: 2003-10-10T17:17:06Z -> data/sisbra_all_w24/20031010T171706_row1848
[102/3570] SISBRA 2004-01-11T10:34:20 lat=-8.320 lon=-36.360 mag=2.7 window=+/-120.0s r=1.0deg
MATCHED: 2003-05-23T11:28:11Z -> data/sisbra_all_w24/20030523T112811_bsb2003xcb8fc_row1820 picks=0
[103/3570] SISBRA 2004-01-12T04:51:50 lat=-6.570 lon=-38.800 mag=3.2 window=+/-120.0s r=1.0deg
MATCHED: 2003-03-16T21:35:06Z -> data/sisbra_all_w24/20030316T213506_bsb2003x559d4_row1810 picks=0
[104/3570] SISBRA 2004-02-06T05:55:20 lat=-4.980 lon=-39.740 mag=2.8 window=+/-120.0s r=1.0deg
MATCHED: 2003-04-13T11:20:14Z -> data/sisbra_all_w24/20030413T112014_bsb2003x2c5a0_row1812 picks=0
[105/3570] SISBRA 2004-02-27T19:50:07 lat=-24.840 lon=-45.710 mag=2.6 window=+/-120.0s r=1.0deg
MATCHED: 2003-04-16T15:36:18Z -> data/sisbra_all_w24/20030416T153618_bsb2003x1b976_row1813 picks=0
[106/3570] SISBRA 2004-03-12T02:50:02 lat=-8.220 lon=-38.370 mag=2.2 window=+/-120.0s r=1.0deg
MATCHED: 2003-05-11T13:45:38Z -> data/sisbra_all_w24/20030511T134538_bsb2003x7bc02_row1817 picks=0
[107/3570] SISBRA 2004-03-17T23:28:58 lat=-18.400 lon=-56.210 mag=3.0 window=+/-120.0s r=1.0deg
MATCHED: 2003-03-15T10:18:57Z -> data/sisbra_all_w24/20030315T101857_bsb2003xe66f9_row1808 picks=0
[108/3570] SISBRA 2004-05-16T14:29:37 lat=-25.220 lon=-44.720 mag=3.9 window=+/-120.0s r=1.0deg
MATCHED: 2003-04-12T14:57:06Z -> data/sisbra_all_w24/20030412T145706_bsb2003xf1032_row1811 picks=0
[109/3570] SISBRA 2004-05-30T03:26:29 lat=-23.170 lon=-42.150 mag=2.5 window=+/-120.0s r=1.0deg
  candidates=1 scored=1
  best=smi:org.gfz-potsdam.de/geofon/bsb2003x5312a dt_s=0.000 dist_km=0.000 picks<=400.0km=0
MATCHED: 2002-10-27T20:23:25Z -> data/sisbra_all_w24/20021027T202325_bsb2002xd53e5_row1797 picks=0
[110/3570] SISBRA 2004-06-01T04:03:11 lat=-22.990 lon=-41.890 mag=2.3 window=+/-120.0s r=1.0deg
  candidates=1 scored=1
  best=smi:org.gfz-potsdam.de/geofon/bsb2003x9dbf9 dt_s=0.000 dist_km=0.000 picks<=400.0km=0
  candidates=1 scored=1
  best=smi:org.gfz-potsdam.de/geofon/bsb2003xeb665 dt_s=0.000 dist_km=0.000 picks<=400.0km=0
MATCHED: 2003-07-31T11:34:11Z -> data/sisbra_all_w24/20030731T113411_bsb2003x5312a_row1840 picks=0
[111/3570] SISBRA 2004-06-01T12:11:00 lat=-8.320 lon=-36.360 mag=3.1 window=+/-120.0s r=1.0deg
  candidates=1 scored=1
  best=smi:org.gfz-potsdam.de/geofon/bsb2003xc8500 dt_s=0.000 dist_km=0.000 picks<=400.0km=0
MATCHED: 2003-05-17T06:40:03Z -> data/sisbra_all_w24/20030517T064003_bsb2003x9dbf9_row1818 picks=0
[112/3570] SISBRA 2004-06-24T12:18:32.500000 lat=-26.210 lon=-61.870 mag=3.4 window=+/-120.0s r=1.0deg
  candidates=1 scored=1
  best=smi:org.gfz-potsdam.de/geofon/bsb2003x4932c dt_s=0.000 dist_km=0.000 picks<=400.0km=0
NO_MATCH: 2004-03-12T02:50:02Z -> data/sisbra_all_w24/20040312T025002_row1861
[113/3570] SISBRA 2004-07-06T14:44:16 lat=-3.200 lon=-72.920 mag=4.0 window=+/-120.0s r=1.0deg
MATCHED: 2003-05-20T07:50:31Z -> data/sisbra_all_w24/20030520T075031_bsb2003xeb665_row1819 picks=0
[114/3570] SISBRA 2004-08-24T08:14:49 lat=-4.370 lon=-38.480 mag=3.3 window=+/-120.0s r=1.0deg
MATCHED: 2003-07-14T09:08:38Z -> data/sisbra_all_w24/20030714T090838_bsb2003xc8500_row1826 picks=0
[115/3570] SISBRA 2004-09-06T20:13:28 lat=-17.200 lon=-56.200 mag=2.8 window=+/-120.0s r=1.0deg
NO_MATCH: 2004-05-16T14:29:37Z -> data/sisbra_all_w24/20040516T142937_row1863
[116/3570] SISBRA 2004-11-25T13:10:36 lat=-21.220 lon=-50.470 mag=3.2 window=+/-120.0s r=1.0deg
MATCHED: 2003-07-15T15:36:01Z -> data/sisbra_all_w24/20030715T153601_bsb2003x4932c_row1828 picks=0
[117/3570] SISBRA 2004-12-26T00:39:53 lat=-16.220 lon=-55.950 mag=3.2 window=+/-120.0s r=1.0deg
  candidates=1 scored=1
  best=smi:org.gfz-potsdam.de/geofon/bsb2003x28a49 dt_s=0.000 dist_km=0.000 picks<=400.0km=0
  candidates=1 scored=1
  best=smi:org.gfz-potsdam.de/geofon/bsb2003x0c066 dt_s=0.000 dist_km=0.000 picks<=400.0km=0
MATCHED: 2003-07-14T09:15:37Z -> data/sisbra_all_w24/20030714T091537_bsb2003x28a49_row1827 picks=0
[118/3570] SISBRA 2004-12-27T14:24:05 lat=-22.230 lon=-44.800 mag=2.2 window=+/-120.0s r=1.0deg
NO_MATCH: 2004-06-01T04:03:11Z -> data/sisbra_all_w24/20040601T040311_row1873
[119/3570] SISBRA 2005-02-08T18:04:20.400000 lat=-2.210 lon=-63.587 mag=4.4 window=+/-120.0s r=1.0deg
MATCHED: 2003-07-31T14:43:40Z -> data/sisbra_all_w24/20030731T144340_bsb2003x0c066_row1841 picks=0
[120/3570] SISBRA 2005-03-11T05:38:26 lat=-21.060 lon=-48.500 mag=2.7 window=+/-120.0s r=1.0deg
  candidates=1 scored=1
  best=smi:org.gfz-potsdam.de/geofon/bsb2004x4acce dt_s=0.000 dist_km=0.000 picks<=400.0km=0
  candidates=1 scored=1
  best=smi:org.gfz-potsdam.de/geofon/bsb2003x274ce dt_s=0.000 dist_km=0.000 picks<=400.0km=0
  candidates=1 scored=1
  best=smi:org.gfz-potsdam.de/geofon/bsb2003xbd8d4 dt_s=0.000 dist_km=0.000 picks<=400.0km=0
MATCHED: 2004-03-17T23:28:58Z -> data/sisbra_all_w24/20040317T232858_bsb2004x4acce_row1862 picks=0
[121/3570] SISBRA 2005-03-23T21:11:59.700000 lat=-11.600 lon=-56.760 mag=5.0 window=+/-120.0s r=1.0deg
MATCHED: 2003-07-26T00:51:21Z -> data/sisbra_all_w24/20030726T005121_bsb2003xbd8d4_row1839 picks=0
[122/3570] SISBRA 2005-03-30T11:41:44 lat=-21.060 lon=-48.500 mag=2.9 window=+/-120.0s r=1.0deg
  candidates=1 scored=1
  best=smi:org.gfz-potsdam.de/geofon/bsb2003xfdf3a dt_s=0.000 dist_km=0.000 picks<=400.0km=0
MATCHED: 2003-07-31T15:29:57Z -> data/sisbra_all_w24/20030731T152957_bsb2003x274ce_row1842 picks=0
[123/3570] SISBRA 2005-04-02T15:25:17 lat=-21.060 lon=-48.500 mag=2.8 window=+/-120.0s r=1.0deg
  candidates=1 scored=1
  best=smi:org.gfz-potsdam.de/geofon/bsb2003xc0d63 dt_s=0.000 dist_km=0.000 picks<=400.0km=0
  candidates=1 scored=1
  best=smi:org.gfz-potsdam.de/geofon/bsb2003x80b62 dt_s=0.000 dist_km=0.000 picks<=400.0km=0
  candidates=1 scored=1
  best=smi:org.gfz-potsdam.de/geofon/bsb2003xdfc2e dt_s=0.000 dist_km=0.000 picks<=400.0km=0
  candidates=1 scored=1
  best=smi:org.gfz-potsdam.de/geofon/bsb2004x8094b dt_s=0.000 dist_km=0.000 picks<=400.0km=0
  candidates=1 scored=1
  best=smi:org.gfz-potsdam.de/geofon/bsb2003x03a54 dt_s=0.000 dist_km=0.000 picks<=400.0km=0
MATCHED: 2003-12-24T20:12:55Z -> data/sisbra_all_w24/20031224T201255_bsb2003xfdf3a_row1854 picks=0
[124/3570] SISBRA 2005-04-03T13:44:59 lat=-8.800 lon=-33.190 mag=3.0 window=+/-120.0s r=1.0deg
NO_MATCH: 2004-12-27T14:24:05Z -> data/sisbra_all_w24/20041227T142405_row1895
[125/3570] SISBRA 2005-04-08T23:34:22 lat=-21.030 lon=-47.290 mag=3.1 window=+/-120.0s r=1.0deg
MATCHED: 2003-06-23T06:09:06Z -> data/sisbra_all_w24/20030623T060906_bsb2003xc0d63_row1823 picks=0
[126/3570] SISBRA 2005-07-07T03:47:29 lat=-20.050 lon=-43.900 mag=3.0 window=+/-120.0s r=1.0deg
MATCHED: 2003-10-28T23:21:55Z -> data/sisbra_all_w24/20031028T232155_bsb2003x80b62_row1850 picks=0
[127/3570] SISBRA 2005-07-10T08:07:03 lat=-16.810 lon=-54.960 mag=3.0 window=+/-120.0s r=1.0deg
  candidates=1 scored=1
  best=smi:org.gfz-potsdam.de/geofon/bsb2004xaabd8 dt_s=0.000 dist_km=0.000 picks<=400.0km=0
  candidates=1 scored=1
  best=smi:org.gfz-potsdam.de/geofon/bsb2004x98e81 dt_s=0.000 dist_km=0.000 picks<=400.0km=0
MATCHED: 2003-11-15T00:20:27Z -> data/sisbra_all_w24/20031115T002027_bsb2003xdfc2e_row1851 picks=0
[128/3570] SISBRA 2005-07-20T16:43:06 lat=-11.600 lon=-56.780 mag=4.3 window=+/-120.0s r=1.0deg
MATCHED: 2004-01-11T10:34:20Z -> data/sisbra_all_w24/20040111T103420_bsb2004x8094b_row1855 picks=0
[129/3570] SISBRA 2005-08-20T11:07:00 lat=-25.900 lon=-56.730 mag=2.7 window=+/-120.0s r=1.0deg
MATCHED: 2003-10-28T22:54:57Z -> data/sisbra_all_w24/20031028T225457_bsb2003x03a54_row1849 picks=0
[130/3570] SISBRA 2005-09-24T20:38:01 lat=-11.880 lon=-57.400 mag=3.9 window=+/-120.0s r=1.0deg
  candidates=1 scored=1
  best=smi:org.gfz-potsdam.de/geofon/bsb2004x0b2e9 dt_s=0.000 dist_km=0.000 picks<=400.0km=0
  candidates=1 scored=1
  best=smi:org.gfz-potsdam.de/geofon/bsb2004x158ba dt_s=0.000 dist_km=0.000 picks<=400.0km=0
MATCHED: 2004-11-25T13:10:36Z -> data/sisbra_all_w24/20041125T131036_bsb2004x98e81_row1892 picks=0
[131/3570] SISBRA 2005-12-26T13:41:45 lat=-25.030 lon=-45.260 mag=2.0 window=+/-120.0s r=1.0deg
  candidates=1 scored=1
  best=smi:org.gfz-potsdam.de/geofon/bsb2003xea85a dt_s=0.000 dist_km=0.000 picks<=400.0km=0
  candidates=1 scored=1
  best=smi:org.gfz-potsdam.de/geofon/bsb2004xa8b82 dt_s=0.000 dist_km=0.000 picks<=400.0km=0
MATCHED: 2004-02-06T05:55:20Z -> data/sisbra_all_w24/20040206T055520_bsb2004xaabd8_row1859 picks=0
[132/3570] SISBRA 2005-12-31T05:32:46 lat=-22.530 lon=-46.770 mag=2.1 window=+/-120.0s r=1.0deg
MATCHED: 2004-05-30T03:26:29Z -> data/sisbra_all_w24/20040530T032629_bsb2004x0b2e9_row1871 picks=0
[133/3570] SISBRA 2006-01-03T19:29:52 lat=-21.690 lon=-42.380 mag=2.1 window=+/-120.0s r=1.0deg
MATCHED: 2003-12-03T23:33:47Z -> data/sisbra_all_w24/20031203T233347_bsb2003xea85a_row1852 picks=0
[134/3570] SISBRA 2006-01-04T22:54:37 lat=-24.410 lon=-50.700 mag=4.1 window=+/-120.0s r=1.0deg
  candidates=1 scored=1
  best=smi:org.gfz-potsdam.de/geofon/bsb2005xc384d dt_s=0.000 dist_km=0.000 picks<=400.0km=0
MATCHED: 2004-07-06T14:44:16Z -> data/sisbra_all_w24/20040706T144416_bsb2004x158ba_row1885 picks=0
[135/3570] SISBRA 2006-01-04T22:56:10 lat=-24.430 lon=-50.700 mag=3.3 window=+/-120.0s r=1.0deg
  candidates=1 scored=1
  best=smi:org.gfz-potsdam.de/geofon/bsb2004xe5846 dt_s=0.000 dist_km=0.000 picks<=400.0km=0
MATCHED: 2004-01-12T04:51:50Z -> data/sisbra_all_w24/20040112T045150_bsb2004xa8b82_row1856 picks=0
[136/3570] SISBRA 2006-01-08T01:54:55 lat=-10.070 lon=-36.930 mag=3.4 window=+/-120.0s r=1.0deg
  candidates=1 scored=1
  best=smi:org.gfz-potsdam.de/geofon/bsb2004xf9eae dt_s=0.000 dist_km=0.000 picks<=400.0km=0
  candidates=1 scored=1
  best=smi:org.gfz-potsdam.de/geofon/bsb2005x56173 dt_s=0.000 dist_km=0.000 picks<=400.0km=0
  candidates=1 scored=1
  best=smi:org.gfz-potsdam.de/geofon/bsb2004xdca61 dt_s=0.000 dist_km=0.000 picks<=400.0km=0
  candidates=1 scored=1
  best=smi:org.gfz-potsdam.de/geofon/bsb2004x250e2 dt_s=0.000 dist_km=0.000 picks<=400.0km=0
MATCHED: 2005-03-23T21:11:59.700000Z -> data/sisbra_all_w24/20050323T211159_bsb2005xc384d_row1898 picks=0
[137/3570] SISBRA 2006-01-10T19:03:41 lat=-21.640 lon=-46.860 mag=3.0 window=+/-120.0s r=1.0deg
MATCHED: 2004-06-24T12:18:32.500000Z -> data/sisbra_all_w24/20040624T121832_bsb2004xe5846_row1884 picks=0
[138/3570] SISBRA 2006-02-28T08:18:40 lat=-13.040 lon=-48.430 mag=2.7 window=+/-120.0s r=1.0deg
NO_MATCH: 2005-12-26T13:41:45Z -> data/sisbra_all_w24/20051226T134145_row1916
[139/3570] SISBRA 2006-03-22T14:03:00 lat=-21.410 lon=-50.080 mag=2.5 window=+/-120.0s r=1.0deg
  candidates=1 scored=1
  best=smi:org.gfz-potsdam.de/geofon/bsb2004x7ef85 dt_s=0.000 dist_km=0.000 picks<=400.0km=0
NO_MATCH: 2006-01-03T19:29:52Z -> data/sisbra_all_w24/20060103T192952_row1918
[140/3570] SISBRA 2006-04-04T04:00:57 lat=-20.950 lon=-45.710 mag=2.5 window=+/-120.0s r=1.0deg
MATCHED: 2004-08-24T08:14:49Z -> data/sisbra_all_w24/20040824T081449_bsb2004xf9eae_row1888 picks=0
[141/3570] SISBRA 2006-04-10T17:11:13 lat=-21.050 lon=-45.400 mag=2.7 window=+/-120.0s r=1.0deg
MATCHED: 2004-12-26T00:39:53Z -> data/sisbra_all_w24/20041226T003953_bsb2004x250e2_row1894 picks=0
[142/3570] SISBRA 2006-04-22T02:29:19 lat=-16.310 lon=-53.300 mag=2.8 window=+/-120.0s r=1.0deg
MATCHED: 2005-02-08T18:04:20.400000Z -> data/sisbra_all_w24/20050208T180420_bsb2005x56173_row1896 picks=0
[143/3570] SISBRA 2006-05-14T14:07:46 lat=-16.720 lon=-42.580 mag=3.0 window=+/-120.0s r=1.0deg
NO_MATCH: 2005-12-31T05:32:46Z -> data/sisbra_all_w24/20051231T053246_row1917
[144/3570] SISBRA 2006-05-20T04:26:05.600000 lat=-8.260 lon=-36.160 mag=3.9 window=+/-120.0s r=1.0deg
MATCHED: 2004-06-01T12:11:00Z -> data/sisbra_all_w24/20040601T121100_bsb2004xdca61_row1874 picks=0
[145/3570] SISBRA 2006-06-08T16:29:13 lat=4.880 lon=-51.960 mag=5.2 window=+/-120.0s r=1.0deg
MATCHED: 2004-02-27T19:50:07Z -> data/sisbra_all_w24/20040227T195007_bsb2004x7ef85_row1860 picks=0
[146/3570] SISBRA 2006-06-17T01:11:57 lat=-22.230 lon=-51.260 mag=3.2 window=+/-120.0s r=1.0deg
  candidates=1 scored=1
  best=smi:org.gfz-potsdam.de/geofon/bsb2005xe34cc dt_s=0.000 dist_km=0.000 picks<=400.0km=0
  candidates=1 scored=1
  best=smi:org.gfz-potsdam.de/geofon/bsb2005x1644f dt_s=0.000 dist_km=0.000 picks<=400.0km=0
MATCHED: 2005-08-20T11:07:00Z -> data/sisbra_all_w24/20050820T110700_bsb2005xe34cc_row1911 picks=0
[147/3570] SISBRA 2006-07-01T14:39:04 lat=-21.080 lon=-46.710 mag=2.1 window=+/-120.0s r=1.0deg
MATCHED: 2005-03-11T05:38:26Z -> data/sisbra_all_w24/20050311T053826_bsb2005x1644f_row1897 picks=0
[148/3570] SISBRA 2006-11-16T08:08:06 lat=-22.280 lon=-39.780 mag=2.9 window=+/-120.0s r=1.0deg
  candidates=1 scored=1
  best=smi:org.gfz-potsdam.de/geofon/bsb2006x27155 dt_s=0.000 dist_km=0.000 picks<=400.0km=0
  candidates=1 scored=1
  best=smi:org.gfz-potsdam.de/geofon/bsb2005xfb914 dt_s=0.000 dist_km=0.000 picks<=400.0km=0
  candidates=1 scored=1
  best=smi:org.gfz-potsdam.de/geofon/bsb2005xc8bc9 dt_s=0.000 dist_km=0.000 picks<=400.0km=0
  candidates=1 scored=1
  best=smi:org.gfz-potsdam.de/geofon/bsb2005xb8023 dt_s=0.000 dist_km=0.000 picks<=400.0km=0
  candidates=1 scored=1
  best=smi:org.gfz-potsdam.de/geofon/bsb2006x91a39 dt_s=0.000 dist_km=0.000 picks<=400.0km=0
MATCHED: 2006-01-04T22:56:10Z -> data/sisbra_all_w24/20060104T225610_bsb2006x27155_row1920 picks=0
[149/3570] SISBRA 2006-11-26T02:11:57 lat=-22.040 lon=-40.250 mag=3.6 window=+/-120.0s r=1.0deg
  candidates=1 scored=1
  best=smi:org.gfz-potsdam.de/geofon/bsb2005xc0c4b dt_s=0.000 dist_km=0.000 picks<=400.0km=0
MATCHED: 2005-04-02T15:25:17Z -> data/sisbra_all_w24/20050402T152517_bsb2005xfb914_row1900 picks=0
[150/3570] SISBRA 2007-03-12T15:00:00 lat=-19.950 lon=-44.160 mag=2.2 window=+/-120.0s r=1.0deg
MATCHED: 2005-07-10T08:07:03Z -> data/sisbra_all_w24/20050710T080703_bsb2005xc8bc9_row1907 picks=0
[151/3570] SISBRA 2007-03-20T13:38:52.840000 lat=-8.264 lon=-36.161 mag=3.9 window=+/-120.0s r=1.0deg
  candidates=1 scored=1
  best=smi:org.gfz-potsdam.de/geofon/bsb2005xd6d82 dt_s=0.000 dist_km=0.000 picks<=400.0km=0
  candidates=1 scored=1
  best=smi:org.gfz-potsdam.de/geofon/bsb2005xd04e6 dt_s=0.000 dist_km=0.000 picks<=400.0km=0
MATCHED: 2005-03-30T11:41:44Z -> data/sisbra_all_w24/20050330T114144_bsb2005xb8023_row1899 picks=0
[152/3570] SISBRA 2007-03-26T00:44:17 lat=-8.260 lon=-36.160 mag=3.3 window=+/-120.0s r=1.0deg
MATCHED: 2005-09-24T20:38:01Z -> data/sisbra_all_w24/20050924T203801_bsb2005xc0c4b_row1913 picks=0
[153/3570] SISBRA 2007-03-27T19:45:49 lat=-26.660 lon=-46.880 mag=3.5 window=+/-120.0s r=1.0deg
  candidates=1 scored=1
  best=smi:org.gfz-potsdam.de/geofon/bsb2005x4dab1 dt_s=0.000 dist_km=0.000 picks<=400.0km=0
  candidates=1 scored=1
  best=smi:org.gfz-potsdam.de/geofon/bsb2005x07580 dt_s=0.000 dist_km=0.000 picks<=400.0km=0
MATCHED: 2006-01-04T22:54:37Z -> data/sisbra_all_w24/20060104T225437_bsb2006x91a39_row1919 picks=0
[154/3570] SISBRA 2007-03-28T15:04:00 lat=-8.320 lon=-36.360 mag=2.8 window=+/-120.0s r=1.0deg
NO_MATCH: 2006-07-01T14:39:04Z -> data/sisbra_all_w24/20060701T143904_row1938
[155/3570] SISBRA 2007-05-13T13:00:55 lat=-21.060 lon=-48.500 mag=2.2 window=+/-120.0s r=1.0deg
MATCHED: 2005-07-20T16:43:06Z -> data/sisbra_all_w24/20050720T164306_bsb2005x4dab1_row1908 picks=0
[156/3570] SISBRA 2007-05-24T15:30:58 lat=-15.030 lon=-44.300 mag=3.8 window=+/-120.0s r=1.0deg
MATCHED: 2005-07-07T03:47:29Z -> data/sisbra_all_w24/20050707T034729_bsb2005xd6d82_row1906 picks=0
[157/3570] SISBRA 2007-06-25T02:26:38 lat=-5.280 lon=-38.280 mag=2.1 window=+/-120.0s r=1.0deg
  candidates=1 scored=1
  best=smi:org.gfz-potsdam.de/geofon/bsb2006x121f3 dt_s=0.000 dist_km=0.000 picks<=400.0km=0
MATCHED: 2005-04-03T13:44:59Z -> data/sisbra_all_w24/20050403T134459_bsb2005x07580_row1901 picks=0
[158/3570] SISBRA 2007-07-10T09:29:25 lat=-5.280 lon=-38.280 mag=2.3 window=+/-120.0s r=1.0deg
MATCHED: 2005-04-08T23:34:22Z -> data/sisbra_all_w24/20050408T233422_bsb2005xd04e6_row1902 picks=0
[159/3570] SISBRA 2007-07-14T05:33:32 lat=-19.560 lon=-46.290 mag=3.5 window=+/-120.0s r=1.0deg
  candidates=1 scored=1
  best=smi:org.gfz-potsdam.de/geofon/bsb2004xb42bb dt_s=0.000 dist_km=0.000 picks<=400.0km=0
NO_MATCH: 2007-03-12T15:00:00Z -> data/sisbra_all_w24/20070312T150000_row1946
[160/3570] SISBRA 2007-07-27T16:42:04 lat=5.130 lon=-61.400 mag=3.8 window=+/-120.0s r=1.0deg
  candidates=1 scored=1
  best=smi:org.gfz-potsdam.de/geofon/bsb2006x6bbb8 dt_s=0.000 dist_km=0.000 picks<=400.0km=0
  candidates=1 scored=1
  best=smi:org.gfz-potsdam.de/geofon/bsb2006x74fb2 dt_s=0.000 dist_km=0.000 picks<=400.0km=0
  candidates=1 scored=1
  best=smi:org.gfz-potsdam.de/geofon/bsb2006x68105 dt_s=0.000 dist_km=0.000 picks<=400.0km=0
  candidates=1 scored=1
  best=smi:org.gfz-potsdam.de/geofon/bsb2006x89626 dt_s=0.000 dist_km=0.000 picks<=400.0km=0
MATCHED: 2004-09-06T20:13:28Z -> data/sisbra_all_w24/20040906T201328_bsb2004xb42bb_row1889 picks=0
[161/3570] SISBRA 2007-09-05T04:09:08 lat=-24.620 lon=-43.280 mag=2.3 window=+/-120.0s r=1.0deg
NO_MATCH: 2007-05-13T13:00:55Z -> data/sisbra_all_w24/20070513T130055_row1956
[162/3570] SISBRA 2007-09-13T10:40:02 lat=-5.920 lon=-38.050 mag=3.2 window=+/-120.0s r=1.0deg
MATCHED: 2006-04-22T02:29:19Z -> data/sisbra_all_w24/20060422T022919_bsb2006x121f3_row1930 picks=0
[163/3570] SISBRA 2007-10-31T21:15:55 lat=3.500 lon=-48.120 mag=5.1 window=+/-120.0s r=1.0deg
MATCHED: 2006-01-10T19:03:41Z -> data/sisbra_all_w24/20060110T190341_bsb2006x6bbb8_row1922 picks=0
[164/3570] SISBRA 2007-12-09T02:03:28.360000 lat=-15.033 lon=-44.295 mag=4.8 window=+/-120.0s r=1.0deg
  candidates=1 scored=1
  best=smi:org.gfz-potsdam.de/geofon/bsb2006x2786f dt_s=0.000 dist_km=0.000 picks<=400.0km=0
NO_MATCH: 2007-06-25T02:26:38Z -> data/sisbra_all_w24/20070625T022638_row1958
[165/3570] SISBRA 2008-01-16T20:23:45 lat=-22.000 lon=-40.100 mag=2.6 window=+/-120.0s r=1.0deg
NO_MATCH: 2007-05-24T15:30:58Z -> data/sisbra_all_w24/20070524T153058_row1957
[166/3570] SISBRA 2008-02-08T19:05:14 lat=-24.560 lon=-44.890 mag=3.9 window=+/-120.0s r=1.0deg
MATCHED: 2006-04-10T17:11:13Z -> data/sisbra_all_w24/20060410T171113_bsb2006x68105_row1929 picks=0
[167/3570] SISBRA 2008-03-10T18:17:42 lat=-23.720 lon=-46.320 mag=2.1 window=+/-120.0s r=1.0deg
MATCHED: 2006-05-20T04:26:05.600000Z -> data/sisbra_all_w24/20060520T042605_bsb2006x74fb2_row1933 picks=0
[168/3570] SISBRA 2008-03-15T03:32:30 lat=-24.990 lon=-45.370 mag=2.2 window=+/-120.0s r=1.0deg
  candidates=1 scored=1
  best=smi:org.gfz-potsdam.de/geofon/bsb2006x4bce7 dt_s=0.000 dist_km=0.000 picks<=400.0km=0
  candidates=1 scored=1
  best=smi:org.gfz-potsdam.de/geofon/bsb2006x891d3 dt_s=0.000 dist_km=0.000 picks<=400.0km=0
MATCHED: 2006-06-08T16:29:13Z -> data/sisbra_all_w24/20060608T162913_bsb2006x89626_row1934 picks=0
[169/3570] SISBRA 2008-04-08T17:31:13 lat=-23.590 lon=-46.330 mag=2.2 window=+/-120.0s r=1.0deg
  candidates=1 scored=1
  best=smi:org.gfz-potsdam.de/geofon/bsb2006xafc9b dt_s=0.000 dist_km=0.000 picks<=400.0km=0
NO_MATCH: 2007-07-10T09:29:25Z -> data/sisbra_all_w24/20070710T092925_row1959
[170/3570] SISBRA 2008-04-20T06:39:54 lat=-24.800 lon=-40.890 mag=3.6 window=+/-120.0s r=1.0deg
  candidates=1 scored=1
  best=smi:org.gfz-potsdam.de/geofon/bsb2006xc496e dt_s=0.000 dist_km=0.000 picks<=400.0km=0
MATCHED: 2006-02-28T08:18:40Z -> data/sisbra_all_w24/20060228T081840_bsb2006x2786f_row1925 picks=0
[171/3570] SISBRA 2008-04-23T00:00:48 lat=-25.700 lon=-45.410 mag=5.2 window=+/-120.0s r=1.0deg
MATCHED: 2006-03-22T14:03:00Z -> data/sisbra_all_w24/20060322T140300_bsb2006x891d3_row1926 picks=0
[172/3570] SISBRA 2008-04-23T00:16:52 lat=-25.700 lon=-45.410 mag=2.7 window=+/-120.0s r=1.0deg
MATCHED: 2006-05-14T14:07:46Z -> data/sisbra_all_w24/20060514T140746_bsb2006xafc9b_row1931 picks=0
[173/3570] SISBRA 2008-04-23T00:19:42 lat=-25.700 lon=-45.410 mag=2.1 window=+/-120.0s r=1.0deg
MATCHED: 2006-04-04T04:00:57Z -> data/sisbra_all_w24/20060404T040057_bsb2006x4bce7_row1928 picks=0
[174/3570] SISBRA 2008-04-23T00:38:55 lat=-25.700 lon=-45.410 mag=1.8 window=+/-120.0s r=1.0deg
MATCHED: 2006-01-08T01:54:55Z -> data/sisbra_all_w24/20060108T015455_bsb2006xc496e_row1921 picks=0
[175/3570] SISBRA 2008-05-03T09:09:55 lat=-22.480 lon=-39.890 mag=3.4 window=+/-120.0s r=1.0deg
  candidates=1 scored=1
  best=smi:org.gfz-potsdam.de/geofon/bsb2006xbb395 dt_s=0.000 dist_km=0.000 picks<=400.0km=0
  candidates=1 scored=1
  best=smi:org.gfz-potsdam.de/geofon/bsb2006x75834 dt_s=0.000 dist_km=0.000 picks<=400.0km=0
  candidates=1 scored=1
  best=smi:org.gfz-potsdam.de/geofon/bsb2006x75d74 dt_s=0.000 dist_km=0.000 picks<=400.0km=0
  candidates=1 scored=1
  best=smi:org.gfz-potsdam.de/geofon/bsb2007x6002d dt_s=0.000 dist_km=0.000 picks<=400.0km=0
  candidates=1 scored=1
  best=smi:org.gfz-potsdam.de/geofon/bsb2007x650c7 dt_s=0.000 dist_km=0.000 picks<=400.0km=0
MATCHED: 2006-06-17T01:11:57Z -> data/sisbra_all_w24/20060617T011157_bsb2006xbb395_row1936 picks=0
[176/3570] SISBRA 2008-05-13T19:48:12 lat=-23.720 lon=-46.300 mag=2.0 window=+/-120.0s r=1.0deg
MATCHED: 2006-11-26T02:11:57Z -> data/sisbra_all_w24/20061126T021157_bsb2006x75834_row1945 picks=0
[177/3570] SISBRA 2008-05-15T20:07:05 lat=-21.430 lon=-42.640 mag=2.1 window=+/-120.0s r=1.0deg
MATCHED: 2006-11-16T08:08:06Z -> data/sisbra_all_w24/20061116T080806_bsb2006x75d74_row1944 picks=0
[178/3570] SISBRA 2008-05-21T19:23:59.350000 lat=-3.630 lon=-40.510 mag=3.8 window=+/-120.0s r=1.0deg
NO_MATCH: 2008-03-10T18:17:42Z -> data/sisbra_all_w24/20080310T181742_row1982
[179/3570] SISBRA 2008-05-21T19:28:16 lat=-3.630 lon=-40.510 mag=3.9 window=+/-120.0s r=1.0deg
MATCHED: 2007-03-27T19:45:49Z -> data/sisbra_all_w24/20070327T194549_bsb2007x6002d_row1952 picks=0
[180/3570] SISBRA 2008-07-31T03:12:06 lat=-13.730 lon=-44.730 mag=2.9 window=+/-120.0s r=1.0deg
MATCHED: 2007-03-28T15:04:00Z -> data/sisbra_all_w24/20070328T150400_bsb2007x650c7_row1953 picks=0
[181/3570] SISBRA 2008-09-11T12:35:27 lat=-3.630 lon=-40.510 mag=2.4 window=+/-120.0s r=1.0deg
  candidates=1 scored=1
  best=smi:org.gfz-potsdam.de/geofon/bsb2007x6b1d7 dt_s=0.000 dist_km=0.064 picks<=400.0km=0
  candidates=1 scored=1
  best=smi:org.gfz-potsdam.de/geofon/bsb2007x9a840 dt_s=0.000 dist_km=0.000 picks<=400.0km=0
MATCHED: 2007-03-20T13:38:52.840000Z -> data/sisbra_all_w24/20070320T133852_bsb2007x6b1d7_row1948 picks=0
[182/3570] SISBRA 2008-09-15T17:14:43 lat=-3.630 lon=-40.510 mag=2.4 window=+/-120.0s r=1.0deg
MATCHED: 2007-03-26T00:44:17Z -> data/sisbra_all_w24/20070326T004417_bsb2007x9a840_row1951 picks=0
[183/3570] SISBRA 2008-09-19T11:39:50 lat=-3.630 lon=-40.510 mag=2.1 window=+/-120.0s r=1.0deg
NO_MATCH: 2008-03-15T03:32:30Z -> data/sisbra_all_w24/20080315T033230_row1983
[184/3570] SISBRA 2008-09-29T15:19:20 lat=-19.900 lon=-47.330 mag=3.1 window=+/-120.0s r=1.0deg
  candidates=1 scored=1
  best=smi:org.gfz-potsdam.de/geofon/bsb2007x73f06 dt_s=0.000 dist_km=0.000 picks<=400.0km=0
MATCHED: 2007-07-27T16:42:04Z -> data/sisbra_all_w24/20070727T164204_bsb2007x73f06_row1963 picks=0
[185/3570] SISBRA 2008-10-07T21:51:09 lat=-17.170 lon=-56.240 mag=3.4 window=+/-120.0s r=1.0deg
  candidates=1 scored=1
  best=smi:org.gfz-potsdam.de/geofon/bsb2007x14431 dt_s=0.000 dist_km=0.000 picks<=400.0km=0
NO_MATCH: 2008-05-13T19:48:12Z -> data/sisbra_all_w24/20080513T194812_row2001
[186/3570] SISBRA 2008-10-12T19:29:41 lat=-3.630 lon=-40.510 mag=2.4 window=+/-120.0s r=1.0deg
MATCHED: 2007-09-13T10:40:02Z -> data/sisbra_all_w24/20070913T104002_bsb2007x14431_row1966 picks=0
[187/3570] SISBRA 2008-10-26T19:09:42 lat=-3.630 lon=-40.510 mag=2.2 window=+/-120.0s r=1.0deg
NO_MATCH: 2008-05-15T20:07:05Z -> data/sisbra_all_w24/20080515T200705_row2002
[188/3570] SISBRA 2008-11-10T06:56:57 lat=-29.020 lon=-51.060 mag=3.0 window=+/-120.0s r=1.0deg
NO_MATCH: 2008-04-08T17:31:13Z -> data/sisbra_all_w24/20080408T173113_row1992
[189/3570] SISBRA 2008-12-15T20:36:57 lat=-23.630 lon=-45.790 mag=2.1 window=+/-120.0s r=1.0deg
NO_MATCH: 2007-09-05T04:09:08Z -> data/sisbra_all_w24/20070905T040908_row1965
[190/3570] SISBRA 2008-12-19T22:55:20 lat=-31.660 lon=-49.580 mag=3.9 window=+/-120.0s r=1.0deg
  candidates=1 scored=1
  best=smi:org.gfz-potsdam.de/geofon/bsb2008x1016f dt_s=0.000 dist_km=0.000 picks<=400.0km=0
MATCHED: 2008-01-16T20:23:45Z -> data/sisbra_all_w24/20080116T202345_bsb2008x1016f_row1972 picks=0
[191/3570] SISBRA 2009-01-31T02:50:59 lat=-13.730 lon=-44.740 mag=2.6 window=+/-120.0s r=1.0deg
NO_MATCH: 2008-04-23T00:38:55Z -> data/sisbra_all_w24/20080423T003855_row1997
[192/3570] SISBRA 2009-02-23T19:19:41 lat=-24.420 lon=-45.770 mag=2.3 window=+/-120.0s r=1.0deg
NO_MATCH: 2008-04-23T00:19:42Z -> data/sisbra_all_w24/20080423T001942_row1995
[193/3570] SISBRA 2009-03-05T01:10:46 lat=-24.280 lon=-44.590 mag=2.2 window=+/-120.0s r=1.0deg
NO_MATCH: 2008-09-19T11:39:50Z -> data/sisbra_all_w24/20080919T113950_row2010
[194/3570] SISBRA 2009-03-09T14:26:20 lat=-20.560 lon=-44.870 mag=2.8 window=+/-120.0s r=1.0deg
  candidates=1 scored=1
  best=smi:org.gfz-potsdam.de/geofon/bsb2007x3c173 dt_s=0.000 dist_km=0.055 picks<=400.0km=0
MATCHED: 2007-12-09T02:03:28.360000Z -> data/sisbra_all_w24/20071209T020328_bsb2007x3c173_row1970 picks=0
[195/3570] SISBRA 2009-03-09T16:46:49 lat=-24.000 lon=-45.860 mag=2.4 window=+/-120.0s r=1.0deg
NO_MATCH: 2008-10-26T19:09:42Z -> data/sisbra_all_w24/20081026T190942_row2014
[196/3570] SISBRA 2009-03-11T17:59:27 lat=-24.470 lon=-45.920 mag=2.4 window=+/-120.0s r=1.0deg
NO_MATCH: 2008-12-15T20:36:57Z -> data/sisbra_all_w24/20081215T203657_row2016
[197/3570] SISBRA 2009-03-18T16:50:08 lat=-3.630 lon=-40.510 mag=2.5 window=+/-120.0s r=1.0deg
NO_MATCH: 2009-02-23T19:19:41Z -> data/sisbra_all_w24/20090223T191941_row2022
[198/3570] SISBRA 2009-03-29T20:00:00 lat=-19.800 lon=-44.000 mag=2.8 window=+/-120.0s r=1.0deg
NO_MATCH: 2008-09-15T17:14:43Z -> data/sisbra_all_w24/20080915T171443_row2009
[199/3570] SISBRA 2009-03-31T15:43:06 lat=-24.670 lon=-44.960 mag=2.2 window=+/-120.0s r=1.0deg
NO_MATCH: 2008-09-11T12:35:27Z -> data/sisbra_all_w24/20080911T123527_row2008
[200/3570] SISBRA 2009-04-03T03:39:51 lat=-11.650 lon=-48.610 mag=3.2 window=+/-120.0s r=1.0deg
NO_MATCH: 2009-03-05T01:10:46Z -> data/sisbra_all_w24/20090305T011046_row2025
[201/3570] SISBRA 2009-04-17T08:55:33 lat=-3.620 lon=-40.530 mag=2.6 window=+/-120.0s r=1.0deg
  candidates=1 scored=1
  best=smi:org.gfz-potsdam.de/geofon/bsb2008x1ed5f dt_s=0.000 dist_km=0.000 picks<=400.0km=0
MATCHED: 2008-02-08T19:05:14Z -> data/sisbra_all_w24/20080208T190514_bsb2008x1ed5f_row1975 picks=0
[202/3570] SISBRA 2009-04-30T20:21:52 lat=-23.290 lon=-46.280 mag=2.4 window=+/-120.0s r=1.0deg
NO_MATCH: 2008-09-29T15:19:20Z -> data/sisbra_all_w24/20080929T151920_row2011
[203/3570] SISBRA 2009-05-27T19:19:51 lat=-3.620 lon=-40.530 mag=2.2 window=+/-120.0s r=1.0deg
  candidates=1 scored=1
  best=smi:org.gfz-potsdam.de/geofon/bsb2007xc1559 dt_s=0.000 dist_km=0.000 picks<=400.0km=0
  candidates=1 scored=1
  best=smi:org.gfz-potsdam.de/geofon/bsb2008x6ddcd dt_s=0.000 dist_km=0.000 picks<=400.0km=0
NO_MATCH: 2008-10-12T19:29:41Z -> data/sisbra_all_w24/20081012T192941_row2013
[204/3570] SISBRA 2009-05-27T23:30:34 lat=-3.620 lon=-40.530 mag=2.3 window=+/-120.0s r=1.0deg
NO_MATCH: 2009-03-11T17:59:27Z -> data/sisbra_all_w24/20090311T175927_row2028
[205/3570] SISBRA 2009-06-08T17:16:04 lat=-24.740 lon=-48.120 mag=2.9 window=+/-120.0s r=1.0deg
MATCHED: 2007-07-14T05:33:32Z -> data/sisbra_all_w24/20070714T053332_bsb2007xc1559_row1960 picks=0
[206/3570] SISBRA 2009-06-11T06:47:42 lat=-4.190 lon=-38.700 mag=2.6 window=+/-120.0s r=1.0deg
  candidates=1 scored=1
  best=smi:org.gfz-potsdam.de/geofon/bsb2008x194ef dt_s=0.000 dist_km=0.000 picks<=400.0km=0
  candidates=1 scored=1
  best=smi:org.gfz-potsdam.de/geofon/bsb2008x6815b dt_s=0.000 dist_km=0.000 picks<=400.0km=0
NO_MATCH: 2009-03-09T16:46:49Z -> data/sisbra_all_w24/20090309T164649_row2027
[207/3570] SISBRA 2009-06-15T22:15:45 lat=-18.490 lon=-55.800 mag=4.8 window=+/-120.0s r=1.0deg
MATCHED: 2008-05-21T19:23:59.350000Z -> data/sisbra_all_w24/20080521T192359_bsb2008x6ddcd_row2003 picks=0
[208/3570] SISBRA 2009-06-20T14:53:07 lat=-24.720 lon=-45.570 mag=2.2 window=+/-120.0s r=1.0deg
NO_MATCH: 2009-03-31T15:43:06Z -> data/sisbra_all_w24/20090331T154306_row2033
[209/3570] SISBRA 2009-06-21T23:11:00 lat=-27.100 lon=-58.080 mag=2.8 window=+/-120.0s r=1.0deg
MATCHED: 2008-04-23T00:16:52Z -> data/sisbra_all_w24/20080423T001652_bsb2008x194ef_row1996 picks=0
[210/3570] SISBRA 2009-06-30T06:39:56 lat=-11.620 lon=-56.700 mag=3.0 window=+/-120.0s r=1.0deg
MATCHED: 2008-04-23T00:00:48Z -> data/sisbra_all_w24/20080423T000048_bsb2008x6815b_row1994 picks=0
[211/3570] SISBRA 2009-07-01T14:59:52 lat=-24.780 lon=-45.320 mag=2.2 window=+/-120.0s r=1.0deg
  candidates=1 scored=1
  best=smi:org.gfz-potsdam.de/geofon/bsb2008xc5882 dt_s=0.000 dist_km=0.000 picks<=400.0km=0
NO_MATCH: 2009-05-27T19:19:51Z -> data/sisbra_all_w24/20090527T191951_row2039
[212/3570] SISBRA 2009-07-08T16:57:43 lat=-3.630 lon=-40.510 mag=2.4 window=+/-120.0s r=1.0deg
  candidates=1 scored=1
  best=smi:org.gfz-potsdam.de/geofon/bsb2007x4e8d0 dt_s=0.000 dist_km=0.000 picks<=400.0km=0
MATCHED: 2008-05-21T19:28:16Z -> data/sisbra_all_w24/20080521T192816_bsb2008xc5882_row2004 picks=0
[213/3570] SISBRA 2009-07-11T18:30:22 lat=-24.030 lon=-45.900 mag=2.4 window=+/-120.0s r=1.0deg
  candidates=1 scored=1
  best=smi:org.gfz-potsdam.de/geofon/bsb2009xa9a46 dt_s=0.000 dist_km=0.000 picks<=400.0km=0
NO_MATCH: 2009-05-27T23:30:34Z -> data/sisbra_all_w24/20090527T233034_row2040
[214/3570] SISBRA 2009-07-24T06:07:13 lat=-11.620 lon=-56.700 mag=3.1 window=+/-120.0s r=1.0deg
MATCHED: 2007-10-31T21:15:55Z -> data/sisbra_all_w24/20071031T211555_bsb2007x4e8d0_row1968 picks=0
[215/3570] SISBRA 2009-07-31T14:28:57 lat=-3.620 lon=-40.530 mag=2.5 window=+/-120.0s r=1.0deg
MATCHED: 2009-03-09T14:26:20Z -> data/sisbra_all_w24/20090309T142620_bsb2009xa9a46_row2026 picks=0
[216/3570] SISBRA 2009-07-31T20:55:21 lat=-3.620 lon=-40.530 mag=3.4 window=+/-120.0s r=1.0deg
NO_MATCH: 2009-06-20T14:53:07Z -> data/sisbra_all_w24/20090620T145307_row2044
[217/3570] SISBRA 2009-08-01T14:53:29 lat=-21.600 lon=-46.890 mag=2.2 window=+/-120.0s r=1.0deg
  candidates=1 scored=1
  best=smi:org.gfz-potsdam.de/geofon/bsb2008x38f9b dt_s=0.000 dist_km=0.000 picks<=400.0km=0
  candidates=1 scored=1
  best=smi:org.gfz-potsdam.de/geofon/bsb2009x22001 dt_s=0.000 dist_km=0.000 picks<=400.0km=0
  candidates=1 scored=1
  best=smi:org.gfz-potsdam.de/geofon/bsb2008x26792 dt_s=0.000 dist_km=0.000 picks<=400.0km=0
  candidates=1 scored=1
  best=smi:org.gfz-potsdam.de/geofon/bsb2008x7eaca dt_s=0.000 dist_km=0.000 picks<=400.0km=0
MATCHED: 2008-05-03T09:09:55Z -> data/sisbra_all_w24/20080503T090955_bsb2008x38f9b_row1999 picks=0
[218/3570] SISBRA 2009-09-03T15:39:12 lat=-23.910 lon=-45.850 mag=2.4 window=+/-120.0s r=1.0deg
  candidates=1 scored=1
  best=smi:org.gfz-potsdam.de/geofon/bsb2008x29fd8 dt_s=0.000 dist_km=0.000 picks<=400.0km=0
  candidates=1 scored=1
  best=smi:org.gfz-potsdam.de/geofon/bsb2008x42f61 dt_s=0.000 dist_km=0.000 picks<=400.0km=0
NO_MATCH: 2009-04-30T20:21:52Z -> data/sisbra_all_w24/20090430T202152_row2037
[219/3570] SISBRA 2009-09-07T22:14:17 lat=-3.070 lon=-40.730 mag=2.6 window=+/-120.0s r=1.0deg
NO_MATCH: 2009-07-01T14:59:52Z -> data/sisbra_all_w24/20090701T145952_row2047
[220/3570] SISBRA 2009-09-08T07:16:59 lat=-4.620 lon=-38.160 mag=2.6 window=+/-120.0s r=1.0deg
MATCHED: 2009-03-18T16:50:08Z -> data/sisbra_all_w24/20090318T165008_bsb2009x22001_row2029 picks=0
[221/3570] SISBRA 2009-09-09T04:11:46 lat=-1.900 lon=-61.430 mag=4.2 window=+/-120.0s r=1.0deg
NO_MATCH: 2009-07-08T16:57:43Z -> data/sisbra_all_w24/20090708T165743_row2049MATCHED: 2008-10-07T21:51:09Z -> data/sisbra_all_w24/20081007T215109_bsb2008x42f61_row2012 picks=0
[222/3570] SISBRA 2009-09-10T16:59:57 lat=-24.930 lon=-43.850 mag=3.1 window=+/-120.0s r=1.0deg
NO_MATCH: 2009-08-01T14:53:29Z -> data/sisbra_all_w24/20090801T145329_row2057
[223/3570] SISBRA 2009-09-23T05:27:37 lat=-15.060 lon=-44.260 mag=2.8 window=+/-120.0s r=1.0deg

[224/3570] SISBRA 2009-10-07T10:12:11 lat=-15.060 lon=-44.260 mag=2.5 window=+/-120.0s r=1.0deg
MATCHED: 2008-11-10T06:56:57Z -> data/sisbra_all_w24/20081110T065657_bsb2008x26792_row2015 picks=0
[225/3570] SISBRA 2009-10-09T09:40:16 lat=-11.620 lon=-56.700 mag=2.6 window=+/-120.0s r=1.0deg
MATCHED: 2008-04-20T06:39:54Z -> data/sisbra_all_w24/20080420T063954_bsb2008x7eaca_row1993 picks=0
[226/3570] SISBRA 2009-10-23T08:13:51 lat=-24.170 lon=-43.200 mag=3.0 window=+/-120.0s r=1.0deg
NO_MATCH: 2009-07-11T18:30:22Z -> data/sisbra_all_w24/20090711T183022_row2051
[227/3570] SISBRA 2009-10-27T00:45:27 lat=-3.760 lon=-40.330 mag=2.6 window=+/-120.0s r=1.0deg
  candidates=1 scored=1
  best=smi:org.gfz-potsdam.de/geofon/bsb2009xcb899 dt_s=0.000 dist_km=0.000 picks<=400.0km=0
MATCHED: 2008-07-31T03:12:06Z -> data/sisbra_all_w24/20080731T031206_bsb2008x29fd8_row2007 picks=0
[228/3570] SISBRA 2009-10-31T17:41:44 lat=-24.060 lon=-46.040 mag=2.4 window=+/-120.0s r=1.0deg
  candidates=1 scored=1
  best=smi:org.gfz-potsdam.de/geofon/bsb2009x0f912 dt_s=0.000 dist_km=0.000 picks<=400.0km=0
  candidates=1 scored=1
  best=smi:org.gfz-potsdam.de/geofon/bsb2009x260bf dt_s=0.000 dist_km=0.000 picks<=400.0km=0
MATCHED: 2009-03-29T20:00:00Z -> data/sisbra_all_w24/20090329T200000_bsb2009xcb899_row2032 picks=0
[229/3570] SISBRA 2009-11-03T23:17:08 lat=-21.670 lon=-50.170 mag=2.1 window=+/-120.0s r=1.0deg
  candidates=1 scored=1
  best=smi:org.gfz-potsdam.de/geofon/bsb2009x3050f dt_s=0.000 dist_km=0.000 picks<=400.0km=0
  candidates=1 scored=1
  best=smi:org.gfz-potsdam.de/geofon/bsb2008x793d8 dt_s=0.000 dist_km=0.000 picks<=400.0km=0
MATCHED: 2009-06-15T22:15:45Z -> data/sisbra_all_w24/20090615T221545_bsb2009x0f912_row2043 picks=0
[230/3570] SISBRA 2009-11-05T18:56:19 lat=-24.180 lon=-45.980 mag=2.4 window=+/-120.0s r=1.0deg
NO_MATCH: 2009-09-03T15:39:12Z -> data/sisbra_all_w24/20090903T153912_row2062
[231/3570] SISBRA 2009-11-10T17:40:52 lat=-27.500 lon=-56.700 mag=3.5 window=+/-120.0s r=1.0deg
MATCHED: 2009-06-11T06:47:42Z -> data/sisbra_all_w24/20090611T064742_bsb2009x260bf_row2042 picks=0
[232/3570] SISBRA 2009-11-23T16:40:51 lat=-24.120 lon=-45.830 mag=2.4 window=+/-120.0s r=1.0deg
MATCHED: 2009-06-30T06:39:56Z -> data/sisbra_all_w24/20090630T063956_bsb2009x3050f_row2046 picks=0
[233/3570] SISBRA 2009-11-25T14:22:03 lat=-24.340 lon=-43.320 mag=2.5 window=+/-120.0s r=1.0deg
MATCHED: 2008-12-19T22:55:20Z -> data/sisbra_all_w24/20081219T225520_bsb2008x793d8_row2018 picks=0
[234/3570] SISBRA 2009-11-26T22:55:45 lat=0.760 lon=-43.000 mag=4.0 window=+/-120.0s r=1.0deg
  candidates=1 scored=1
  best=smi:org.gfz-potsdam.de/geofon/bsb2009x954de dt_s=0.000 dist_km=0.000 picks<=400.0km=0
  candidates=1 scored=1
  best=smi:org.gfz-potsdam.de/geofon/bsb2009x10055 dt_s=0.000 dist_km=0.000 picks<=400.0km=0
  candidates=1 scored=1
  best=smi:org.gfz-potsdam.de/geofon/bsb2009xbe2be dt_s=0.000 dist_km=0.000 picks<=400.0km=0
MATCHED: 2009-06-08T17:16:04Z -> data/sisbra_all_w24/20090608T171604_bsb2009x954de_row2041 picks=0
[235/3570] SISBRA 2009-11-29T22:05:15 lat=-26.160 lon=-57.630 mag=4.5 window=+/-120.0s r=1.0deg
NO_MATCH: 2009-10-31T17:41:44Z -> data/sisbra_all_w24/20091031T174144_row2073
[236/3570] SISBRA 2009-12-02T02:39:31 lat=-10.370 lon=-52.710 mag=3.5 window=+/-120.0s r=1.0deg
MATCHED: 2009-07-31T14:28:57Z -> data/sisbra_all_w24/20090731T142857_bsb2009x10055_row2055 picks=0
[237/3570] SISBRA 2009-12-19T17:48:28 lat=-24.230 lon=-46.150 mag=2.7 window=+/-120.0s r=1.0deg
MATCHED: 2009-01-31T02:50:59Z -> data/sisbra_all_w24/20090131T025059_bsb2009xbe2be_row2020 picks=0
[238/3570] SISBRA 2009-12-29T18:54:53 lat=-24.270 lon=-46.120 mag=2.7 window=+/-120.0s r=1.0deg
  candidates=1 scored=1
  best=smi:org.gfz-potsdam.de/geofon/bsb2009x7cb89 dt_s=0.000 dist_km=0.000 picks<=400.0km=0
  candidates=1 scored=1
  best=smi:org.gfz-potsdam.de/geofon/bsb2009x713a3 dt_s=0.000 dist_km=0.000 picks<=400.0km=0
NO_MATCH: 2009-11-23T16:40:51Z -> data/sisbra_all_w24/20091123T164051_row2077
[239/3570] SISBRA 2009-12-30T16:41:33 lat=-2.330 lon=-59.760 mag=3.0 window=+/-120.0s r=1.0deg
NO_MATCH: 2009-11-05T18:56:19Z -> data/sisbra_all_w24/20091105T185619_row2075
[240/3570] SISBRA 2010-01-02T03:28:42 lat=-3.550 lon=-40.650 mag=2.7 window=+/-120.0s r=1.0deg
  candidates=1 scored=1
  best=smi:org.gfz-potsdam.de/geofon/bsb2009x28937 dt_s=0.000 dist_km=0.000 picks<=400.0km=0
NO_MATCH: 2009-11-03T23:17:08Z -> data/sisbra_all_w24/20091103T231708_row2074
[241/3570] SISBRA 2010-01-09T18:18:39 lat=-5.550 lon=-35.660 mag=3.5 window=+/-120.0s r=1.0deg
  candidates=1 scored=1
  best=smi:org.gfz-potsdam.de/geofon/bsb2009xe1ad0 dt_s=0.000 dist_km=0.000 picks<=400.0km=0
MATCHED: 2009-07-31T20:55:21Z -> data/sisbra_all_w24/20090731T205521_bsb2009x7cb89_row2056 picks=0
[242/3570] SISBRA 2010-01-11T15:54:30 lat=-5.550 lon=-35.660 mag=4.3 window=+/-120.0s r=1.0deg
  candidates=1 scored=1
  best=smi:org.gfz-potsdam.de/geofon/bsb2009xd06e7 dt_s=0.000 dist_km=0.000 picks<=400.0km=0
  candidates=1 scored=1
  best=smi:org.gfz-potsdam.de/geofon/bsb2009xd685f dt_s=0.000 dist_km=0.000 picks<=400.0km=0
MATCHED: 2009-04-03T03:39:51Z -> data/sisbra_all_w24/20090403T033951_bsb2009x713a3_row2034 picks=0
[243/3570] SISBRA 2010-01-13T02:06:52 lat=-11.620 lon=-56.700 mag=2.9 window=+/-120.0s r=1.0deg
  candidates=1 scored=1
  best=smi:org.gfz-potsdam.de/geofon/bsb2009x7ea58 dt_s=0.000 dist_km=0.000 picks<=400.0km=0
MATCHED: 2009-04-17T08:55:33Z -> data/sisbra_all_w24/20090417T085533_bsb2009xe1ad0_row2035 picks=0
[244/3570] SISBRA 2010-01-17T22:38:15 lat=-11.620 lon=-56.700 mag=2.6 window=+/-120.0s r=1.0deg
MATCHED: 2009-07-24T06:07:13Z -> data/sisbra_all_w24/20090724T060713_bsb2009x28937_row2054 picks=0
[245/3570] SISBRA 2010-01-22T07:48:08 lat=-14.400 lon=-47.810 mag=3.2 window=+/-120.0s r=1.0deg
MATCHED: 2009-06-21T23:11:00Z -> data/sisbra_all_w24/20090621T231100_bsb2009xd685f_row2045 picks=0
[246/3570] SISBRA 2010-01-25T02:17:17 lat=-16.220 lon=-44.910 mag=3.3 window=+/-120.0s r=1.0deg
MATCHED: 2009-09-08T07:16:59Z -> data/sisbra_all_w24/20090908T071659_bsb2009xd06e7_row2065 picks=0
[247/3570] SISBRA 2010-01-28T03:45:29 lat=-19.500 lon=-43.950 mag=3.6 window=+/-120.0s r=1.0deg
MATCHED: 2009-09-23T05:27:37Z -> data/sisbra_all_w24/20090923T052737_bsb2009x7ea58_row2068 picks=0
[248/3570] SISBRA 2010-02-15T18:50:38 lat=-24.340 lon=-45.820 mag=2.4 window=+/-120.0s r=1.0deg
  candidates=1 scored=1
  best=smi:org.gfz-potsdam.de/geofon/bsb2009x579ee dt_s=0.000 dist_km=0.000 picks<=400.0km=0
  candidates=1 scored=1
  best=smi:org.gfz-potsdam.de/geofon/bsb2009xed49d dt_s=0.000 dist_km=0.000 picks<=400.0km=0
  candidates=1 scored=1
  best=smi:org.gfz-potsdam.de/geofon/bsb2009xe3e47 dt_s=0.000 dist_km=0.000 picks<=400.0km=0
  candidates=1 scored=1
  best=smi:org.gfz-potsdam.de/geofon/bsb2009xc7bc8 dt_s=0.000 dist_km=0.000 picks<=400.0km=0
MATCHED: 2009-10-27T00:45:27Z -> data/sisbra_all_w24/20091027T004527_bsb2009x579ee_row2072 picks=0
[249/3570] SISBRA 2010-02-22T07:46:34 lat=-21.410 lon=-48.500 mag=0.8 window=+/-120.0s r=1.0deg
MATCHED: 2009-09-10T16:59:57Z -> data/sisbra_all_w24/20090910T165957_bsb2009xc7bc8_row2067 picks=0
[250/3570] SISBRA 2010-02-24T01:04:13 lat=-11.620 lon=-56.700 mag=2.8 window=+/-120.0s r=1.0deg
MATCHED: 2009-10-07T10:12:11Z -> data/sisbra_all_w24/20091007T101211_bsb2009xed49d_row2069 picks=0
[251/3570] SISBRA 2010-02-27T09:35:05 lat=-11.620 lon=-56.700 mag=3.5 window=+/-120.0s r=1.0deg
MATCHED: 2009-10-23T08:13:51Z -> data/sisbra_all_w24/20091023T081351_bsb2009xe3e47_row2071 picks=0
[252/3570] SISBRA 2010-03-02T01:46:37 lat=-11.620 lon=-56.700 mag=2.5 window=+/-120.0s r=1.0deg
NO_MATCH: 2010-02-15T18:50:38Z -> data/sisbra_all_w24/20100215T185038_row2097
[253/3570] SISBRA 2010-03-04T19:51:48 lat=-24.310 lon=-45.820 mag=2.4 window=+/-120.0s r=1.0deg
  candidates=1 scored=1  candidates=1 scored=1
  best=smi:org.gfz-potsdam.de/geofon/bsb2009xb70b8 dt_s=0.000 dist_km=0.000 picks<=400.0km=0

  best=smi:org.gfz-potsdam.de/geofon/bsb2009x4e433 dt_s=0.000 dist_km=0.000 picks<=400.0km=0
  candidates=1 scored=1
  best=smi:org.gfz-potsdam.de/geofon/bsb2009xdb1c1 dt_s=0.000 dist_km=0.000 picks<=400.0km=0
  candidates=1 scored=1
  best=smi:org.gfz-potsdam.de/geofon/bsb2009xb94ec dt_s=0.000 dist_km=0.000 picks<=400.0km=0
  candidates=1 scored=1
  best=smi:org.gfz-potsdam.de/geofon/bsb2009xcecfd dt_s=0.000 dist_km=0.000 picks<=400.0km=0
  candidates=1 scored=1
  best=smi:org.gfz-potsdam.de/geofon/bsb2010x7fa41 dt_s=0.000 dist_km=0.000 picks<=400.0km=0
  candidates=1 scored=1
  best=smi:org.gfz-potsdam.de/geofon/bsb2009xb7703 dt_s=0.000 dist_km=0.000 picks<=400.0km=0
  candidates=1 scored=1
  best=smi:org.gfz-potsdam.de/geofon/bsb2009x9675c dt_s=0.000 dist_km=0.000 picks<=400.0km=0
  candidates=1 scored=1
  best=smi:org.gfz-potsdam.de/geofon/bsb2009x92958 dt_s=0.000 dist_km=0.000 picks<=400.0km=0
NO_MATCH: 2010-02-22T07:46:34Z -> data/sisbra_all_w24/20100222T074634_row2098
[254/3570] SISBRA 2010-03-06T14:34:34 lat=-24.450 lon=-45.720 mag=2.2 window=+/-120.0s r=1.0deg
NO_MATCH: 2010-03-04T19:51:48Z -> data/sisbra_all_w24/20100304T195148_row2107
[255/3570] SISBRA 2010-03-11T02:57:09 lat=-8.300 lon=-36.150 mag=2.7 window=+/-120.0s r=1.0deg
MATCHED: 2009-09-07T22:14:17Z -> data/sisbra_all_w24/20090907T221417_bsb2009xb70b8_row2064 picks=0
[256/3570] SISBRA 2010-03-18T20:21:31 lat=-23.430 lon=-45.930 mag=2.0 window=+/-120.0s r=1.0deg
MATCHED: 2009-11-25T14:22:03Z -> data/sisbra_all_w24/20091125T142203_bsb2009x4e433_row2079 picks=0
[257/3570] SISBRA 2010-03-20T19:04:23 lat=-24.010 lon=-46.080 mag=2.2 window=+/-120.0s r=1.0deg
MATCHED: 2009-12-19T17:48:28Z -> data/sisbra_all_w24/20091219T174828_bsb2009xdb1c1_row2083 picks=0
[258/3570] SISBRA 2010-03-22T13:57:50 lat=-24.660 lon=-45.270 mag=2.1 window=+/-120.0s r=1.0deg
MATCHED: 2009-11-26T22:55:45Z -> data/sisbra_all_w24/20091126T225545_bsb2009xb94ec_row2080 picks=0
[259/3570] SISBRA 2010-03-25T10:39:00 lat=-5.970 lon=-36.790 mag=2.9 window=+/-120.0s r=1.0deg
  candidates=1 scored=1
  best=smi:org.gfz-potsdam.de/geofon/bsb2010xf836e dt_s=0.000 dist_km=0.000 picks<=400.0km=0
MATCHED: 2009-09-09T04:11:46Z -> data/sisbra_all_w24/20090909T041146_bsb2009x9675c_row2066 picks=0
[260/3570] SISBRA 2010-03-29T03:11:18 lat=-26.470 lon=-49.080 mag=1.2 window=+/-120.0s r=1.0deg
MATCHED: 2009-11-29T22:05:15Z -> data/sisbra_all_w24/20091129T220515_bsb2009xcecfd_row2081 picks=0
[261/3570] SISBRA 2010-03-29T04:24:22 lat=-26.490 lon=-49.170 mag=1.8 window=+/-120.0s r=1.0deg
MATCHED: 2010-01-02T03:28:42Z -> data/sisbra_all_w24/20100102T032842_bsb2010x7fa41_row2087 picks=0
[262/3570] SISBRA 2010-03-29T23:05:38 lat=-26.530 lon=-49.010 mag=0.9 window=+/-120.0s r=1.0deg
MATCHED: 2009-12-30T16:41:33Z -> data/sisbra_all_w24/20091230T164133_bsb2009xb7703_row2086 picks=0
[263/3570] SISBRA 2010-04-02T22:00:50 lat=-26.460 lon=-49.230 mag=1.0 window=+/-120.0s r=1.0deg
MATCHED: 2009-10-09T09:40:16Z -> data/sisbra_all_w24/20091009T094016_bsb2009x92958_row2070 picks=0
[264/3570] SISBRA 2010-04-11T23:40:09 lat=-11.620 lon=-56.700 mag=2.6 window=+/-120.0s r=1.0deg
  candidates=1 scored=1
  best=smi:org.gfz-potsdam.de/geofon/bsb2010x940e0 dt_s=0.000 dist_km=0.000 picks<=400.0km=0
  candidates=1 scored=1
  best=smi:org.gfz-potsdam.de/geofon/bsb2010x76505 dt_s=0.000 dist_km=0.000 picks<=400.0km=0
  candidates=1 scored=1
  best=smi:org.gfz-potsdam.de/geofon/bsb2010x95386 dt_s=0.000 dist_km=0.000 picks<=400.0km=0
MATCHED: 2010-01-22T07:48:08Z -> data/sisbra_all_w24/20100122T074808_bsb2010x940e0_row2092 picks=0
[265/3570] SISBRA 2010-04-14T13:26:18 lat=-19.700 lon=-43.960 mag=2.2 window=+/-120.0s r=1.0deg
NO_MATCH: 2010-03-06T14:34:34Z -> data/sisbra_all_w24/20100306T143434_row2108
[266/3570] SISBRA 2010-04-18T23:41:00 lat=-8.570 lon=-35.910 mag=2.8 window=+/-120.0s r=1.0deg
MATCHED: 2010-01-11T15:54:30Z -> data/sisbra_all_w24/20100111T155430_bsb2010xf836e_row2089 picks=0
[267/3570] SISBRA 2010-04-19T15:05:24 lat=-27.030 lon=-44.780 mag=2.9 window=+/-120.0s r=1.0deg
  candidates=1 scored=1
  best=smi:org.gfz-potsdam.de/geofon/bsb2009x3e50d dt_s=0.000 dist_km=0.000 picks<=400.0km=0
  candidates=1 scored=1
  best=smi:org.gfz-potsdam.de/geofon/bsb2010x83787 dt_s=0.000 dist_km=0.000 picks<=400.0km=0
MATCHED: 2010-01-13T02:06:52Z -> data/sisbra_all_w24/20100113T020652_bsb2010x76505_row2090 picks=0
[268/3570] SISBRA 2010-04-24T15:44:39 lat=-25.180 lon=-44.930 mag=2.4 window=+/-120.0s r=1.0deg
  candidates=1 scored=1
  best=smi:org.gfz-potsdam.de/geofon/bsb2010x380fc dt_s=0.000 dist_km=0.000 picks<=400.0km=0
  candidates=1 scored=1
  best=smi:org.gfz-potsdam.de/geofon/bsb2010xe5a1b dt_s=0.000 dist_km=0.000 picks<=400.0km=0
NO_MATCH: 2010-03-29T04:24:22Z -> data/sisbra_all_w24/20100329T042422_row2121
[269/3570] SISBRA 2010-04-25T23:09:50 lat=-6.820 lon=-72.980 mag=4.9 window=+/-120.0s r=1.0deg
NO_MATCH: 2010-03-20T19:04:23Z -> data/sisbra_all_w24/20100320T190423_row2115
[270/3570] SISBRA 2010-04-26T10:33:56 lat=-3.450 lon=-44.770 mag=2.6 window=+/-120.0s r=1.0deg
NO_MATCH: 2010-03-29T03:11:18Z -> data/sisbra_all_w24/20100329T031118_row2120
[271/3570] SISBRA 2010-05-05T05:17:12 lat=-21.190 lon=-43.980 mag=2.9 window=+/-120.0s r=1.0deg
MATCHED: 2009-12-02T02:39:31Z -> data/sisbra_all_w24/20091202T023931_bsb2009x3e50d_row2082 picks=0
[272/3570] SISBRA 2010-05-06T08:09:31 lat=-24.100 lon=-44.760 mag=2.0 window=+/-120.0s r=1.0deg
MATCHED: 2010-01-17T22:38:15Z -> data/sisbra_all_w24/20100117T223815_bsb2010x95386_row2091 picks=0
[273/3570] SISBRA 2010-05-19T00:54:48 lat=-22.970 lon=-44.090 mag=2.1 window=+/-120.0s r=1.0deg
NO_MATCH: 2010-03-22T13:57:50Z -> data/sisbra_all_w24/20100322T135750_row2116
[274/3570] SISBRA 2010-05-24T16:18:29 lat=-8.070 lon=-71.570 mag=6.5 window=+/-120.0s r=1.0deg
NO_MATCH: 2010-04-02T22:00:50Z -> data/sisbra_all_w24/20100402T220050_row2123
[275/3570] SISBRA 2010-05-25T19:26:34 lat=-21.770 lon=-43.450 mag=2.0 window=+/-120.0s r=1.0deg
MATCHED: 2010-03-02T01:46:37Z -> data/sisbra_all_w24/20100302T014637_bsb2010x380fc_row2102 picks=0
[276/3570] SISBRA 2010-05-31T02:33:11 lat=-23.480 lon=-45.800 mag=2.3 window=+/-120.0s r=1.0deg
MATCHED: 2010-02-24T01:04:13Z -> data/sisbra_all_w24/20100224T010413_bsb2010xe5a1b_row2099 picks=0
[277/3570] SISBRA 2010-06-01T06:58:47 lat=-13.200 lon=-39.500 mag=3.2 window=+/-120.0s r=1.0deg
NO_MATCH: 2010-03-29T23:05:38Z -> data/sisbra_all_w24/20100329T230538_row2122
[278/3570] SISBRA 2010-06-03T11:22:37 lat=-19.560 lon=-44.060 mag=2.9 window=+/-120.0s r=1.0deg
MATCHED: 2010-01-28T03:45:29Z -> data/sisbra_all_w24/20100128T034529_bsb2010x83787_row2094 picks=0
[279/3570] SISBRA 2010-07-01T16:44:19 lat=-22.430 lon=-40.650 mag=3.8 window=+/-120.0s r=1.0deg
  candidates=1 scored=1
  best=smi:org.gfz-potsdam.de/geofon/bsb2010x1752b dt_s=0.000 dist_km=0.000 picks<=400.0km=0
  candidates=1 scored=1
  best=smi:org.gfz-potsdam.de/geofon/bsb2010x355be dt_s=0.000 dist_km=0.000 picks<=400.0km=0
  candidates=1 scored=1
  best=smi:org.gfz-potsdam.de/geofon/bsb2010x401e4 dt_s=0.000 dist_km=0.000 picks<=400.0km=0
  candidates=1 scored=1
  best=smi:org.gfz-potsdam.de/geofon/bsb2009x7aec4 dt_s=0.000 dist_km=0.000 picks<=400.0km=0
MATCHED: 2010-02-27T09:35:05Z -> data/sisbra_all_w24/20100227T093505_bsb2010x355be_row2100 picks=0
[280/3570] SISBRA 2010-08-21T12:57:05 lat=-21.750 lon=-50.010 mag=3.0 window=+/-120.0s r=1.0deg
MATCHED: 2010-01-09T18:18:39Z -> data/sisbra_all_w24/20100109T181839_bsb2010x1752b_row2088 picks=0
[281/3570] SISBRA 2010-08-31T19:12:16 lat=-21.820 lon=-43.410 mag=2.0 window=+/-120.0s r=1.0deg
  candidates=1 scored=1
  best=smi:org.gfz-potsdam.de/geofon/bsb2009x565ea dt_s=0.000 dist_km=0.000 picks<=400.0km=0
MATCHED: 2010-01-25T02:17:17Z -> data/sisbra_all_w24/20100125T021717_bsb2010x401e4_row2093 picks=0
[282/3570] SISBRA 2010-09-29T17:34:46 lat=-16.730 lon=-43.860 mag=2.4 window=+/-120.0s r=1.0deg
MATCHED: 2009-12-29T18:54:53Z -> data/sisbra_all_w24/20091229T185453_bsb2009x7aec4_row2085 picks=0
[283/3570] SISBRA 2010-09-29T19:54:43 lat=-16.730 lon=-43.860 mag=2.8 window=+/-120.0s r=1.0deg
MATCHED: 2009-11-10T17:40:52Z -> data/sisbra_all_w24/20091110T174052_bsb2009x565ea_row2076 picks=0
[284/3570] SISBRA 2010-10-04T19:07:01 lat=-13.720 lon=-49.160 mag=3.6 window=+/-120.0s r=1.0deg
  candidates=1 scored=1
  best=smi:org.gfz-potsdam.de/geofon/bsb2010x366d7 dt_s=0.000 dist_km=0.000 picks<=400.0km=0
  candidates=1 scored=1
  best=smi:org.gfz-potsdam.de/geofon/bsb2010x153e7 dt_s=0.000 dist_km=0.000 picks<=400.0km=0
MATCHED: 2010-03-25T10:39:00Z -> data/sisbra_all_w24/20100325T103900_bsb2010x366d7_row2117 picks=0
[285/3570] SISBRA 2010-10-08T20:16:54.790000 lat=-13.771 lon=-49.160 mag=5.0 window=+/-120.0s r=1.0deg
MATCHED: 2010-03-11T02:57:09Z -> data/sisbra_all_w24/20100311T025709_bsb2010x153e7_row2111 picks=0
[286/3570] SISBRA 2010-10-08T20:25:18 lat=-13.770 lon=-49.160 mag=4.2 window=+/-120.0s r=1.0deg
NO_MATCH: 2010-04-24T15:44:39Z -> data/sisbra_all_w24/20100424T154439_row2136
[287/3570] SISBRA 2010-10-14T03:51:31 lat=-24.380 lon=-45.080 mag=2.3 window=+/-120.0s r=1.0deg
NO_MATCH: 2010-05-31T02:33:11Z -> data/sisbra_all_w24/20100531T023311_row2149
[288/3570] SISBRA 2010-10-24T19:01:40 lat=-25.460 lon=-47.600 mag=2.8 window=+/-120.0s r=1.0deg
NO_MATCH: 2010-05-06T08:09:31Z -> data/sisbra_all_w24/20100506T080931_row2141
[289/3570] SISBRA 2010-10-26T05:34:18 lat=-13.790 lon=-49.990 mag=3.5 window=+/-120.0s r=1.0deg
NO_MATCH: 2010-05-19T00:54:48Z -> data/sisbra_all_w24/20100519T005448_row2142
[290/3570] SISBRA 2010-11-05T14:49:59 lat=-24.470 lon=-45.250 mag=2.1 window=+/-120.0s r=1.0deg
NO_MATCH: 2010-09-29T17:34:46Z -> data/sisbra_all_w24/20100929T173446_row2159
[291/3570] SISBRA 2010-11-09T14:50:57 lat=-21.480 lon=-43.580 mag=2.2 window=+/-120.0s r=1.0deg
  candidates=1 scored=1
  best=smi:org.gfz-potsdam.de/geofon/bsb2010x51a7c dt_s=0.000 dist_km=0.000 picks<=400.0km=0
MATCHED: 2010-09-29T19:54:43Z -> data/sisbra_all_w24/20100929T195443_bsb2010x51a7c_row2160 picks=0
[292/3570] SISBRA 2010-11-28T10:21:20 lat=-7.470 lon=-50.400 mag=4.2 window=+/-120.0s r=1.0deg
NO_MATCH: 2010-04-14T13:26:18Z -> data/sisbra_all_w24/20100414T132618_row2129
[293/3570] SISBRA 2010-12-09T21:29:14 lat=-13.400 lon=-46.320 mag=3.7 window=+/-120.0s r=1.0deg
  candidates=1 scored=1
  best=smi:org.gfz-potsdam.de/geofon/bsb2010x63f5b dt_s=0.000 dist_km=0.000 picks<=400.0km=0
NO_MATCH: 2010-10-14T03:51:31Z -> data/sisbra_all_w24/20101014T035131_row2164
[294/3570] SISBRA 2010-12-17T22:14:27 lat=-8.480 lon=-71.440 mag=5.0 window=+/-120.0s r=1.0deg
MATCHED: 2010-04-19T15:05:24Z -> data/sisbra_all_w24/20100419T150524_bsb2010x63f5b_row2134 picks=0
[295/3570] SISBRA 2011-01-06T19:30:08 lat=-22.960 lon=-44.550 mag=2.0 window=+/-120.0s r=1.0deg
  candidates=1 scored=1
  best=smi:org.gfz-potsdam.de/geofon/bsb2010x659f0 dt_s=0.000 dist_km=0.000 picks<=400.0km=0
NO_MATCH: 2010-03-18T20:21:31Z -> data/sisbra_all_w24/20100318T202131_row2114
[296/3570] SISBRA 2011-01-08T11:49:23 lat=-13.580 lon=-48.890 mag=4.1 window=+/-120.0s r=1.0deg
MATCHED: 2010-06-03T11:22:37Z -> data/sisbra_all_w24/20100603T112237_bsb2010x659f0_row2151 picks=0
[297/3570] SISBRA 2011-01-08T11:56:48 lat=-13.580 lon=-48.920 mag=2.0 window=+/-120.0s r=1.0deg
  candidates=1 scored=1
  best=smi:org.gfz-potsdam.de/geofon/bsb2010xdea70 dt_s=0.000 dist_km=0.000 picks<=400.0km=0
MATCHED: 2010-04-11T23:40:09Z -> data/sisbra_all_w24/20100411T234009_bsb2010xdea70_row2128 picks=0
[298/3570] SISBRA 2011-01-08T23:51:26 lat=-13.780 lon=-49.170 mag=2.2 window=+/-120.0s r=1.0deg
NO_MATCH: 2010-08-31T19:12:16Z -> data/sisbra_all_w24/20100831T191216_row2157
[299/3570] SISBRA 2011-02-03T18:26:44 lat=-22.130 lon=-43.120 mag=2.0 window=+/-120.0s r=1.0deg
  candidates=1 scored=1
  best=smi:org.gfz-potsdam.de/geofon/bsb2010x50eea dt_s=0.000 dist_km=0.000 picks<=400.0km=0
MATCHED: 2010-10-24T19:01:40Z -> data/sisbra_all_w24/20101024T190140_bsb2010x50eea_row2166 picks=0
[300/3570] SISBRA 2011-02-03T19:43:39 lat=-21.890 lon=-41.420 mag=2.5 window=+/-120.0s r=1.0deg
NO_MATCH: 2010-11-09T14:50:57Z -> data/sisbra_all_w24/20101109T145057_row2171
[301/3570] SISBRA 2011-02-20T14:06:32 lat=-24.780 lon=-45.030 mag=2.4 window=+/-120.0s r=1.0deg
  candidates=1 scored=1
  best=smi:org.gfz-potsdam.de/geofon/bsb2010x8a09a dt_s=0.000 dist_km=0.000 picks<=400.0km=0
MATCHED: 2010-04-18T23:41:00Z -> data/sisbra_all_w24/20100418T234100_bsb2010x8a09a_row2131 picks=0
[302/3570] SISBRA 2011-02-26T22:51:52.100000 lat=-13.757 lon=-49.156 mag=3.4 window=+/-120.0s r=1.0deg
NO_MATCH: 2010-05-24T16:18:29Z -> data/sisbra_all_w24/20100524T161829_row2143
[303/3570] SISBRA 2011-03-02T19:16:56 lat=-11.810 lon=-47.920 mag=2.2 window=+/-120.0s r=1.0deg
NO_MATCH: 2011-01-08T23:51:26Z -> data/sisbra_all_w24/20110108T235126_row2188
[304/3570] SISBRA 2011-03-04T06:59:41.400000 lat=-13.755 lon=-49.157 mag=3.6 window=+/-120.0s r=1.0deg
NO_MATCH: 2011-02-03T18:26:44Z -> data/sisbra_all_w24/20110203T182644_row2192
[305/3570] SISBRA 2011-03-04T07:02:07 lat=-13.780 lon=-49.210 mag=2.8 window=+/-120.0s r=1.0deg
  candidates=1 scored=1
  best=smi:org.gfz-potsdam.de/geofon/bsb2010xcc79c dt_s=0.000 dist_km=0.000 picks<=400.0km=0
  candidates=1 scored=1
  best=smi:org.gfz-potsdam.de/geofon/bsb2010x05cfd dt_s=0.000 dist_km=0.000 picks<=400.0km=0
NO_MATCH: 2010-04-26T10:33:56Z -> data/sisbra_all_w24/20100426T103356_row2139
[306/3570] SISBRA 2011-03-04T07:05:35 lat=-13.780 lon=-49.210 mag=3.1 window=+/-120.0s r=1.0deg
NO_MATCH: 2010-05-25T19:26:34Z -> data/sisbra_all_w24/20100525T192634_row2144
[307/3570] SISBRA 2011-03-05T23:28:45.400000 lat=-16.701 lon=-43.883 mag=3.3 window=+/-120.0s r=1.0deg
MATCHED: 2010-07-01T16:44:19Z -> data/sisbra_all_w24/20100701T164419_bsb2010x05cfd_row2154 picks=0
[308/3570] SISBRA 2011-03-09T12:02:55 lat=-15.730 lon=-51.100 mag=3.6 window=+/-120.0s r=1.0deg
NO_MATCH: 2011-02-20T14:06:32Z -> data/sisbra_all_w24/20110220T140632_row2195
[309/3570] SISBRA 2011-03-30T21:40:15 lat=-13.780 lon=-49.150 mag=1.4 window=+/-120.0s r=1.0deg
MATCHED: 2010-05-05T05:17:12Z -> data/sisbra_all_w24/20100505T051712_bsb2010xcc79c_row2140 picks=0
[310/3570] SISBRA 2011-04-03T08:48:26 lat=-21.120 lon=-44.930 mag=1.9 window=+/-120.0s r=1.0deg
  candidates=1 scored=1
  best=smi:org.gfz-potsdam.de/geofon/bsb2010x5f311 dt_s=0.000 dist_km=0.000 picks<=400.0km=0
NO_MATCH: 2010-12-17T22:14:27Z -> data/sisbra_all_w24/20101217T221427_row2183
[311/3570] SISBRA 2011-04-09T19:52:13 lat=-13.770 lon=-49.150 mag=1.5 window=+/-120.0s r=1.0deg
NO_MATCH: 2010-11-05T14:49:59Z -> data/sisbra_all_w24/20101105T144959_row2170
[312/3570] SISBRA 2011-04-18T12:45:14 lat=-13.770 lon=-49.170 mag=1.9 window=+/-120.0s r=1.0deg
  candidates=1 scored=1
  best=smi:org.gfz-potsdam.de/geofon/bsb2010x73ead dt_s=0.000 dist_km=0.000 picks<=400.0km=0
MATCHED: 2010-10-26T05:34:18Z -> data/sisbra_all_w24/20101026T053418_bsb2010x5f311_row2167 picks=0
[313/3570] SISBRA 2011-04-23T17:11:12 lat=-21.010 lon=-44.960 mag=1.7 window=+/-120.0s r=1.0deg
  candidates=1 scored=1
  best=smi:org.gfz-potsdam.de/geofon/bsb2010xd5bed dt_s=0.000 dist_km=0.000 picks<=400.0km=0
NO_MATCH: 2011-01-06T19:30:08Z -> data/sisbra_all_w24/20110106T193008_row2185
[314/3570] SISBRA 2011-04-24T01:42:33 lat=-21.020 lon=-44.920 mag=1.3 window=+/-120.0s r=1.0deg
MATCHED: 2010-10-04T19:07:01Z -> data/sisbra_all_w24/20101004T190701_bsb2010x73ead_row2161 picks=0
[315/3570] SISBRA 2011-04-25T07:19:23 lat=-0.460 lon=-19.980 mag=4.7 window=+/-120.0s r=1.0deg
MATCHED: 2010-08-21T12:57:05Z -> data/sisbra_all_w24/20100821T125705_bsb2010xd5bed_row2156 picks=0
[316/3570] SISBRA 2011-04-30T08:16:21 lat=-11.120 lon=-48.640 mag=2.2 window=+/-120.0s r=1.0deg
  candidates=1 scored=1
  best=smi:org.gfz-potsdam.de/geofon/bsb2010xa0cbe dt_s=0.000 dist_km=0.000 picks<=400.0km=0
  candidates=1 scored=1
  best=smi:org.gfz-potsdam.de/geofon/bsb2010xff5ac dt_s=0.000 dist_km=0.000 picks<=400.0km=0
  candidates=1 scored=1
  best=smi:org.gfz-potsdam.de/geofon/bsb2011x6d781 dt_s=0.000 dist_km=0.000 picks<=400.0km=0
MATCHED: 2010-06-01T06:58:47Z -> data/sisbra_all_w24/20100601T065847_bsb2010xff5ac_row2150 picks=0
[317/3570] SISBRA 2011-05-18T19:13:39 lat=-14.960 lon=-56.140 mag=3.2 window=+/-120.0s r=1.0deg
NO_MATCH: 2011-03-30T21:40:15Z -> data/sisbra_all_w24/20110330T214015_row2207
[318/3570] SISBRA 2011-05-19T09:17:39 lat=-20.950 lon=-44.980 mag=1.5 window=+/-120.0s r=1.0deg
NO_MATCH: 2011-04-03T08:48:26Z -> data/sisbra_all_w24/20110403T084826_row2208
[319/3570] SISBRA 2011-05-21T19:51:04 lat=-24.090 lon=-46.040 mag=2.1 window=+/-120.0s r=1.0deg
MATCHED: 2010-04-25T23:09:50Z -> data/sisbra_all_w24/20100425T230950_bsb2010xa0cbe_row2137 picks=0
[320/3570] SISBRA 2011-05-22T00:06:40 lat=-20.980 lon=-44.960 mag=1.6 window=+/-120.0s r=1.0deg
NO_MATCH: 2011-04-09T19:52:13Z -> data/sisbra_all_w24/20110409T195213_row2210
[321/3570] SISBRA 2011-06-19T07:09:20 lat=-14.690 lon=-49.770 mag=3.5 window=+/-120.0s r=1.0deg
  candidates=1 scored=1
  best=smi:org.gfz-potsdam.de/geofon/bsb2011xe9461 dt_s=0.000 dist_km=0.000 picks<=400.0km=0
MATCHED: 2011-03-04T07:02:07Z -> data/sisbra_all_w24/20110304T070207_bsb2011x6d781_row2200 picks=0
[322/3570] SISBRA 2011-06-24T11:58:57 lat=-21.430 lon=-47.100 mag=2.5 window=+/-120.0s r=1.0deg
  candidates=1 scored=1
  best=smi:org.gfz-potsdam.de/geofon/bsb2010xf91c3 dt_s=0.000 dist_km=0.000 picks<=400.0km=0
MATCHED: 2011-01-08T11:49:23Z -> data/sisbra_all_w24/20110108T114923_bsb2011xe9461_row2186 picks=0
[323/3570] SISBRA 2011-07-03T05:04:11 lat=-13.770 lon=-49.110 mag=2.4 window=+/-120.0s r=1.0deg
NO_MATCH: 2011-01-08T11:56:48Z -> data/sisbra_all_w24/20110108T115648_row2187
[324/3570] SISBRA 2011-07-14T03:15:00 lat=-23.380 lon=-45.660 mag=2.4 window=+/-120.0s r=1.0deg
  candidates=1 scored=1
  best=smi:org.gfz-potsdam.de/geofon/bsb2011x4d500 dt_s=0.000 dist_km=0.000 picks<=400.0km=0
NO_MATCH: 2011-04-24T01:42:33Z -> data/sisbra_all_w24/20110424T014233_row2215
[325/3570] SISBRA 2011-07-20T17:53:18 lat=-21.090 lon=-44.970 mag=1.4 window=+/-120.0s r=1.0deg
NO_MATCH: 2011-03-02T19:16:56Z -> data/sisbra_all_w24/20110302T191656_row2198
[326/3570] SISBRA 2011-07-27T18:25:50 lat=-22.180 lon=-39.550 mag=3.2 window=+/-120.0s r=1.0deg
MATCHED: 2010-10-08T20:16:54.790000Z -> data/sisbra_all_w24/20101008T201654_bsb2010xf91c3_row2162 picks=0
[327/3570] SISBRA 2011-08-01T06:18:35 lat=-25.050 lon=-52.830 mag=2.8 window=+/-120.0s r=1.0deg
NO_MATCH: 2011-04-25T07:19:23Z -> data/sisbra_all_w24/20110425T071923_row2216
[328/3570] SISBRA 2011-08-11T15:16:01 lat=-22.910 lon=-44.170 mag=2.1 window=+/-120.0s r=1.0deg
MATCHED: 2011-03-04T06:59:41.400000Z -> data/sisbra_all_w24/20110304T065941_bsb2011x4d500_row2199 picks=0
[329/3570] SISBRA 2011-08-12T10:02:04 lat=-22.920 lon=-44.170 mag=2.4 window=+/-120.0s r=1.0deg
  candidates=1 scored=1
  best=smi:org.gfz-potsdam.de/geofon/bsb2010x1a4fc dt_s=0.000 dist_km=0.000 picks<=400.0km=0
  candidates=1 scored=1
  best=smi:org.gfz-potsdam.de/geofon/bsb2011x06cdf dt_s=0.000 dist_km=0.000 picks<=400.0km=0
MATCHED: 2010-10-08T20:25:18Z -> data/sisbra_all_w24/20101008T202518_bsb2010x1a4fc_row2163 picks=0
[330/3570] SISBRA 2011-08-12T10:07:28 lat=-22.910 lon=-44.170 mag=2.3 window=+/-120.0s r=1.0deg
  candidates=1 scored=1
  best=smi:org.gfz-potsdam.de/geofon/bsb2011xd94e3 dt_s=0.000 dist_km=0.000 picks<=400.0km=0
MATCHED: 2011-02-03T19:43:39Z -> data/sisbra_all_w24/20110203T194339_bsb2011x06cdf_row2193 picks=0
[331/3570] SISBRA 2011-08-14T16:50:10 lat=-21.170 lon=-44.950 mag=3.2 window=+/-120.0s r=1.0deg
MATCHED: 2011-03-05T23:28:45.400000Z -> data/sisbra_all_w24/20110305T232845_bsb2011xd94e3_row2202 picks=0
[332/3570] SISBRA 2011-08-18T21:14:54 lat=-30.440 lon=-49.960 mag=3.3 window=+/-120.0s r=1.0deg
NO_MATCH: 2011-04-23T17:11:12Z -> data/sisbra_all_w24/20110423T171112_row2214
[333/3570] SISBRA 2011-08-24T05:28:12 lat=-15.060 lon=-44.290 mag=2.3 window=+/-120.0s r=1.0deg
NO_MATCH: 2011-07-03T05:04:11Z -> data/sisbra_all_w24/20110703T050411_row2227
[334/3570] SISBRA 2011-09-09T13:22:07 lat=-16.590 lon=-43.900 mag=2.6 window=+/-120.0s r=1.0deg
  candidates=1 scored=1
  best=smi:org.gfz-potsdam.de/geofon/bsb2011x73903 dt_s=0.000 dist_km=0.000 picks<=400.0km=0
MATCHED: 2011-03-09T12:02:55Z -> data/sisbra_all_w24/20110309T120255_bsb2011x73903_row2203 picks=0
[335/3570] SISBRA 2011-09-22T11:57:12 lat=-29.470 lon=-50.080 mag=2.6 window=+/-120.0s r=1.0deg
NO_MATCH: 2011-05-19T09:17:39Z -> data/sisbra_all_w24/20110519T091739_row2220
[336/3570] SISBRA 2011-09-28T05:04:37 lat=-29.610 lon=-50.240 mag=2.2 window=+/-120.0s r=1.0deg
  candidates=1 scored=1
  best=smi:org.gfz-potsdam.de/geofon/bsb2011xc2ed5 dt_s=0.000 dist_km=0.000 picks<=400.0km=0
NO_MATCH: 2011-05-21T19:51:04Z -> data/sisbra_all_w24/20110521T195104_row2221
[337/3570] SISBRA 2011-10-01T01:40:04 lat=-25.170 lon=-44.720 mag=2.2 window=+/-120.0s r=1.0deg
MATCHED: 2011-03-04T07:05:35Z -> data/sisbra_all_w24/20110304T070535_bsb2011xc2ed5_row2201 picks=0
[338/3570] SISBRA 2011-10-04T14:01:31 lat=-22.870 lon=-44.420 mag=2.0 window=+/-120.0s r=1.0deg
NO_MATCH: 2011-08-11T15:16:01Z -> data/sisbra_all_w24/20110811T151601_row2236
[339/3570] SISBRA 2011-10-05T18:09:31 lat=-21.190 lon=-44.950 mag=2.6 window=+/-120.0s r=1.0deg
NO_MATCH: 2011-05-22T00:06:40Z -> data/sisbra_all_w24/20110522T000640_row2222
[340/3570] SISBRA 2011-10-10T13:22:47 lat=-16.590 lon=-43.900 mag=2.6 window=+/-120.0s r=1.0deg
NO_MATCH: 2011-08-12T10:07:28Z -> data/sisbra_all_w24/20110812T100728_row2238
[341/3570] SISBRA 2011-10-12T17:31:09 lat=-5.540 lon=-35.750 mag=2.3 window=+/-120.0s r=1.0deg
NO_MATCH: 2011-08-12T10:02:04Z -> data/sisbra_all_w24/20110812T100204_row2237
[342/3570] SISBRA 2011-10-14T07:17:06 lat=-20.630 lon=-45.760 mag=2.8 window=+/-120.0s r=1.0deg
NO_MATCH: 2011-04-30T08:16:21Z -> data/sisbra_all_w24/20110430T081621_row2218
[343/3570] SISBRA 2011-10-22T19:29:49 lat=-20.100 lon=-43.940 mag=3.4 window=+/-120.0s r=1.0deg
NO_MATCH: 2011-09-28T05:04:37Z -> data/sisbra_all_w24/20110928T050437_row2246
[344/3570] SISBRA 2011-11-13T07:39:27 lat=-21.290 lon=-45.140 mag=2.6 window=+/-120.0s r=1.0deg
NO_MATCH: 2011-10-04T14:01:31Z -> data/sisbra_all_w24/20111004T140131_row2248
[345/3570] SISBRA 2011-11-19T04:03:19 lat=-21.300 lon=-43.970 mag=2.2 window=+/-120.0s r=1.0deg
  candidates=1 scored=1
  best=smi:org.gfz-potsdam.de/geofon/bsb2011x794f3 dt_s=0.000 dist_km=0.000 picks<=400.0km=0
  candidates=1 scored=1
  best=smi:org.gfz-potsdam.de/geofon/bsb2011xe6dd0 dt_s=0.000 dist_km=0.000 picks<=400.0km=0
  candidates=1 scored=1
  best=smi:org.gfz-potsdam.de/geofon/bsb2011x2de37 dt_s=0.000 dist_km=0.000 picks<=400.0km=0
NO_MATCH: 2011-10-12T17:31:09Z -> data/sisbra_all_w24/20111012T173109_row2253
[346/3570] SISBRA 2011-11-20T04:15:03 lat=-23.630 lon=-44.920 mag=2.2 window=+/-120.0s r=1.0deg
NO_MATCH: 2011-04-18T12:45:14Z -> data/sisbra_all_w24/20110418T124514_row2211
[347/3570] SISBRA 2011-11-23T07:09:16 lat=-21.200 lon=-44.950 mag=2.6 window=+/-120.0s r=1.0deg
MATCHED: 2011-09-09T13:22:07Z -> data/sisbra_all_w24/20110909T132207_bsb2011x794f3_row2243 picks=0
[348/3570] SISBRA 2011-12-06T07:45:28 lat=-14.320 lon=-50.230 mag=3.4 window=+/-120.0s r=1.0deg
NO_MATCH: 2011-07-20T17:53:18Z -> data/sisbra_all_w24/20110720T175318_row2231
[349/3570] SISBRA 2011-12-15T13:01:54 lat=-16.590 lon=-40.700 mag=3.6 window=+/-120.0s r=1.0deg
NO_MATCH: 2011-08-18T21:14:54Z -> data/sisbra_all_w24/20110818T211454_row2240
[350/3570] SISBRA 2011-12-18T18:55:48 lat=-29.300 lon=-50.220 mag=2.7 window=+/-120.0s r=1.0deg
MATCHED: 2011-09-22T11:57:12Z -> data/sisbra_all_w24/20110922T115712_bsb2011x2de37_row2244 picks=0
[351/3570] SISBRA 2011-12-25T08:05:27 lat=-13.000 lon=-48.380 mag=2.6 window=+/-120.0s r=1.0deg
NO_MATCH: 2011-11-19T04:03:19Z -> data/sisbra_all_w24/20111119T040319_row2269
[352/3570] SISBRA 2012-01-22T07:10:38 lat=-13.840 lon=-49.070 mag=2.9 window=+/-120.0s r=1.0deg
NO_MATCH: 2011-10-01T01:40:04Z -> data/sisbra_all_w24/20111001T014004_row2247
[353/3570] SISBRA 2012-02-02T03:12:49 lat=-10.030 lon=-49.020 mag=2.3 window=+/-120.0s r=1.0deg
NO_MATCH: 2011-07-14T03:15:00Z -> data/sisbra_all_w24/20110714T031500_row2229
[354/3570] SISBRA 2012-02-21T06:36:25 lat=-23.380 lon=-45.660 mag=3.3 window=+/-120.0s r=1.0deg
  candidates=1 scored=1
  best=smi:org.gfz-potsdam.de/geofon/bsb2011x0a091 dt_s=0.000 dist_km=0.000 picks<=400.0km=0
MATCHED: 2011-08-01T06:18:35Z -> data/sisbra_all_w24/20110801T061835_bsb2011xe6dd0_row2234 picks=0
[355/3570] SISBRA 2012-02-24T21:50:21 lat=-12.050 lon=-63.500 mag=3.6 window=+/-120.0s r=1.0deg
NO_MATCH: 2011-08-24T05:28:12Z -> data/sisbra_all_w24/20110824T052812_row2241
[356/3570] SISBRA 2012-03-14T10:40:49 lat=-28.160 lon=-48.130 mag=3.1 window=+/-120.0s r=1.0deg
MATCHED: 2011-02-26T22:51:52.100000Z -> data/sisbra_all_w24/20110226T225152_bsb2011x0a091_row2196 picks=0
[357/3570] SISBRA 2012-03-21T09:51:33 lat=-13.420 lon=-48.580 mag=2.0 window=+/-120.0s r=1.0deg
NO_MATCH: 2011-11-20T04:15:03Z -> data/sisbra_all_w24/20111120T041503_row2270
[358/3570] SISBRA 2012-03-23T15:31:26 lat=-23.280 lon=-44.810 mag=2.0 window=+/-120.0s r=1.0deg
  candidates=1 scored=1
  best=smi:org.gfz-potsdam.de/geofon/bsb2011x296da dt_s=0.000 dist_km=0.000 picks<=400.0km=0
  candidates=1 scored=1
  best=smi:org.gfz-potsdam.de/geofon/bsb2011x90919 dt_s=0.000 dist_km=0.000 picks<=400.0km=0
  candidates=1 scored=1
  best=smi:org.gfz-potsdam.de/geofon/bsb2011x7dfb9 dt_s=0.000 dist_km=0.000 picks<=400.0km=0
MATCHED: 2011-06-19T07:09:20Z -> data/sisbra_all_w24/20110619T070920_bsb2011x296da_row2225 picks=0
[359/3570] SISBRA 2012-03-24T17:02:16 lat=-25.420 lon=-44.650 mag=2.7 window=+/-120.0s r=1.0deg
NO_MATCH: 2012-02-24T21:50:21Z -> data/sisbra_all_w24/20120224T215021_row2292
[360/3570] SISBRA 2012-03-27T07:05:16 lat=-15.640 lon=-54.320 mag=3.1 window=+/-120.0s r=1.0deg
MATCHED: 2011-08-14T16:50:10Z -> data/sisbra_all_w24/20110814T165010_bsb2011x90919_row2239 picks=0
[361/3570] SISBRA 2012-03-31T16:09:53 lat=-13.450 lon=-49.950 mag=3.7 window=+/-120.0s r=1.0deg
NO_MATCH: 2012-02-02T03:12:49Z -> data/sisbra_all_w24/20120202T031249_row2289
[362/3570] SISBRA 2012-03-31T16:22:23 lat=-6.100 lon=-50.160 mag=2.5 window=+/-120.0s r=1.0deg
  candidates=1 scored=1
  best=smi:org.gfz-potsdam.de/geofon/bsb2011x8b7a9 dt_s=0.000 dist_km=0.000 picks<=400.0km=0
MATCHED: 2011-06-24T11:58:57Z -> data/sisbra_all_w24/20110624T115857_bsb2011x7dfb9_row2226 picks=0
[363/3570] SISBRA 2012-04-02T04:47:30 lat=-16.590 lon=-43.900 mag=1.3 window=+/-120.0s r=1.0deg
NO_MATCH: 2012-03-21T09:51:33Z -> data/sisbra_all_w24/20120321T095133_row2299
[364/3570] SISBRA 2012-04-02T05:21:16 lat=-16.590 lon=-43.900 mag=2.8 window=+/-120.0s r=1.0deg
  candidates=1 scored=1
  best=smi:org.gfz-potsdam.de/geofon/bsb2011x7a27a dt_s=0.000 dist_km=0.000 picks<=400.0km=0
MATCHED: 2011-07-27T18:25:50Z -> data/sisbra_all_w24/20110727T182550_bsb2011x8b7a9_row2233 picks=0
[365/3570] SISBRA 2012-04-02T07:19:33 lat=-16.590 lon=-43.900 mag=2.7 window=+/-120.0s r=1.0deg
  candidates=1 scored=1
  best=smi:org.gfz-potsdam.de/geofon/bsb2011xb6b9e dt_s=0.000 dist_km=0.000 picks<=400.0km=0
MATCHED: 2011-11-13T07:39:27Z -> data/sisbra_all_w24/20111113T073927_bsb2011x7a27a_row2268 picks=0
[366/3570] SISBRA 2012-04-12T05:11:49 lat=-9.780 lon=-48.330 mag=2.2 window=+/-120.0s r=1.0deg
  candidates=1 scored=1
  best=smi:org.gfz-potsdam.de/geofon/bsb2011x0b609 dt_s=0.000 dist_km=0.000 picks<=400.0km=0
  candidates=1 scored=1
  best=smi:org.gfz-potsdam.de/geofon/bsb2011xb4267 dt_s=0.000 dist_km=0.000 picks<=400.0km=0
  candidates=1 scored=1
  best=smi:org.gfz-potsdam.de/geofon/bsb2011x071cb dt_s=0.000 dist_km=0.000 picks<=400.0km=0
MATCHED: 2011-10-05T18:09:31Z -> data/sisbra_all_w24/20111005T180931_bsb2011xb6b9e_row2249 picks=0
[367/3570] SISBRA 2012-04-21T06:36:25 lat=-23.380 lon=-45.660 mag=3.2 window=+/-120.0s r=1.0deg
NO_MATCH: 2012-04-02T04:47:30Z -> data/sisbra_all_w24/20120402T044730_row2310
[368/3570] SISBRA 2012-04-23T09:28:47 lat=-23.410 lon=-44.780 mag=2.2 window=+/-120.0s r=1.0deg
MATCHED: 2011-10-14T07:17:06Z -> data/sisbra_all_w24/20111014T071706_bsb2011x0b609_row2254 picks=0
[369/3570] SISBRA 2012-04-24T01:34:13 lat=-13.770 lon=-49.110 mag=3.2 window=+/-120.0s r=1.0deg
  candidates=1 scored=1
  best=smi:org.gfz-potsdam.de/geofon/bsb2011x18881 dt_s=0.000 dist_km=0.000 picks<=400.0km=0
MATCHED: 2011-10-22T19:29:49Z -> data/sisbra_all_w24/20111022T192949_bsb2011xb4267_row2261 picks=0
[370/3570] SISBRA 2012-05-06T00:03:07 lat=-26.220 lon=-48.900 mag=2.4 window=+/-120.0s r=1.0deg
MATCHED: 2011-12-18T18:55:48Z -> data/sisbra_all_w24/20111218T185548_bsb2011x071cb_row2283 picks=0
[371/3570] SISBRA 2012-05-06T22:49:15 lat=-26.220 lon=-48.900 mag=2.0 window=+/-120.0s r=1.0deg
MATCHED: 2011-10-10T13:22:47Z -> data/sisbra_all_w24/20111010T132247_bsb2011x18881_row2251 picks=0
[372/3570] SISBRA 2012-05-17T10:50:31 lat=-13.770 lon=-48.930 mag=2.7 window=+/-120.0s r=1.0deg
  candidates=1 scored=1
  best=smi:org.gfz-potsdam.de/geofon/bsb2011xe2d54 dt_s=0.000 dist_km=0.000 picks<=400.0km=0
MATCHED: 2011-12-15T13:01:54Z -> data/sisbra_all_w24/20111215T130154_bsb2011xe2d54_row2279 picks=0
[373/3570] SISBRA 2012-05-19T13:41:22.560000 lat=-16.695 lon=-43.885 mag=4.0 window=+/-120.0s r=1.0deg
  candidates=1 scored=1
  best=smi:org.gfz-potsdam.de/geofon/bsb2011x645e0 dt_s=0.000 dist_km=0.000 picks<=400.0km=0
MATCHED: 2011-11-23T07:09:16Z -> data/sisbra_all_w24/20111123T070916_bsb2011x645e0_row2271 picks=0
[374/3570] SISBRA 2012-05-19T13:44:35 lat=-16.730 lon=-43.980 mag=2.7 window=+/-120.0s r=1.0deg
NO_MATCH: 2012-04-12T05:11:49Z -> data/sisbra_all_w24/20120412T051149_row2313
[375/3570] SISBRA 2012-05-19T16:44:36 lat=-16.700 lon=-43.890 mag=2.6 window=+/-120.0s r=1.0deg
  candidates=1 scored=1
  best=smi:org.gfz-potsdam.de/geofon/bsb2012xcd643 dt_s=0.000 dist_km=0.000 picks<=400.0km=0
  candidates=1 scored=1
  best=smi:org.gfz-potsdam.de/geofon/bsb2011x0451a dt_s=0.000 dist_km=0.000 picks<=400.0km=0
  candidates=1 scored=1
  best=smi:org.gfz-potsdam.de/geofon/bsb2012x74e26 dt_s=0.000 dist_km=0.000 picks<=400.0km=0
MATCHED: 2012-04-02T07:19:33Z -> data/sisbra_all_w24/20120402T071933_bsb2012xcd643_row2312 picks=0
[376/3570] SISBRA 2012-05-20T05:10:14 lat=-16.730 lon=-43.980 mag=1.7 window=+/-120.0s r=1.0deg
MATCHED: 2011-12-06T07:45:28Z -> data/sisbra_all_w24/20111206T074528_bsb2011x0451a_row2275 picks=0
[377/3570] SISBRA 2012-05-20T19:32:39 lat=-16.700 lon=-43.890 mag=2.8 window=+/-120.0s r=1.0deg
MATCHED: 2012-03-27T07:05:16Z -> data/sisbra_all_w24/20120327T070516_bsb2012x74e26_row2302 picks=0
[378/3570] SISBRA 2012-05-22T17:09:06 lat=-16.700 lon=-43.890 mag=3.0 window=+/-120.0s r=1.0deg
  candidates=1 scored=1
  best=smi:org.gfz-potsdam.de/geofon/bsb2012x6cc3e dt_s=0.000 dist_km=0.000 picks<=400.0km=0
  candidates=1 scored=1
  best=smi:org.gfz-potsdam.de/geofon/bsb2012x2dbef dt_s=0.000 dist_km=0.000 picks<=400.0km=0
MATCHED: 2012-04-21T06:36:25Z -> data/sisbra_all_w24/20120421T063625_bsb2012x2dbef_row2318 picks=0
[379/3570] SISBRA 2012-06-10T10:38:19 lat=-25.400 lon=-45.420 mag=2.8 window=+/-120.0s r=1.0deg
MATCHED: 2012-04-02T05:21:16Z -> data/sisbra_all_w24/20120402T052116_bsb2012x6cc3e_row2311 picks=0
[380/3570] SISBRA 2012-06-19T14:35:50 lat=-22.330 lon=-42.550 mag=2.2 window=+/-120.0s r=1.0deg
NO_MATCH: 2012-05-20T05:10:14Z -> data/sisbra_all_w24/20120520T051014_row2337
[381/3570] SISBRA 2012-06-29T12:18:19 lat=-2.260 lon=-49.350 mag=3.6 window=+/-120.0s r=1.0deg
  candidates=1 scored=1
  best=smi:org.gfz-potsdam.de/geofon/bsb2012x9509f dt_s=0.000 dist_km=0.000 picks<=400.0km=0
  candidates=1 scored=1
  best=smi:org.gfz-potsdam.de/geofon/bsb2012xced37 dt_s=0.000 dist_km=0.000 picks<=400.0km=0
MATCHED: 2012-05-17T10:50:31Z -> data/sisbra_all_w24/20120517T105031_bsb2012xced37_row2333 picks=0
[382/3570] SISBRA 2012-07-11T20:19:51 lat=-21.790 lon=-41.440 mag=2.5 window=+/-120.0s r=1.0deg
MATCHED: 2012-03-31T16:22:23Z -> data/sisbra_all_w24/20120331T162223_bsb2012x9509f_row2309 picks=0
[383/3570] SISBRA 2012-07-14T06:40:16 lat=-29.370 lon=-51.250 mag=2.8 window=+/-120.0s r=1.0deg
  candidates=1 scored=1
  best=smi:org.gfz-potsdam.de/geofon/bsb2012x6d8f6 dt_s=0.000 dist_km=0.059 picks<=400.0km=0
  candidates=2 scored=2
  best=smi:org.gfz-potsdam.de/geofon/bsb2012x29de1 dt_s=0.000 dist_km=0.000 picks<=400.0km=0
MATCHED: 2012-05-19T13:41:22.560000Z -> data/sisbra_all_w24/20120519T134122_bsb2012x6d8f6_row2334 picks=0
[384/3570] SISBRA 2012-07-19T14:59:07 lat=-15.380 lon=-51.170 mag=4.0 window=+/-120.0s r=1.0deg
  candidates=1 scored=1
  best=smi:org.gfz-potsdam.de/geofon/usp2012bmxt dt_s=3.327 dist_km=12.489 picks<=400.0km=1
  candidates=1 scored=1
  best=smi:org.gfz-potsdam.de/geofon/bsb2012xddf97 dt_s=0.000 dist_km=0.000 picks<=400.0km=0  candidates=1 scored=1
  best=smi:org.gfz-potsdam.de/geofon/bsb2012x8a47d dt_s=0.000 dist_km=0.000 picks<=400.0km=0

  candidates=2 scored=2
AMBIGUOUS: 2012-04-24T01:34:13Z -> data/sisbra_all_w24/20120424T013413_bsb2012x29de1_row2321 picks=0
[385/3570] SISBRA 2012-07-21T13:21:56 lat=-30.360 lon=-53.460 mag=0.9 window=+/-120.0s r=1.0deg
  candidates=1 scored=1
  best=smi:org.gfz-potsdam.de/geofon/bsb2011x2a6ad dt_s=0.000 dist_km=0.000 picks<=400.0km=0
NO_MATCH: 2012-07-19T14:59:07Z -> data/sisbra_all_w24/20120719T145907_row2349
[386/3570] SISBRA 2012-07-21T13:27:35 lat=-30.540 lon=-53.600 mag=2.4 window=+/-120.0s r=1.0deg
  best=smi:org.gfz-potsdam.de/geofon/usp2010xhoa dt_s=7.814 dist_km=37.615 picks<=400.0km=0
MATCHED: 2012-01-22T07:10:38Z -> data/sisbra_all_w24/20120122T071034_usp2012bmxt_row2287 picks=1
[387/3570] SISBRA 2012-07-28T12:49:28 lat=-15.430 lon=-51.160 mag=3.5 window=+/-120.0s r=1.0deg
MATCHED: 2012-05-19T16:44:36Z -> data/sisbra_all_w24/20120519T164436_bsb2012xddf97_row2336 picks=0
[388/3570] SISBRA 2012-08-03T16:43:12 lat=-16.730 lon=-43.980 mag=2.3 window=+/-120.0s r=1.0deg
MATCHED: 2012-05-19T13:44:35Z -> data/sisbra_all_w24/20120519T134435_bsb2012x8a47d_row2335 picks=0
[389/3570] SISBRA 2012-08-16T14:14:30 lat=-0.330 lon=-18.810 mag=5.3 window=+/-120.0s r=1.0deg
MATCHED: 2011-12-25T08:05:27Z -> data/sisbra_all_w24/20111225T080527_bsb2011x2a6ad_row2285 picks=0
[390/3570] SISBRA 2012-08-17T00:12:10 lat=-0.330 lon=-18.710 mag=5.2 window=+/-120.0s r=1.0deg
AMBIGUOUS: 2010-11-28T10:21:20Z -> data/sisbra_all_w24/20101128T102112_usp2010xhoa_row2172 picks=0
[391/3570] SISBRA 2012-09-12T23:56:45.680000 lat=-16.704 lon=-43.884 mag=2.9 window=+/-120.0s r=1.0deg
  candidates=1 scored=1
  best=smi:org.gfz-potsdam.de/geofon/bsb2012xeb1dc dt_s=0.000 dist_km=0.000 picks<=400.0km=0
  candidates=1 scored=1
  best=smi:org.gfz-potsdam.de/geofon/bsb2012xe9f5b dt_s=0.000 dist_km=0.000 picks<=400.0km=0
NO_MATCH: 2012-07-21T13:21:56Z -> data/sisbra_all_w24/20120721T132156_row2350
[392/3570] SISBRA 2012-09-14T22:10:04 lat=-19.950 lon=-44.840 mag=2.9 window=+/-120.0s r=1.0deg
MATCHED: 2012-06-10T10:38:19Z -> data/sisbra_all_w24/20120610T103819_bsb2012xeb1dc_row2340 picks=0
[393/3570] SISBRA 2012-09-23T22:37:28 lat=-0.580 lon=-19.910 mag=4.8 window=+/-120.0s r=1.0deg
MATCHED: 2012-05-22T17:09:06Z -> data/sisbra_all_w24/20120522T170906_bsb2012xe9f5b_row2339 picks=0
[394/3570] SISBRA 2012-10-02T15:35:17 lat=-20.410 lon=-44.020 mag=2.3 window=+/-120.0s r=1.0deg
NO_MATCH: 2012-08-16T14:14:30Z -> data/sisbra_all_w24/20120816T141430_row2358
[395/3570] SISBRA 2012-10-17T16:21:48 lat=-16.650 lon=-43.890 mag=1.9 window=+/-120.0s r=1.0deg
NO_MATCH: 2012-08-03T16:43:12Z -> data/sisbra_all_w24/20120803T164312_row2355
[396/3570] SISBRA 2012-10-24T12:20:26 lat=-24.280 lon=-42.520 mag=2.4 window=+/-120.0s r=1.0deg
NO_MATCH: 2012-08-17T00:12:10Z -> data/sisbra_all_w24/20120817T001210_row2359
[397/3570] SISBRA 2012-11-15T03:03:15 lat=-16.703 lon=-43.880 mag=2.3 window=+/-120.0s r=1.0deg
  candidates=1 scored=1
  best=smi:org.gfz-potsdam.de/geofon/usp2010ycmp dt_s=5.219 dist_km=50.776 picks<=400.0km=0
MATCHED: 2010-12-09T21:29:14Z -> data/sisbra_all_w24/20101209T212919_usp2010ycmp_row2179 picks=0
[398/3570] SISBRA 2012-11-25T22:57:42 lat=-9.460 lon=-63.020 mag=4.7 window=+/-120.0s r=1.0deg
NO_MATCH: 2012-11-15T03:03:15Z -> data/sisbra_all_w24/20121115T030315_row2377
[399/3570] SISBRA 2012-11-29T14:09:12 lat=-16.700 lon=-43.880 mag=1.6 window=+/-120.0s r=1.0deg
NO_MATCH: 2012-10-17T16:21:48Z -> data/sisbra_all_w24/20121017T162148_row2373
[400/3570] SISBRA 2012-12-06T04:49:41 lat=-3.150 lon=-50.900 mag=3.0 window=+/-120.0s r=1.0deg
  candidates=1 scored=1
NO_MATCH: 2012-10-24T12:20:26Z -> data/sisbra_all_w24/20121024T122026_row2375
[401/3570] SISBRA 2012-12-08T18:52:34 lat=-13.560 lon=-49.180 mag=3.8 window=+/-120.0s r=1.0deg
  best=smi:org.gfz-potsdam.de/geofon/usp2011jrtz dt_s=4.390 dist_km=0.370 picks<=400.0km=0
NO_MATCH: 2012-11-29T14:09:12Z -> data/sisbra_all_w24/20121129T140912_row2383
[402/3570] SISBRA 2012-12-19T04:54:38.490000 lat=-16.697 lon=-43.879 mag=3.5 window=+/-120.0s r=1.0deg
MATCHED: 2011-05-18T19:13:39Z -> data/sisbra_all_w24/20110518T191343_usp2011jrtz_row2219 picks=0
[403/3570] SISBRA 2012-12-19T05:31:16.860000 lat=-16.700 lon=-43.882 mag=3.5 window=+/-120.0s r=1.0deg
  candidates=1 scored=1
  best=smi:org.gfz-potsdam.de/geofon/usp2012fuzz dt_s=0.822 dist_km=15.563 picks<=400.0km=9
  candidates=1 scored=1
  best=smi:org.gfz-potsdam.de/geofon/usp2012ogcg dt_s=0.001 dist_km=0.430 picks<=400.0km=3
  candidates=1 scored=1
  best=smi:org.gfz-potsdam.de/geofon/bsb2012xde21c dt_s=0.000 dist_km=0.000 picks<=400.0km=0
MATCHED: 2012-03-23T15:31:26Z -> data/sisbra_all_w24/20120323T153125_usp2012fuzz_row2300 picks=9
[404/3570] SISBRA 2012-12-19T05:32:19 lat=-16.700 lon=-43.880 mag=2.1 window=+/-120.0s r=1.0deg
  candidates=1 scored=1
  best=smi:org.gfz-potsdam.de/geofon/bsb2012xfad0a dt_s=0.000 dist_km=0.039 picks<=400.0km=0
MATCHED: 2012-07-21T13:27:35Z -> data/sisbra_all_w24/20120721T132735_usp2012ogcg_row2351 picks=3
[405/3570] SISBRA 2012-12-22T08:56:22 lat=-29.320 lon=-51.200 mag=3.4 window=+/-120.0s r=1.0deg
MATCHED: 2012-09-14T22:10:04Z -> data/sisbra_all_w24/20120914T221004_bsb2012xde21c_row2363 picks=0
[406/3570] SISBRA 2012-12-23T04:26:17 lat=-18.410 lon=-56.790 mag=3.4 window=+/-120.0s r=1.0deg
NO_MATCH: 2012-12-19T05:32:19Z -> data/sisbra_all_w24/20121219T053219_row2390
[407/3570] SISBRA 2012-12-23T06:06:43 lat=-16.700 lon=-43.880 mag=2.7 window=+/-120.0s r=1.0deg
MATCHED: 2012-09-12T23:56:45.680000Z -> data/sisbra_all_w24/20120912T235645_bsb2012xfad0a_row2362 picks=0
[408/3570] SISBRA 2012-12-28T02:25:12 lat=-5.240 lon=-35.860 mag=1.7 window=+/-120.0s r=1.0deg
  candidates=1 scored=1
  best=smi:org.gfz-potsdam.de/geofon/bsb2012x08111 dt_s=0.000 dist_km=0.000 picks<=400.0km=0
MATCHED: 2012-12-08T18:52:34Z -> data/sisbra_all_w24/20121208T185234_bsb2012x08111_row2386 picks=0
[409/3570] SISBRA 2012-12-28T02:25:32 lat=-5.240 lon=-35.860 mag=2.6 window=+/-120.0s r=1.0deg
  candidates=1 scored=1
  best=smi:org.gfz-potsdam.de/geofon/bsb2012xd854f dt_s=0.000 dist_km=0.000 picks<=400.0km=0
NO_MATCH: 2012-12-28T02:25:12Z -> data/sisbra_all_w24/20121228T022512_row2402
[410/3570] SISBRA 2013-01-05T12:18:45 lat=-5.450 lon=-36.140 mag=3.3 window=+/-120.0s r=1.0deg
  candidates=1 scored=1
  best=smi:org.gfz-potsdam.de/geofon/bsb2012x57afe dt_s=0.000 dist_km=0.032 picks<=400.0km=0
  candidates=1 scored=1
  best=smi:org.gfz-potsdam.de/geofon/usp2012jxhc dt_s=28.577 dist_km=12.407 picks<=400.0km=3
  candidates=2 scored=2
  best=smi:org.gfz-potsdam.de/geofon/bsb2012xcac5c dt_s=0.000 dist_km=0.000 picks<=400.0km=0
MATCHED: 2012-12-06T04:49:41Z -> data/sisbra_all_w24/20121206T044941_bsb2012xd854f_row2384 picks=0
[411/3570] SISBRA 2013-01-05T13:01:47 lat=-5.450 lon=-36.130 mag=2.7 window=+/-120.0s r=1.0deg
MATCHED: 2012-05-20T19:32:39Z -> data/sisbra_all_w24/20120520T193210_usp2012jxhc_row2338 picks=3
[412/3570] SISBRA 2013-01-09T13:13:52 lat=-16.710 lon=-43.890 mag=0.7 window=+/-120.0s r=1.0deg
MATCHED: 2012-12-19T05:31:16.860000Z -> data/sisbra_all_w24/20121219T053116_bsb2012x57afe_row2389 picks=0
[413/3570] SISBRA 2013-01-12T07:10:43 lat=-5.480 lon=-36.130 mag=1.9 window=+/-120.0s r=1.0deg
  candidates=1 scored=1
  best=smi:org.gfz-potsdam.de/geofon/usp2012noiv dt_s=0.064 dist_km=4.692 picks<=400.0km=10
MATCHED: 2012-06-29T12:18:19Z -> data/sisbra_all_w24/20120629T121819_bsb2012xcac5c_row2345 picks=0
[414/3570] SISBRA 2013-01-18T00:19:34 lat=-15.530 lon=-47.910 mag=2.2 window=+/-120.0s r=1.0deg
  candidates=1 scored=1
  best=smi:org.gfz-potsdam.de/geofon/usp2012osvn dt_s=2.835 dist_km=20.787 picks<=400.0km=0
MATCHED: 2012-07-28T12:49:28Z -> data/sisbra_all_w24/20120728T124925_usp2012osvn_row2352 picks=0
[415/3570] SISBRA 2013-01-21T05:19:32 lat=-17.320 lon=-56.510 mag=2.0 window=+/-120.0s r=1.0deg
MATCHED: 2012-07-11T20:19:51Z -> data/sisbra_all_w24/20120711T201951_usp2012noiv_row2346 picks=10
[416/3570] SISBRA 2013-01-22T03:59:55 lat=-16.720 lon=-54.360 mag=3.2 window=+/-120.0s r=1.0deg
  candidates=1 scored=1
  best=smi:org.gfz-potsdam.de/geofon/bsb2012x6d0d3 dt_s=0.000 dist_km=0.000 picks<=400.0km=0
  candidates=1 scored=1
  best=smi:org.gfz-potsdam.de/geofon/usp2012hzep dt_s=0.106 dist_km=0.194 picks<=400.0km=6
MATCHED: 2012-12-23T04:26:17Z -> data/sisbra_all_w24/20121223T042617_bsb2012x6d0d3_row2397 picks=0
[417/3570] SISBRA 2013-01-25T11:38:58 lat=-8.440 lon=-50.070 mag=2.8 window=+/-120.0s r=1.0deg
MATCHED: 2012-04-23T09:28:47Z -> data/sisbra_all_w24/20120423T092847_usp2012hzep_row2320 picks=6
[418/3570] SISBRA 2013-01-25T19:30:37 lat=-6.050 lon=-36.330 mag=2.4 window=+/-120.0s r=1.0deg
  candidates=1 scored=1
  best=smi:org.gfz-potsdam.de/geofon/usp2012lzsk dt_s=0.123 dist_km=16.109 picks<=400.0km=10
NO_MATCH: 2013-01-22T03:59:55Z -> data/sisbra_all_w24/20130122T035955_row2412
[419/3570] SISBRA 2013-02-02T20:10:51 lat=-21.080 lon=-44.470 mag=2.2 window=+/-120.0s r=1.0deg
MATCHED: 2012-06-19T14:35:50Z -> data/sisbra_all_w24/20120619T143550_usp2012lzsk_row2343 picks=10
[420/3570] SISBRA 2013-02-03T08:47:51 lat=-21.850 lon=-46.890 mag=2.9 window=+/-120.0s r=1.0deg
NO_MATCH: 2013-01-25T11:38:58Z -> data/sisbra_all_w24/20130125T113858_row2414
[421/3570] SISBRA 2013-02-03T19:05:44 lat=-22.780 lon=-44.390 mag=1.8 window=+/-120.0s r=1.0deg
  candidates=1 scored=1
  best=smi:org.gfz-potsdam.de/geofon/bsb2012x07a89 dt_s=0.000 dist_km=0.000 picks<=400.0km=0
MATCHED: 2012-12-28T02:25:32Z -> data/sisbra_all_w24/20121228T022532_bsb2012x07a89_row2403 picks=0
[422/3570] SISBRA 2013-02-05T01:02:56 lat=-21.190 lon=-42.560 mag=3.0 window=+/-120.0s r=1.0deg
  candidates=1 scored=1
  best=smi:org.gfz-potsdam.de/geofon/usp2013apqf dt_s=0.548 dist_km=0.198 picks<=400.0km=4
MATCHED: 2013-01-09T13:13:52Z -> data/sisbra_all_w24/20130109T131352_usp2013apqf_row2408 picks=4
[423/3570] SISBRA 2013-02-08T13:57:14 lat=-16.700 lon=-43.860 mag=1.2 window=+/-120.0s r=1.0deg
  candidates=1 scored=1
  best=smi:org.gfz-potsdam.de/geofon/usp2013auqt dt_s=0.538 dist_km=0.338 picks<=400.0km=9
MATCHED: 2013-01-12T07:10:43Z -> data/sisbra_all_w24/20130112T071043_usp2013auqt_row2409 picks=9
[424/3570] SISBRA 2013-02-13T04:59:08 lat=-20.210 lon=-47.470 mag=2.4 window=+/-120.0s r=1.0deg
  candidates=1 scored=1
  best=smi:org.gfz-potsdam.de/geofon/usp2012xevy dt_s=2.944 dist_km=10.493 picks<=400.0km=0
  candidates=1 scored=1
  candidates=1 scored=1
  best=smi:org.gfz-potsdam.de/geofon/usp2013bfcf dt_s=0.722 dist_km=0.552 picks<=400.0km=2
  best=smi:org.gfz-potsdam.de/geofon/usp2012tjqf dt_s=0.307 dist_km=13.326 picks<=400.0km=9
MATCHED: 2012-11-25T22:57:42Z -> data/sisbra_all_w24/20121125T225739_usp2012xevy_row2382 picks=0
[425/3570] SISBRA 2013-02-14T14:10:03 lat=-16.600 lon=-48.200 mag=1.2 window=+/-120.0s r=1.0deg
  candidates=1 scored=1
  best=smi:org.gfz-potsdam.de/geofon/usp2012stsp dt_s=1.893 dist_km=27.376 picks<=400.0km=0
  candidates=1 scored=1
  best=smi:org.gfz-potsdam.de/geofon/usp2012ixyo dt_s=19.106 dist_km=4.960 picks<=400.0km=13
MATCHED: 2013-01-18T00:19:34Z -> data/sisbra_all_w24/20130118T001934_usp2013bfcf_row2410 picks=2
[426/3570] SISBRA 2013-02-16T20:25:45 lat=-16.700 lon=-43.860 mag=1.4 window=+/-120.0s r=1.0deg
  candidates=1 scored=1
  best=smi:org.gfz-potsdam.de/geofon/usp2013bkyp dt_s=0.077 dist_km=0.484 picks<=400.0km=3
MATCHED: 2012-10-02T15:35:17Z -> data/sisbra_all_w24/20121002T153516_usp2012tjqf_row2365 picks=9
[427/3570] SISBRA 2013-02-19T12:19:43 lat=-11.570 lon=-48.220 mag=2.8 window=+/-120.0s r=1.0deg
  candidates=1 scored=1
  best=smi:org.gfz-potsdam.de/geofon/usp2013csmt dt_s=0.674 dist_km=9.136 picks<=400.0km=4
MATCHED: 2012-09-23T22:37:28Z -> data/sisbra_all_w24/20120923T223729_usp2012stsp_row2364 picks=0
[428/3570] SISBRA 2013-02-20T05:47:29 lat=-18.520 lon=-45.490 mag=1.3 window=+/-120.0s r=1.0deg
  candidates=1 scored=1
  best=smi:org.gfz-potsdam.de/geofon/usp2013cjtk dt_s=0.170 dist_km=0.029 picks<=400.0km=3
MATCHED: 2013-01-21T05:19:32Z -> data/sisbra_all_w24/20130121T051932_usp2013bkyp_row2411 picks=3
[429/3570] SISBRA 2013-02-20T18:44:42 lat=-18.760 lon=-44.910 mag=2.9 window=+/-120.0s r=1.0deg
NO_MATCH: 2013-02-14T14:10:03Z -> data/sisbra_all_w24/20130214T141003_row2421
[430/3570] SISBRA 2013-02-27T23:28:52 lat=-18.680 lon=-45.520 mag=3.7 window=+/-120.0s r=1.0deg
MATCHED: 2012-05-06T22:49:15Z -> data/sisbra_all_w24/20120506T224855_usp2012ixyo_row2329 picks=13
[431/3570] SISBRA 2013-03-01T19:20:05 lat=-11.650 lon=-47.740 mag=1.7 window=+/-120.0s r=1.0deg
MATCHED: 2013-02-08T13:57:14Z -> data/sisbra_all_w24/20130208T135714_usp2013csmt_row2419 picks=4
[432/3570] SISBRA 2013-03-03T13:36:31 lat=-5.420 lon=-36.110 mag=2.3 window=+/-120.0s r=1.0deg
MATCHED: 2013-02-03T19:05:44Z -> data/sisbra_all_w24/20130203T190544_usp2013cjtk_row2417 picks=3
[433/3570] SISBRA 2013-03-04T07:42:18 lat=-23.810 lon=-43.630 mag=2.8 window=+/-120.0s r=1.0deg
  candidates=1 scored=1
  best=smi:org.gfz-potsdam.de/geofon/usp2012nsuh dt_s=0.645 dist_km=0.315 picks<=400.0km=7
  candidates=1 scored=1
NO_MATCH: 2013-02-20T05:47:29Z -> data/sisbra_all_w24/20130220T054729_row2424
[434/3570] SISBRA 2013-03-04T12:29:16 lat=-18.540 lon=-45.510 mag=3.0 window=+/-120.0s r=1.0deg
  best=smi:org.gfz-potsdam.de/geofon/usp2013btir dt_s=0.294 dist_km=0.309 picks<=400.0km=9
NO_MATCH: 2013-03-01T19:20:05Z -> data/sisbra_all_w24/20130301T192005_row2427
[435/3570] SISBRA 2013-03-05T14:59:33 lat=-16.700 lon=-43.890 mag=1.5 window=+/-120.0s r=1.0deg
MATCHED: 2012-07-14T06:40:16Z -> data/sisbra_all_w24/20120714T064016_usp2012nsuh_row2347 picks=7
[436/3570] SISBRA 2013-03-17T20:28:29 lat=-3.670 lon=-40.470 mag=2.6 window=+/-120.0s r=1.0deg
MATCHED: 2013-01-25T19:30:37Z -> data/sisbra_all_w24/20130125T193037_usp2013btir_row2413 picks=9
[437/3570] SISBRA 2013-04-02T19:34:19 lat=-16.640 lon=-43.920 mag=1.5 window=+/-120.0s r=1.0deg
  candidates=1 scored=1
  best=smi:org.gfz-potsdam.de/geofon/usp2013ciab dt_s=0.569 dist_km=0.599 picks<=400.0km=4
  candidates=1 scored=1
  best=smi:org.gfz-potsdam.de/geofon/usp2013aihu dt_s=0.169 dist_km=0.346 picks<=400.0km=9
MATCHED: 2013-02-02T20:10:51Z -> data/sisbra_all_w24/20130202T201051_usp2013ciab_row2415 picks=4
[438/3570] SISBRA 2013-04-03T05:29:40 lat=0.550 lon=-27.710 mag=4.8 window=+/-120.0s r=1.0deg
MATCHED: 2013-01-05T13:01:47Z -> data/sisbra_all_w24/20130105T130147_usp2013aihu_row2407 picks=9
[439/3570] SISBRA 2013-04-06T15:15:42 lat=-16.690 lon=-43.850 mag=2.0 window=+/-120.0s r=1.0deg
  candidates=1 scored=1
  best=smi:org.gfz-potsdam.de/geofon/usp2012gjrg dt_s=4.316 dist_km=45.807 picks<=400.0km=1
  candidates=1 scored=1
  best=smi:org.gfz-potsdam.de/geofon/usp2013eimq dt_s=0.106 dist_km=0.377 picks<=400.0km=9
MATCHED: 2013-03-03T13:36:31Z -> data/sisbra_all_w24/20130303T133631_usp2013eimq_row2428 picks=9
[440/3570] SISBRA 2013-04-06T21:04:22 lat=-21.130 lon=-44.830 mag=1.6 window=+/-120.0s r=1.0deg
MATCHED: 2012-03-31T16:09:53Z -> data/sisbra_all_w24/20120331T160948_usp2012gjrg_row2308 picks=1
[441/3570] SISBRA 2013-04-09T17:32:54 lat=-6.510 lon=-50.060 mag=2.8 window=+/-120.0s r=1.0deg
  candidates=1 scored=1
  best=smi:org.gfz-potsdam.de/geofon/usp2012feew dt_s=2.680 dist_km=32.716 picks<=400.0km=3
NO_MATCH: 2013-04-09T17:32:54Z -> data/sisbra_all_w24/20130409T173254_row2437
[442/3570] SISBRA 2013-04-16T23:06:44 lat=-12.700 lon=-47.450 mag=3.1 window=+/-120.0s r=1.0deg
MATCHED: 2012-03-14T10:40:49Z -> data/sisbra_all_w24/20120314T104046_usp2012feew_row2295 picks=3
[443/3570] SISBRA 2013-04-18T10:10:52 lat=-16.697 lon=-43.889 mag=3.5 window=+/-120.0s r=1.0deg
  candidates=1 scored=1
  best=smi:org.gfz-potsdam.de/geofon/usp2013aigj dt_s=0.942 dist_km=0.298 picks<=400.0km=8
  candidates=1 scored=1
  best=smi:org.gfz-potsdam.de/geofon/usp2013ciza dt_s=0.157 dist_km=0.562 picks<=400.0km=7
MATCHED: 2013-01-05T12:18:45Z -> data/sisbra_all_w24/20130105T121845_usp2013aigj_row2406 picks=8
[444/3570] SISBRA 2013-04-20T14:58:21 lat=-21.170 lon=-44.070 mag=2.5 window=+/-120.0s r=1.0deg
  candidates=1 scored=1
  best=smi:org.gfz-potsdam.de/geofon/usp2012zbcu dt_s=0.525 dist_km=0.432 picks<=400.0km=6
  candidates=1 scored=1
  best=smi:org.gfz-potsdam.de/geofon/usp2013emgj dt_s=0.173 dist_km=4.652 picks<=400.0km=4
MATCHED: 2013-02-03T08:47:51Z -> data/sisbra_all_w24/20130203T084751_usp2013ciza_row2416 picks=7
[445/3570] SISBRA 2013-04-21T08:40:08 lat=-3.770 lon=-52.000 mag=1.0 window=+/-120.0s r=1.0deg
MATCHED: 2012-12-22T08:56:22Z -> data/sisbra_all_w24/20121222T085622_usp2012zbcu_row2394 picks=6
[446/3570] SISBRA 2013-04-25T15:11:20 lat=-28.690 lon=-53.140 mag=2.7 window=+/-120.0s r=1.0deg
  candidates=1 scored=1
  best=smi:org.gfz-potsdam.de/geofon/usp2013dmmb dt_s=0.369 dist_km=0.244 picks<=400.0km=1
  candidates=1 scored=1
  best=smi:org.gfz-potsdam.de/geofon/usp2013gssz dt_s=0.500 dist_km=0.255 picks<=400.0km=5
  candidates=1 scored=1
  best=smi:org.gfz-potsdam.de/geofon/usp2012fwym dt_s=5.744 dist_km=63.386 picks<=400.0km=7
  candidates=1 scored=1
  best=smi:org.gfz-potsdam.de/geofon/usp2013dhpo dt_s=0.753 dist_km=5.874 picks<=400.0km=4
  candidates=1 scored=1
MATCHED: 2013-03-05T14:59:33Z -> data/sisbra_all_w24/20130305T145933_usp2013emgj_row2431 picks=4
[447/3570] SISBRA 2013-04-25T15:13:29 lat=-22.750 lon=-50.580 mag=2.6 window=+/-120.0s r=1.0deg
MATCHED: 2013-02-19T12:19:43Z -> data/sisbra_all_w24/20130219T121943_usp2013dmmb_row2423 picks=1
[448/3570] SISBRA 2013-05-01T12:53:07 lat=-22.570 lon=-43.750 mag=2.5 window=+/-120.0s r=1.0deg
  best=smi:org.gfz-potsdam.de/geofon/usp2012yvih dt_s=0.842 dist_km=20.913 picks<=400.0km=14
MATCHED: 2013-02-16T20:25:45Z -> data/sisbra_all_w24/20130216T202545_usp2013dhpo_row2422 picks=4
[449/3570] SISBRA 2013-05-21T10:20:05 lat=-18.870 lon=-48.380 mag=1.4 window=+/-120.0s r=1.0deg
MATCHED: 2013-04-06T15:15:42Z -> data/sisbra_all_w24/20130406T151542_usp2013gssz_row2435 picks=5
[450/3570] SISBRA 2013-05-21T17:30:56 lat=-4.070 lon=-48.340 mag=2.8 window=+/-120.0s r=1.0deg
MATCHED: 2012-12-19T04:54:38.490000Z -> data/sisbra_all_w24/20121219T045439_usp2012yvih_row2388 picks=14
[451/3570] SISBRA 2013-05-23T04:16:56 lat=-23.380 lon=-45.550 mag=2.6 window=+/-120.0s r=1.0deg
NO_MATCH: 2013-04-21T08:40:08Z -> data/sisbra_all_w24/20130421T084008_row2441
[452/3570] SISBRA 2013-05-29T18:19:07 lat=-21.140 lon=-44.920 mag=1.8 window=+/-120.0s r=1.0deg
MATCHED: 2012-03-24T17:02:16Z -> data/sisbra_all_w24/20120324T170221_usp2012fwym_row2301 picks=7
[453/3570] SISBRA 2013-05-30T10:19:00 lat=-21.120 lon=-44.950 mag=1.0 window=+/-120.0s r=1.0deg
NO_MATCH: 2013-05-21T10:20:05Z -> data/sisbra_all_w24/20130521T102005_row2445
[454/3570] SISBRA 2013-06-01T03:19:24 lat=-21.170 lon=-44.930 mag=1.0 window=+/-120.0s r=1.0deg
  candidates=1 scored=1
  best=smi:org.gfz-potsdam.de/geofon/usp2013dayn dt_s=0.489 dist_km=0.466 picks<=400.0km=4
NO_MATCH: 2013-05-21T17:30:56Z -> data/sisbra_all_w24/20130521T173056_row2446
[455/3570] SISBRA 2013-06-04T06:03:45 lat=-21.150 lon=-44.930 mag=1.0 window=+/-120.0s r=1.0deg
NO_MATCH: 2013-05-29T18:19:07Z -> data/sisbra_all_w24/20130529T181907_row2448
[456/3570] SISBRA 2013-06-06T04:43:19 lat=-7.860 lon=-50.130 mag=1.9 window=+/-120.0s r=1.0deg
MATCHED: 2013-02-13T04:59:08Z -> data/sisbra_all_w24/20130213T045908_usp2013dayn_row2420 picks=4
[457/3570] SISBRA 2013-06-10T00:59:37 lat=-12.800 lon=-52.060 mag=2.9 window=+/-120.0s r=1.0deg
NO_MATCH: 2013-05-30T10:19:00Z -> data/sisbra_all_w24/20130530T101900_row2449
[458/3570] SISBRA 2013-06-12T05:41:03 lat=-21.150 lon=-44.920 mag=1.0 window=+/-120.0s r=1.0deg
NO_MATCH: 2013-06-01T03:19:24Z -> data/sisbra_all_w24/20130601T031924_row2450
[459/3570] SISBRA 2013-06-13T13:36:31 lat=-6.500 lon=-50.110 mag=2.5 window=+/-120.0s r=1.0deg
NO_MATCH: 2013-06-04T06:03:45Z -> data/sisbra_all_w24/20130604T060345_row2451
[460/3570] SISBRA 2013-06-15T08:14:04 lat=-19.350 lon=-47.980 mag=2.0 window=+/-120.0s r=1.0deg
NO_MATCH: 2013-06-06T04:43:19Z -> data/sisbra_all_w24/20130606T044319_row2452
[461/3570] SISBRA 2013-06-15T18:32:36 lat=-13.320 lon=-46.440 mag=1.6 window=+/-120.0s r=1.0deg
NO_MATCH: 2013-06-12T05:41:03Z -> data/sisbra_all_w24/20130612T054103_row2454
[462/3570] SISBRA 2013-06-20T19:58:03 lat=-16.690 lon=-43.880 mag=1.0 window=+/-120.0s r=1.0deg
  candidates=1 scored=1
  best=smi:org.gfz-potsdam.de/geofon/usp2012zcsr dt_s=0.337 dist_km=6.664 picks<=400.0km=4
  candidates=1 scored=1
NO_MATCH: 2013-06-13T13:36:31Z -> data/sisbra_all_w24/20130613T133631_row2455
[463/3570] SISBRA 2013-06-22T06:04:47 lat=-13.950 lon=-49.040 mag=3.4 window=+/-120.0s r=1.0deg
  best=smi:org.gfz-potsdam.de/geofon/usp2013ekfx dt_s=0.156 dist_km=0.490 picks<=400.0km=5
NO_MATCH: 2013-06-15T18:32:36Z -> data/sisbra_all_w24/20130615T183236_row2457
[464/3570] SISBRA 2013-06-22T06:24:10 lat=-13.780 lon=-49.080 mag=2.4 window=+/-120.0s r=1.0deg
MATCHED: 2012-12-23T06:06:43Z -> data/sisbra_all_w24/20121223T060642_usp2012zcsr_row2398 picks=4
[465/3570] SISBRA 2013-06-25T19:30:27 lat=-21.150 lon=-44.930 mag=1.8 window=+/-120.0s r=1.0deg
NO_MATCH: 2013-06-15T08:14:04Z -> data/sisbra_all_w24/20130615T081404_row2456
[466/3570] SISBRA 2013-07-26T02:11:57 lat=-10.680 lon=-48.320 mag=1.8 window=+/-120.0s r=1.0deg
NO_MATCH: 2013-06-20T19:58:03Z -> data/sisbra_all_w24/20130620T195803_row2458
[467/3570] SISBRA 2013-07-30T04:22:04 lat=-13.780 lon=-48.370 mag=3.3 window=+/-120.0s r=1.0deg
MATCHED: 2013-03-04T12:29:16Z -> data/sisbra_all_w24/20130304T122916_usp2013ekfx_row2430 picks=5
[468/3570] SISBRA 2013-07-30T09:52:31 lat=-13.670 lon=-49.020 mag=2.5 window=+/-120.0s r=1.0deg
  candidates=1 scored=1
  best=smi:org.gfz-potsdam.de/geofon/usp2013ejwl dt_s=0.133 dist_km=0.563 picks<=400.0km=3
NO_MATCH: 2013-06-25T19:30:27Z -> data/sisbra_all_w24/20130625T193027_row2461
[469/3570] SISBRA 2013-07-30T17:43:17 lat=-19.580 lon=-43.410 mag=2.9 window=+/-120.0s r=1.0deg
  candidates=1 scored=1
  best=smi:org.gfz-potsdam.de/geofon/usp2013fipg dt_s=0.834 dist_km=0.423 picks<=400.0km=4
NO_MATCH: 2013-07-26T02:11:57Z -> data/sisbra_all_w24/20130726T021157_row2462
[470/3570] SISBRA 2013-07-31T21:26:21 lat=-22.350 lon=-47.930 mag=2.5 window=+/-120.0s r=1.0deg
MATCHED: 2013-03-04T07:42:18Z -> data/sisbra_all_w24/20130304T074218_usp2013ejwl_row2429 picks=3
[471/3570] SISBRA 2013-08-02T19:24:27 lat=-19.030 lon=-43.260 mag=2.1 window=+/-120.0s r=1.0deg
NO_MATCH: 2013-06-22T06:24:10Z -> data/sisbra_all_w24/20130622T062410_row2460
[472/3570] SISBRA 2013-08-11T10:32:34 lat=-13.620 lon=-47.240 mag=2.5 window=+/-120.0s r=1.0deg
  candidates=1 scored=1
  best=smi:org.gfz-potsdam.de/geofon/usp2013gltn dt_s=0.283 dist_km=0.312 picks<=400.0km=4
MATCHED: 2013-03-17T20:28:29Z -> data/sisbra_all_w24/20130317T202829_usp2013fipg_row2432 picks=4
[473/3570] SISBRA 2013-08-11T14:53:46 lat=-7.920 lon=-50.130 mag=4.4 window=+/-120.0s r=1.0deg
MATCHED: 2013-04-02T19:34:19Z -> data/sisbra_all_w24/20130402T193419_usp2013gltn_row2433 picks=4
[474/3570] SISBRA 2013-09-28T16:10:08 lat=-19.530 lon=-43.330 mag=2.8 window=+/-120.0s r=1.0deg
NO_MATCH: 2013-08-11T10:32:34Z -> data/sisbra_all_w24/20130811T103234_row2468
[475/3570] SISBRA 2013-10-01T20:04:14 lat=-4.220 lon=-48.440 mag=2.7 window=+/-120.0s r=1.0deg
  candidates=2 scored=2
  best=smi:org.gfz-potsdam.de/geofon/usp2012dprt dt_s=58.691 dist_km=21.045 picks<=400.0km=0
  candidates=1 scored=1
  best=smi:org.gfz-potsdam.de/geofon/usp2013cmar dt_s=0.254 dist_km=0.503 picks<=400.0km=9
NO_MATCH: 2013-10-01T20:04:14Z -> data/sisbra_all_w24/20131001T200414_row2471
[476/3570] SISBRA 2013-10-06T12:53:23 lat=-19.510 lon=-56.540 mag=2.6 window=+/-120.0s r=1.0deg
AMBIGUOUS: 2012-02-21T06:36:25Z -> data/sisbra_all_w24/20120221T063526_usp2012dprt_row2291 picks=0
[477/3570] SISBRA 2013-10-07T02:35:46 lat=-19.740 lon=-46.740 mag=1.9 window=+/-120.0s r=1.0deg
  candidates=1 scored=1
MATCHED: 2013-02-05T01:02:56Z -> data/sisbra_all_w24/20130205T010256_usp2013cmar_row2418 picks=9
[478/3570] SISBRA 2013-10-09T20:40:28 lat=-22.650 lon=-40.560 mag=2.8 window=+/-120.0s r=1.0deg
  best=smi:org.gfz-potsdam.de/geofon/usp2013doug dt_s=0.066 dist_km=0.374 picks<=400.0km=7
  candidates=1 scored=1
  best=smi:org.gfz-potsdam.de/geofon/usp2013gten dt_s=0.849 dist_km=0.545 picks<=400.0km=2
MATCHED: 2013-02-20T18:44:42Z -> data/sisbra_all_w24/20130220T184442_usp2013doug_row2425 picks=7
[479/3570] SISBRA 2013-10-13T10:50:03 lat=-9.660 lon=-72.260 mag=4.6 window=+/-120.0s r=1.0deg
NO_MATCH: 2013-10-07T02:35:46Z -> data/sisbra_all_w24/20131007T023546_row2473
[480/3570] SISBRA 2013-10-24T22:34:41 lat=-5.380 lon=-36.110 mag=2.7 window=+/-120.0s r=1.0deg
MATCHED: 2013-04-06T21:04:22Z -> data/sisbra_all_w24/20130406T210422_usp2013gten_row2436 picks=2
[481/3570] SISBRA 2013-10-25T11:09:39 lat=-5.390 lon=-36.090 mag=3.7 window=+/-120.0s r=1.0deg
  candidates=1 scored=1
  best=smi:org.gfz-potsdam.de/geofon/usp2013oulb dt_s=0.835 dist_km=0.452 picks<=400.0km=1
  candidates=1 scored=1
  best=smi:org.gfz-potsdam.de/geofon/usp2013imfw dt_s=0.314 dist_km=0.606 picks<=400.0km=6
MATCHED: 2013-07-30T09:52:31Z -> data/sisbra_all_w24/20130730T095231_usp2013oulb_row2464 picks=1
[482/3570] SISBRA 2013-10-25T12:01:12 lat=-25.972 lon=-57.364 mag=3.3 window=+/-120.0s r=1.0deg
  candidates=1 scored=1
  candidates=1 scored=1
  best=smi:org.gfz-potsdam.de/geofon/usp2013iblm dt_s=0.595 dist_km=0.213 picks<=400.0km=4
  best=smi:org.gfz-potsdam.de/geofon/usp2013hlpo dt_s=0.909 dist_km=0.234 picks<=400.0km=0
MATCHED: 2013-05-01T12:53:07Z -> data/sisbra_all_w24/20130501T125307_usp2013imfw_row2444 picks=6
[483/3570] SISBRA 2013-10-27T03:02:06 lat=-20.070 lon=-51.100 mag=2.7 window=+/-120.0s r=1.0deg
MATCHED: 2013-04-25T15:13:29Z -> data/sisbra_all_w24/20130425T151329_usp2013iblm_row2443 picks=4
[484/3570] SISBRA 2013-10-28T14:22:40 lat=-5.420 lon=-36.120 mag=2.2 window=+/-120.0s r=1.0deg
MATCHED: 2013-04-16T23:06:44Z -> data/sisbra_all_w24/20130416T230644_usp2013hlpo_row2438 picks=0
[485/3570] SISBRA 2013-10-29T15:17:29 lat=-5.390 lon=-36.120 mag=3.4 window=+/-120.0s r=1.0deg
  candidates=1 scored=1
  candidates=1 scored=1
  best=smi:org.gfz-potsdam.de/geofon/usp2013lgkl dt_s=3.740 dist_km=27.056 picks<=400.0km=0
  best=smi:org.gfz-potsdam.de/geofon/usp2013gmne dt_s=0.420 dist_km=0.657 picks<=400.0km=0
MATCHED: 2013-04-03T05:29:40Z -> data/sisbra_all_w24/20130403T052940_usp2013gmne_row2434 picks=0
[486/3570] SISBRA 2013-10-30T17:58:56 lat=-5.460 lon=-36.130 mag=2.1 window=+/-120.0s r=1.0deg
MATCHED: 2013-06-10T00:59:37Z -> data/sisbra_all_w24/20130610T005933_usp2013lgkl_row2453 picks=0
[487/3570] SISBRA 2013-10-31T14:03:40 lat=-31.730 lon=-53.180 mag=2.8 window=+/-120.0s r=1.0deg
  candidates=1 scored=1
  best=smi:org.gfz-potsdam.de/geofon/usp2013tanv dt_s=0.471 dist_km=0.264 picks<=400.0km=1
  candidates=1 scored=1
  best=smi:org.gfz-potsdam.de/geofon/usp2013hshm dt_s=0.478 dist_km=0.511 picks<=400.0km=2
MATCHED: 2013-09-28T16:10:08Z -> data/sisbra_all_w24/20130928T161008_usp2013tanv_row2470 picks=1
[488/3570] SISBRA 2013-10-31T22:56:10 lat=-5.290 lon=-36.110 mag=2.6 window=+/-120.0s r=1.0deg
MATCHED: 2013-04-20T14:58:21Z -> data/sisbra_all_w24/20130420T145821_usp2013hshm_row2440 picks=2
[489/3570] SISBRA 2013-11-01T01:05:14 lat=-5.440 lon=-36.120 mag=2.0 window=+/-120.0s r=1.0deg
  candidates=1 scored=1
  best=smi:org.gfz-potsdam.de/geofon/usp2013oxdp dt_s=0.217 dist_km=0.240 picks<=400.0km=7
MATCHED: 2013-07-31T21:26:21Z -> data/sisbra_all_w24/20130731T212621_usp2013oxdp_row2466 picks=7
[490/3570] SISBRA 2013-11-01T11:51:17 lat=-5.440 lon=-36.130 mag=2.8 window=+/-120.0s r=1.0deg
  candidates=1 scored=1
  best=smi:org.gfz-potsdam.de/geofon/usp2013iblk dt_s=0.038 dist_km=0.697 picks<=400.0km=4
MATCHED: 2013-04-25T15:11:20Z -> data/sisbra_all_w24/20130425T151120_usp2013iblk_row2442 picks=4
[491/3570] SISBRA 2013-11-01T22:07:49 lat=-5.450 lon=-36.120 mag=2.5 window=+/-120.0s r=1.0deg
  candidates=1 scored=1
  candidates=1 scored=1
  best=smi:org.gfz-potsdam.de/geofon/usp2013uwnq dt_s=0.065 dist_km=0.498 picks<=400.0km=10
  best=smi:org.gfz-potsdam.de/geofon/usp2012iwfm dt_s=18.837 dist_km=1.053 picks<=400.0km=13
  candidates=1 scored=1
  best=smi:org.gfz-potsdam.de/geofon/usp2013vjiv dt_s=0.947 dist_km=0.458 picks<=400.0km=4
MATCHED: 2013-10-24T22:34:41Z -> data/sisbra_all_w24/20131024T223441_usp2013uwnq_row2476 picks=10
[492/3570] SISBRA 2013-11-02T10:25:34 lat=-5.440 lon=-36.110 mag=2.1 window=+/-120.0s r=1.0deg
MATCHED: 2012-05-06T00:03:07Z -> data/sisbra_all_w24/20120506T000248_usp2012iwfm_row2328 picks=13
[493/3570] SISBRA 2013-11-02T11:28:51 lat=-5.580 lon=-36.160 mag=1.8 window=+/-120.0s r=1.0deg
  candidates=1 scored=1
MATCHED: 2013-10-31T22:56:10Z -> data/sisbra_all_w24/20131031T225610_usp2013vjiv_row2484 picks=4
[494/3570] SISBRA 2013-11-02T14:34:06 lat=-5.480 lon=-36.140 mag=1.5 window=+/-120.0s r=1.0deg
  candidates=1 scored=1
  best=smi:org.gfz-potsdam.de/geofon/usp2013mcso dt_s=0.420 dist_km=0.496 picks<=400.0km=2
  best=smi:org.gfz-potsdam.de/geofon/usp2013paqo dt_s=0.126 dist_km=0.240 picks<=400.0km=4
MATCHED: 2013-08-02T19:24:27Z -> data/sisbra_all_w24/20130802T192427_usp2013paqo_row2467 picks=4
[495/3570] SISBRA 2013-11-02T19:29:42 lat=-5.450 lon=-36.130 mag=1.9 window=+/-120.0s r=1.0deg
MATCHED: 2013-06-22T06:04:47Z -> data/sisbra_all_w24/20130622T060447_usp2013mcso_row2459 picks=2
[496/3570] SISBRA 2013-11-03T11:39:56 lat=-5.480 lon=-36.140 mag=2.4 window=+/-120.0s r=1.0deg
  candidates=1 scored=1
  best=smi:org.gfz-potsdam.de/geofon/usp2013toxj dt_s=0.533 dist_km=0.638 picks<=400.0km=2
MATCHED: 2013-10-06T12:53:23Z -> data/sisbra_all_w24/20131006T125323_usp2013toxj_row2472 picks=2
[497/3570] SISBRA 2013-11-03T11:41:57 lat=-5.490 lon=-36.140 mag=2.1 window=+/-120.0s r=1.0deg
  candidates=1 scored=1
  candidates=1 scored=1
  best=smi:org.gfz-potsdam.de/geofon/usp2013virg dt_s=0.739 dist_km=0.458 picks<=400.0km=4
  best=smi:org.gfz-potsdam.de/geofon/usp2013vkik dt_s=0.305 dist_km=0.393 picks<=400.0km=10
  candidates=1 scored=1
  best=smi:org.gfz-potsdam.de/geofon/usp2013jztx dt_s=0.059 dist_km=0.317 picks<=400.0km=5
  candidates=1 scored=1
  best=smi:org.gfz-potsdam.de/geofon/usp2013ebyd dt_s=0.243 dist_km=0.306 picks<=400.0km=3
MATCHED: 2013-11-01T11:51:17Z -> data/sisbra_all_w24/20131101T115117_usp2013vkik_row2486 picks=10
[498/3570] SISBRA 2013-11-05T04:06:32 lat=-5.470 lon=-36.140 mag=2.0 window=+/-120.0s r=1.0deg
MATCHED: 2013-10-31T14:03:40Z -> data/sisbra_all_w24/20131031T140340_usp2013virg_row2483 picks=4
[499/3570] SISBRA 2013-11-05T05:28:06 lat=-5.440 lon=-36.120 mag=2.0 window=+/-120.0s r=1.0deg
MATCHED: 2013-05-23T04:16:56Z -> data/sisbra_all_w24/20130523T041656_usp2013jztx_row2447 picks=5
[500/3570] SISBRA 2013-11-05T16:38:13 lat=-5.490 lon=-36.150 mag=3.0 window=+/-120.0s r=1.0deg
MATCHED: 2013-02-27T23:28:52Z -> data/sisbra_all_w24/20130227T232852_usp2013ebyd_row2426 picks=3
[501/3570] SISBRA 2013-11-11T00:15:00 lat=-0.100 lon=-67.100 mag=3.0 window=+/-120.0s r=1.0deg
  candidates=1 scored=1
  best=smi:org.gfz-potsdam.de/geofon/usp2013vmbb dt_s=0.288 dist_km=0.479 picks<=400.0km=9
MATCHED: 2013-11-02T10:25:34Z -> data/sisbra_all_w24/20131102T102534_usp2013vmbb_row2488 picks=9
[502/3570] SISBRA 2013-11-13T18:19:25 lat=-15.110 lon=-48.980 mag=1.9 window=+/-120.0s r=1.0deg
NO_MATCH: 2013-11-11T00:15:00Z -> data/sisbra_all_w24/20131111T001500_row2497
[503/3570] SISBRA 2013-11-15T07:42:34 lat=-5.480 lon=-36.130 mag=3.0 window=+/-120.0s r=1.0deg
  candidates=1 scored=1
  best=smi:org.gfz-potsdam.de/geofon/usp2013ovas dt_s=0.679 dist_km=0.213 picks<=400.0km=14
  candidates=1 scored=1
  best=smi:org.gfz-potsdam.de/geofon/usp2013vjnc dt_s=0.260 dist_km=0.258 picks<=400.0km=10
NO_MATCH: 2013-11-13T18:19:25Z -> data/sisbra_all_w24/20131113T181925_row2498
[504/3570] SISBRA 2013-11-25T13:04:11 lat=-5.460 lon=-36.140 mag=2.8 window=+/-120.0s r=1.0deg
MATCHED: 2013-07-30T17:43:17Z -> data/sisbra_all_w24/20130730T174317_usp2013ovas_row2465 picks=14
[505/3570] SISBRA 2013-11-27T05:50:05 lat=-5.370 lon=-35.770 mag=3.5 window=+/-120.0s r=1.0deg
MATCHED: 2013-11-01T01:05:14Z -> data/sisbra_all_w24/20131101T010514_usp2013vjnc_row2485 picks=10
[506/3570] SISBRA 2013-12-01T22:26:56 lat=-5.570 lon=-36.160 mag=1.7 window=+/-120.0s r=1.0deg
  candidates=1 scored=1
  best=smi:org.gfz-potsdam.de/geofon/usp2013vdfj dt_s=0.829 dist_km=0.303 picks<=400.0km=9
NO_MATCH: 2013-11-25T13:04:11Z -> data/sisbra_all_w24/20131125T130411_row2500
[507/3570] SISBRA 2013-12-02T06:16:40 lat=-5.410 lon=-36.100 mag=3.2 window=+/-120.0s r=1.0deg
  candidates=1 scored=1
  best=smi:org.gfz-potsdam.de/geofon/usp2013ubnv dt_s=3.088 dist_km=3.258 picks<=400.0km=0
MATCHED: 2013-10-28T14:22:40Z -> data/sisbra_all_w24/20131028T142240_usp2013vdfj_row2480 picks=9
[508/3570] SISBRA 2013-12-04T19:12:28 lat=-5.470 lon=-36.140 mag=2.1 window=+/-120.0s r=1.0deg
NO_MATCH: 2013-12-01T22:26:56Z -> data/sisbra_all_w24/20131201T222656_row2502
[509/3570] SISBRA 2013-12-06T15:41:36 lat=-5.510 lon=-36.140 mag=2.4 window=+/-120.0s r=1.0deg
MATCHED: 2013-10-13T10:50:03Z -> data/sisbra_all_w24/20131013T104959_usp2013ubnv_row2475 picks=0
[510/3570] SISBRA 2013-12-08T16:54:00 lat=-4.190 lon=-31.250 mag=4.7 window=+/-120.0s r=1.0deg
  candidates=1 scored=1
  best=smi:org.gfz-potsdam.de/geofon/usp2013vlct dt_s=0.640 dist_km=0.424 picks<=400.0km=4
MATCHED: 2013-11-01T22:07:49Z -> data/sisbra_all_w24/20131101T220749_usp2013vlct_row2487 picks=4
[511/3570] SISBRA 2013-12-14T05:58:28 lat=-11.710 lon=-47.630 mag=1.8 window=+/-120.0s r=1.0deg
  candidates=1 scored=1
  best=smi:org.gfz-potsdam.de/geofon/usp2013vmde dt_s=0.586 dist_km=0.231 picks<=400.0km=7
NO_MATCH: 2013-12-14T05:58:28Z -> data/sisbra_all_w24/20131214T055828_row2507
[512/3570] SISBRA 2013-12-26T16:25:23 lat=-5.560 lon=-36.160 mag=2.1 window=+/-120.0s r=1.0deg
  candidates=1 scored=1
  best=smi:org.gfz-potsdam.de/geofon/usp2013vmjh dt_s=0.613 dist_km=0.262 picks<=400.0km=7
MATCHED: 2013-11-02T11:28:51Z -> data/sisbra_all_w24/20131102T112851_usp2013vmde_row2489 picks=7
[513/3570] SISBRA 2013-12-28T13:40:45 lat=-0.420 lon=-60.220 mag=4.0 window=+/-120.0s r=1.0deg
  candidates=1 scored=1
  best=smi:org.gfz-potsdam.de/geofon/usp2013vnza dt_s=0.298 dist_km=0.344 picks<=400.0km=4
  candidates=1 scored=1
MATCHED: 2013-11-02T14:34:06Z -> data/sisbra_all_w24/20131102T143406_usp2013vmjh_row2490 picks=7
[514/3570] SISBRA 2014-01-05T20:32:10 lat=-5.440 lon=-36.110 mag=1.3 window=+/-120.0s r=1.0deg
  best=smi:org.gfz-potsdam.de/geofon/usp2013vfcr dt_s=0.602 dist_km=0.372 picks<=400.0km=10
  candidates=1 scored=1
  candidates=1 scored=1
MATCHED: 2013-11-03T11:39:56Z -> data/sisbra_all_w24/20131103T113956_usp2013vnza_row2492 picks=4
[515/3570] SISBRA 2014-01-07T08:40:00 lat=-16.700 lon=-43.900 mag=2.5 window=+/-120.0s r=1.0deg
  best=smi:org.gfz-potsdam.de/geofon/usp2013vhdn dt_s=0.262 dist_km=0.499 picks<=400.0km=9
  best=smi:org.gfz-potsdam.de/geofon/usp2013vmta dt_s=0.906 dist_km=0.257 picks<=400.0km=8
MATCHED: 2013-10-29T15:17:29Z -> data/sisbra_all_w24/20131029T151729_usp2013vfcr_row2481 picks=10
[516/3570] SISBRA 2014-01-07T12:14:00 lat=-5.520 lon=-36.170 mag=2.6 window=+/-120.0s r=1.0deg
MATCHED: 2013-10-30T17:58:56Z -> data/sisbra_all_w24/20131030T175856_usp2013vhdn_row2482 picks=9
[517/3570] SISBRA 2014-01-30T23:48:00 lat=-21.920 lon=-49.810 mag=2.4 window=+/-120.0s r=1.0deg
MATCHED: 2013-11-02T19:29:42Z -> data/sisbra_all_w24/20131102T192942_usp2013vmta_row2491 picks=8
[518/3570] SISBRA 2014-02-11T03:56:33 lat=-19.970 lon=-43.810 mag=3.0 window=+/-120.0s r=1.0deg
NO_MATCH: 2014-01-05T20:32:10Z -> data/sisbra_all_w24/20140105T203210_row2510
[519/3570] SISBRA 2014-03-09T06:02:29 lat=-23.990 lon=-41.970 mag=2.2 window=+/-120.0s r=1.0deg
  candidates=1 scored=1
  best=smi:org.gfz-potsdam.de/geofon/usp2013vrbc dt_s=0.176 dist_km=0.426 picks<=400.0km=10
NO_MATCH: 2014-01-07T08:40:00Z -> data/sisbra_all_w24/20140107T084000_row2511
[520/3570] SISBRA 2014-03-10T12:38:20 lat=-12.560 lon=-41.730 mag=2.0 window=+/-120.0s r=1.0deg
MATCHED: 2013-11-05T04:06:32Z -> data/sisbra_all_w24/20131105T040632_usp2013vrbc_row2494 picks=10
[521/3570] SISBRA 2014-03-11T17:42:11 lat=0.370 lon=-27.970 mag=5.0 window=+/-120.0s r=1.0deg
  candidates=1 scored=1
  best=smi:org.gfz-potsdam.de/geofon/usp2013vrdt dt_s=0.603 dist_km=0.340 picks<=400.0km=10
  candidates=1 scored=1
  candidates=1 scored=1
  best=smi:org.gfz-potsdam.de/geofon/usp2013wjpg dt_s=0.514 dist_km=0.342 picks<=400.0km=6
  best=smi:org.gfz-potsdam.de/geofon/usp2013xony dt_s=0.414 dist_km=0.348 picks<=400.0km=4
MATCHED: 2013-11-05T05:28:06Z -> data/sisbra_all_w24/20131105T052806_usp2013vrdt_row2495 picks=10
[522/3570] SISBRA 2014-03-17T06:55:29 lat=-24.560 lon=-45.540 mag=2.2 window=+/-120.0s r=1.0deg
  candidates=1 scored=1
  best=smi:org.gfz-potsdam.de/geofon/usp2013ouah dt_s=0.049 dist_km=0.195 picks<=400.0km=1
MATCHED: 2013-11-15T07:42:34Z -> data/sisbra_all_w24/20131115T074234_usp2013wjpg_row2499 picks=6
[523/3570] SISBRA 2014-03-19T21:17:49 lat=-21.080 lon=-48.540 mag=0.8 window=+/-120.0s r=1.0deg
NO_MATCH: 2014-03-10T12:38:20Z -> data/sisbra_all_w24/20140310T123820_row2516
[524/3570] SISBRA 2014-03-27T17:59:16 lat=-8.600 lon=-74.010 mag=5.1 window=+/-120.0s r=1.0deg
MATCHED: 2013-12-02T06:16:40Z -> data/sisbra_all_w24/20131202T061640_usp2013xony_row2503 picks=4
[525/3570] SISBRA 2014-04-01T16:06:58 lat=-16.710 lon=-43.730 mag=2.5 window=+/-120.0s r=1.0deg
MATCHED: 2013-07-30T04:22:04Z -> data/sisbra_all_w24/20130730T042204_usp2013ouah_row2463 picks=1
[526/3570] SISBRA 2014-04-01T16:11:23 lat=-16.630 lon=-43.740 mag=2.0 window=+/-120.0s r=1.0deg
  candidates=1 scored=1
  best=smi:org.gfz-potsdam.de/geofon/usp2013uxof dt_s=2.724 dist_km=43.569 picks<=400.0km=2
  candidates=1 scored=1
  best=smi:org.gfz-potsdam.de/geofon/usp2013pqte dt_s=0.021 dist_km=0.119 picks<=400.0km=0
MATCHED: 2013-10-25T12:01:12Z -> data/sisbra_all_w24/20131025T120114_usp2013uxof_row2478 picks=2
[527/3570] SISBRA 2014-04-04T16:59:51 lat=-13.670 lon=-49.180 mag=3.3 window=+/-120.0s r=1.0deg
NO_MATCH: 2014-04-01T16:11:23Z -> data/sisbra_all_w24/20140401T161123_row2522
[528/3570] SISBRA 2014-04-04T17:05:51 lat=-13.700 lon=-49.230 mag=2.8 window=+/-120.0s r=1.0deg
  candidates=1 scored=1
  best=smi:org.gfz-potsdam.de/geofon/usp2013hogz dt_s=1.192 dist_km=13.994 picks<=400.0km=5
  candidates=1 scored=1
  best=smi:org.gfz-potsdam.de/geofon/usp2013vanl dt_s=0.161 dist_km=0.571 picks<=400.0km=6
MATCHED: 2013-08-11T14:53:46Z -> data/sisbra_all_w24/20130811T145346_usp2013pqte_row2469 picks=0
[529/3570] SISBRA 2014-04-05T17:08:41 lat=-20.270 lon=-43.930 mag=2.1 window=+/-120.0s r=1.0deg
  candidates=1 scored=1
  best=smi:org.gfz-potsdam.de/geofon/usp2013tuzh dt_s=0.507 dist_km=0.394 picks<=400.0km=6
MATCHED: 2013-04-18T10:10:52Z -> data/sisbra_all_w24/20130418T101050_usp2013hogz_row2439 picks=5
[530/3570] SISBRA 2014-04-05T17:09:11 lat=-20.270 lon=-43.930 mag=2.7 window=+/-120.0s r=1.0deg
MATCHED: 2013-10-27T03:02:06Z -> data/sisbra_all_w24/20131027T030206_usp2013vanl_row2479 picks=6
[531/3570] SISBRA 2014-04-05T17:11:55 lat=-20.270 lon=-43.930 mag=2.1 window=+/-120.0s r=1.0deg
  candidates=1 scored=1
  best=smi:org.gfz-potsdam.de/geofon/usp2013uxmn dt_s=0.667 dist_km=0.683 picks<=400.0km=10
MATCHED: 2013-10-09T20:40:28Z -> data/sisbra_all_w24/20131009T204028_usp2013tuzh_row2474 picks=6
[532/3570] SISBRA 2014-04-05T17:19:41 lat=-20.270 lon=-43.930 mag=1.8 window=+/-120.0s r=1.0deg
MATCHED: 2013-10-25T11:09:39Z -> data/sisbra_all_w24/20131025T110939_usp2013uxmn_row2477 picks=10
[533/3570] SISBRA 2014-04-05T17:22:04 lat=-20.270 lon=-43.930 mag=1.8 window=+/-120.0s r=1.0deg
  candidates=1 scored=1
  best=smi:org.gfz-potsdam.de/geofon/usp2013vnzc dt_s=0.021 dist_km=0.517 picks<=400.0km=9
  candidates=1 scored=1
  best=smi:org.gfz-potsdam.de/geofon/usp2014alxg dt_s=0.104 dist_km=0.326 picks<=400.0km=7
MATCHED: 2013-11-03T11:41:57Z -> data/sisbra_all_w24/20131103T114157_usp2013vnzc_row2493 picks=9
[534/3570] SISBRA 2014-04-06T13:39:29.600000 lat=-16.688 lon=-43.890 mag=3.3 window=+/-120.0s r=1.0deg
MATCHED: 2014-01-07T12:14:00Z -> data/sisbra_all_w24/20140107T121400_usp2014alxg_row2512 picks=7
[535/3570] SISBRA 2014-04-06T13:43:50 lat=-16.700 lon=-43.881 mag=1.9 window=+/-120.0s r=1.0deg
  candidates=1 scored=1
  best=smi:org.gfz-potsdam.de/geofon/usp2014fmhx dt_s=0.000 dist_km=0.614 picks<=400.0km=1
MATCHED: 2014-03-19T21:17:49Z -> data/sisbra_all_w24/20140319T211749_usp2014fmhx_row2519 picks=1
[536/3570] SISBRA 2014-04-06T14:47:00 lat=-16.680 lon=-43.891 mag=2.3 window=+/-120.0s r=1.0deg
  candidates=1 scored=1
  best=smi:org.gfz-potsdam.de/geofon/usp2013vrzw dt_s=0.214 dist_km=0.383 picks<=400.0km=10
MATCHED: 2013-11-05T16:38:13Z -> data/sisbra_all_w24/20131105T163813_usp2013vrzw_row2496 picks=10
[537/3570] SISBRA 2014-04-06T19:31:05.300000 lat=-16.685 lon=-43.888 mag=3.4 window=+/-120.0s r=1.0deg
  candidates=1 scored=1
  best=smi:org.gfz-potsdam.de/geofon/usp2014exkt dt_s=0.046 dist_km=0.607 picks<=400.0km=0
  candidates=1 scored=1
  best=smi:org.gfz-potsdam.de/geofon/usp2014fhol dt_s=0.166 dist_km=0.356 picks<=400.0km=3
  candidates=1 scored=1
  best=smi:org.gfz-potsdam.de/geofon/usp2014gspz dt_s=0.000 dist_km=0.107 picks<=400.0km=2
  candidates=1 scored=1
MATCHED: 2014-03-17T06:55:29Z -> data/sisbra_all_w24/20140317T065529_usp2014fhol_row2518 picks=3
[538/3570] SISBRA 2014-04-07T15:27:34 lat=-8.290 lon=-71.520 mag=5.2 window=+/-120.0s r=1.0deg
  best=smi:org.gfz-potsdam.de/geofon/usp2013xteo dt_s=0.484 dist_km=1.414 picks<=400.0km=10
MATCHED: 2014-03-11T17:42:11Z -> data/sisbra_all_w24/20140311T174211_usp2014exkt_row2517 picks=0
[539/3570] SISBRA 2014-04-08T02:55:23 lat=-16.770 lon=-43.970 mag=2.9 window=+/-120.0s r=1.0deg
MATCHED: 2013-12-04T19:12:28Z -> data/sisbra_all_w24/20131204T191228_usp2013xteo_row2504 picks=10
[540/3570] SISBRA 2014-04-08T08:33:52 lat=-24.520 lon=-45.190 mag=1.8 window=+/-120.0s r=1.0deg
MATCHED: 2014-04-06T13:43:50Z -> data/sisbra_all_w24/20140406T134350_usp2014gspz_row2531 picks=2
[541/3570] SISBRA 2014-04-11T18:51:37 lat=-16.690 lon=-43.730 mag=1.6 window=+/-120.0s r=1.0deg
  candidates=1 scored=1
  best=smi:org.gfz-potsdam.de/geofon/usp2013xwop dt_s=0.377 dist_km=2.465 picks<=400.0km=11
  candidates=1 scored=1
  best=smi:org.gfz-potsdam.de/geofon/usp2014eswr dt_s=0.481 dist_km=0.467 picks<=400.0km=3
MATCHED: 2013-12-06T15:41:36Z -> data/sisbra_all_w24/20131206T154136_usp2013xwop_row2505 picks=11
[542/3570] SISBRA 2014-04-12T17:36:12 lat=-12.480 lon=-57.190 mag=2.6 window=+/-120.0s r=1.0deg
MATCHED: 2014-03-09T06:02:29Z -> data/sisbra_all_w24/20140309T060229_usp2014eswr_row2515 picks=3
[543/3570] SISBRA 2014-04-14T07:47:31 lat=4.890 lon=-32.020 mag=4.4 window=+/-120.0s r=1.0deg
  candidates=1 scored=1
  best=smi:org.gfz-potsdam.de/geofon/usp2014gpfq dt_s=0.226 dist_km=0.368 picks<=400.0km=1
  candidates=1 scored=1
  best=smi:org.gfz-potsdam.de/geofon/usp2014grbr dt_s=0.109 dist_km=3.487 picks<=400.0km=6
  candidates=1 scored=1
  best=smi:org.gfz-potsdam.de/geofon/usp2014grbi dt_s=0.711 dist_km=2.504 picks<=400.0km=7
MATCHED: 2014-04-04T17:05:51Z -> data/sisbra_all_w24/20140404T170551_usp2014gpfq_row2524 picks=1
[544/3570] SISBRA 2014-04-15T01:17:26 lat=-19.470 lon=-45.390 mag=2.0 window=+/-120.0s r=1.0deg
MATCHED: 2014-04-05T17:11:55Z -> data/sisbra_all_w24/20140405T171155_usp2014grbi_row2527 picks=7
[545/3570] SISBRA 2014-04-17T16:30:22 lat=-14.920 lon=-58.650 mag=2.5 window=+/-120.0s r=1.0deg
MATCHED: 2014-04-05T17:22:04Z -> data/sisbra_all_w24/20140405T172203_usp2014grbr_row2529 picks=6
[546/3570] SISBRA 2014-04-17T16:44:48 lat=-17.190 lon=-50.790 mag=2.2 window=+/-120.0s r=1.0deg
  candidates=1 scored=1
  best=smi:org.gfz-potsdam.de/geofon/usp2014gjre dt_s=0.259 dist_km=0.484 picks<=400.0km=6
  candidates=1 scored=1
  best=smi:org.gfz-potsdam.de/geofon/usp2014grbp dt_s=0.278 dist_km=0.707 picks<=400.0km=7
  candidates=1 scored=1
  best=smi:org.gfz-potsdam.de/geofon/usp2013zhec dt_s=0.152 dist_km=1.753 picks<=400.0km=9
MATCHED: 2014-04-01T16:06:58Z -> data/sisbra_all_w24/20140401T160658_usp2014gjre_row2521 picks=6
[547/3570] SISBRA 2014-04-20T16:09:44 lat=-2.970 lon=-40.600 mag=2.3 window=+/-120.0s r=1.0deg
MATCHED: 2014-04-05T17:19:41Z -> data/sisbra_all_w24/20140405T171941_usp2014grbp_row2528 picks=7
[548/3570] SISBRA 2014-04-23T16:45:24 lat=-15.120 lon=-59.950 mag=2.9 window=+/-120.0s r=1.0deg
MATCHED: 2013-12-26T16:25:23Z -> data/sisbra_all_w24/20131226T162522_usp2013zhec_row2508 picks=9
[549/3570] SISBRA 2014-04-27T12:45:09 lat=-5.910 lon=-35.570 mag=1.3 window=+/-120.0s r=1.0deg
  candidates=1 scored=1
  best=smi:org.gfz-potsdam.de/geofon/usp2014hcdq dt_s=0.000 dist_km=0.394 picks<=400.0km=2
  candidates=1 scored=1
  candidates=1 scored=1
  best=smi:org.gfz-potsdam.de/geofon/usp2014cxfl dt_s=0.098 dist_km=2.462 picks<=400.0km=3
  candidates=1 scored=1
  best=smi:org.gfz-potsdam.de/geofon/usp2014hmym dt_s=0.932 dist_km=0.257 picks<=400.0km=4
  candidates=1 scored=1
  best=smi:org.gfz-potsdam.de/geofon/usp2014gssb dt_s=0.936 dist_km=0.286 picks<=400.0km=2
  candidates=1 scored=1
  best=smi:org.gfz-potsdam.de/geofon/usp2014ccus dt_s=0.858 dist_km=0.095 picks<=400.0km=8
  best=smi:org.gfz-potsdam.de/geofon/usp2013xfjo dt_s=1.124 dist_km=45.771 picks<=400.0km=9
MATCHED: 2014-04-11T18:51:37Z -> data/sisbra_all_w24/20140411T185137_usp2014hcdq_row2537 picks=2
[550/3570] SISBRA 2014-04-27T12:51:39 lat=-5.910 lon=-36.560 mag=1.7 window=+/-120.0s r=1.0deg
MATCHED: 2014-02-11T03:56:33Z -> data/sisbra_all_w24/20140211T035633_usp2014cxfl_row2514 picks=3
[551/3570] SISBRA 2014-04-29T17:09:53 lat=-14.970 lon=-59.780 mag=2.4 window=+/-120.0s r=1.0deg
MATCHED: 2014-04-06T14:47:00Z -> data/sisbra_all_w24/20140406T144700_usp2014gssb_row2532 picks=2
[552/3570] SISBRA 2014-05-02T11:37:33 lat=-19.550 lon=-57.370 mag=3.7 window=+/-120.0s r=1.0deg
MATCHED: 2014-04-17T16:44:48Z -> data/sisbra_all_w24/20140417T164448_usp2014hmym_row2542 picks=4
[553/3570] SISBRA 2014-05-08T14:54:01 lat=-20.600 lon=-45.290 mag=2.4 window=+/-120.0s r=1.0deg
MATCHED: 2013-11-27T05:50:05Z -> data/sisbra_all_w24/20131127T055006_usp2013xfjo_row2501 picks=9
[554/3570] SISBRA 2014-05-12T16:32:39 lat=-16.410 lon=-56.290 mag=2.6 window=+/-120.0s r=1.0deg
MATCHED: 2014-01-30T23:48:00Z -> data/sisbra_all_w24/20140130T234800_usp2014ccus_row2513 picks=8
[555/3570] SISBRA 2014-05-13T02:49:37 lat=-23.660 lon=-45.970 mag=2.1 window=+/-120.0s r=1.0deg
  candidates=1 scored=1
  best=smi:org.gfz-potsdam.de/geofon/usp2014gpfl dt_s=1.438 dist_km=8.013 picks<=400.0km=1
MATCHED: 2014-04-04T16:59:51Z -> data/sisbra_all_w24/20140404T165952_usp2014gpfl_row2523 picks=1
[556/3570] SISBRA 2014-05-15T06:03:38 lat=-16.660 lon=-43.880 mag=1.3 window=+/-120.0s r=1.0deg
  candidates=1 scored=1
  best=smi:org.gfz-potsdam.de/geofon/usp2014hmxz dt_s=0.120 dist_km=0.525 picks<=400.0km=1
  candidates=1 scored=1
  best=smi:org.gfz-potsdam.de/geofon/usp2014gvwt dt_s=0.479 dist_km=0.440 picks<=400.0km=4
  candidates=1 scored=1
  candidates=1 scored=1
  best=smi:org.gfz-potsdam.de/geofon/usp2014hsjv dt_s=0.731 dist_km=0.423 picks<=400.0km=3
  best=smi:org.gfz-potsdam.de/geofon/usp2014gvlp dt_s=0.688 dist_km=0.178 picks<=400.0km=3
MATCHED: 2014-04-08T08:33:52Z -> data/sisbra_all_w24/20140408T083352_usp2014gvwt_row2536 picks=4
[557/3570] SISBRA 2014-05-15T14:17:59 lat=-23.590 lon=-51.800 mag=2.7 window=+/-120.0s r=1.0deg
MATCHED: 2014-04-17T16:30:22Z -> data/sisbra_all_w24/20140417T163022_usp2014hmxz_row2541 picks=1
[558/3570] SISBRA 2014-05-15T14:57:42 lat=-16.690 lon=-43.860 mag=1.5 window=+/-120.0s r=1.0deg
  candidates=1 scored=1
  best=smi:org.gfz-potsdam.de/geofon/usp2014iexp dt_s=0.000 dist_km=0.417 picks<=400.0km=0
MATCHED: 2014-04-20T16:09:44Z -> data/sisbra_all_w24/20140420T160944_usp2014hsjv_row2543 picks=3
[559/3570] SISBRA 2014-05-15T15:03:28 lat=-10.410 lon=-48.910 mag=3.0 window=+/-120.0s r=1.0deg
MATCHED: 2014-04-08T02:55:23Z -> data/sisbra_all_w24/20140408T025523_usp2014gvlp_row2535 picks=3
[560/3570] SISBRA 2014-05-16T20:01:22 lat=-16.730 lon=-44.000 mag=1.5 window=+/-120.0s r=1.0deg
  candidates=1 scored=1
MATCHED: 2014-04-27T12:45:09Z -> data/sisbra_all_w24/20140427T124509_usp2014iexp_row2545 picks=0
[561/3570] SISBRA 2014-05-19T16:38:28 lat=-14.710 lon=-59.100 mag=2.1 window=+/-120.0s r=1.0deg
  best=smi:org.gfz-potsdam.de/geofon/usp2014hicw dt_s=0.655 dist_km=0.533 picks<=400.0km=4
  candidates=1 scored=1
  best=smi:org.gfz-potsdam.de/geofon/usp2014iexv dt_s=0.000 dist_km=0.489 picks<=400.0km=1
  candidates=1 scored=1
  best=smi:org.gfz-potsdam.de/geofon/usp2014hxxn dt_s=0.813 dist_km=0.582 picks<=400.0km=2
MATCHED: 2014-04-15T01:17:26Z -> data/sisbra_all_w24/20140415T011726_usp2014hicw_row2540 picks=4
[562/3570] SISBRA 2014-05-20T17:02:11 lat=-31.600 lon=-53.860 mag=2.4 window=+/-120.0s r=1.0deg
MATCHED: 2014-04-27T12:51:39Z -> data/sisbra_all_w24/20140427T125139_usp2014iexv_row2546 picks=1
[563/3570] SISBRA 2014-05-20T17:08:08 lat=-5.530 lon=-55.300 mag=3.0 window=+/-120.0s r=1.0deg
MATCHED: 2014-04-23T16:45:24Z -> data/sisbra_all_w24/20140423T164524_usp2014hxxn_row2544 picks=2
[564/3570] SISBRA 2014-05-20T19:23:10 lat=-16.690 lon=-43.870 mag=1.7 window=+/-120.0s r=1.0deg
  candidates=1 scored=1
  best=smi:org.gfz-potsdam.de/geofon/usp2013zkpr dt_s=1.131 dist_km=2.707 picks<=400.0km=0
  candidates=1 scored=1
  best=smi:org.gfz-potsdam.de/geofon/usp2014gspv dt_s=0.905 dist_km=10.475 picks<=400.0km=1
  candidates=1 scored=1
  best=smi:org.gfz-potsdam.de/geofon/usp2014jlhk dt_s=0.466 dist_km=0.553 picks<=400.0km=3
MATCHED: 2013-12-28T13:40:45Z -> data/sisbra_all_w24/20131228T134043_usp2013zkpr_row2509 picks=0
[565/3570] SISBRA 2014-05-21T19:58:50 lat=-16.780 lon=-43.900 mag=1.7 window=+/-120.0s r=1.0deg
MATCHED: 2014-04-06T13:39:29.600000Z -> data/sisbra_all_w24/20140406T133928_usp2014gspv_row2530 picks=1
[566/3570] SISBRA 2014-05-22T05:28:02 lat=-21.060 lon=-44.660 mag=1.2 window=+/-120.0s r=1.0deg
MATCHED: 2014-05-15T06:03:38Z -> data/sisbra_all_w24/20140515T060338_usp2014jlhk_row2552 picks=3
[567/3570] SISBRA 2014-05-22T05:42:56 lat=-21.050 lon=-44.660 mag=0.3 window=+/-120.0s r=1.0deg
  candidates=1 scored=1
  best=smi:org.gfz-potsdam.de/geofon/usp2014jlza dt_s=0.000 dist_km=0.385 picks<=400.0km=2
  candidates=1 scored=1
  best=smi:org.gfz-potsdam.de/geofon/usp2014hdwq dt_s=0.701 dist_km=0.209 picks<=400.0km=2
  candidates=1 scored=1
  best=smi:org.gfz-potsdam.de/geofon/usp2014hgug dt_s=0.877 dist_km=0.578 picks<=400.0km=0
  candidates=1 scored=1
  candidates=1 scored=1
  best=smi:org.gfz-potsdam.de/geofon/usp2014joeo dt_s=0.990 dist_km=0.575 picks<=400.0km=1
  best=smi:org.gfz-potsdam.de/geofon/usp2013yahz dt_s=0.816 dist_km=0.600 picks<=400.0km=0
MATCHED: 2014-04-14T07:47:31Z -> data/sisbra_all_w24/20140414T074731_usp2014hgug_row2539 picks=0
[568/3570] SISBRA 2014-05-22T05:47:26 lat=-21.050 lon=-44.660 mag=0.8 window=+/-120.0s r=1.0deg
MATCHED: 2014-05-15T14:57:42Z -> data/sisbra_all_w24/20140515T145742_usp2014jlza_row2554 picks=2
[569/3570] SISBRA 2014-05-22T14:59:29 lat=-22.790 lon=-43.770 mag=2.3 window=+/-120.0s r=1.0deg
MATCHED: 2014-04-12T17:36:12Z -> data/sisbra_all_w24/20140412T173612_usp2014hdwq_row2538 picks=2
[570/3570] SISBRA 2014-05-22T15:02:29 lat=-31.430 lon=-52.100 mag=2.8 window=+/-120.0s r=1.0deg
MATCHED: 2014-05-16T20:01:22Z -> data/sisbra_all_w24/20140516T200122_usp2014joeo_row2556 picks=1
[571/3570] SISBRA 2014-05-22T18:56:25 lat=-5.940 lon=-50.180 mag=3.3 window=+/-120.0s r=1.0deg
MATCHED: 2013-12-08T16:54:00Z -> data/sisbra_all_w24/20131208T165400_usp2013yahz_row2506 picks=0
[572/3570] SISBRA 2014-05-22T20:19:06 lat=-16.690 lon=-43.870 mag=1.1 window=+/-120.0s r=1.0deg
  candidates=1 scored=1
  best=smi:org.gfz-potsdam.de/geofon/usp2014jgpq dt_s=0.374 dist_km=0.125 picks<=400.0km=0
  candidates=1 scored=1
MATCHED: 2014-05-12T16:32:39Z -> data/sisbra_all_w24/20140512T163239_usp2014jgpq_row2550 picks=0
[573/3570] SISBRA 2014-05-24T11:49:34 lat=0.330 lon=-27.020 mag=4.9 window=+/-120.0s r=1.0deg
  best=smi:org.gfz-potsdam.de/geofon/usp2014izej dt_s=0.365 dist_km=0.285 picks<=400.0km=10
  candidates=1 scored=1
  best=smi:org.gfz-potsdam.de/geofon/usp2014jybg dt_s=0.000 dist_km=0.574 picks<=400.0km=0
MATCHED: 2014-05-08T14:54:01Z -> data/sisbra_all_w24/20140508T145401_usp2014izej_row2549 picks=10
[574/3570] SISBRA 2014-05-25T04:26:36 lat=-21.060 lon=-44.660 mag=0.6 window=+/-120.0s r=1.0deg
  candidates=1 scored=1
  best=smi:org.gfz-potsdam.de/geofon/usp2014jlzg dt_s=0.306 dist_km=0.454 picks<=400.0km=1
  candidates=1 scored=1
  best=smi:org.gfz-potsdam.de/geofon/usp2014jvlh dt_s=0.000 dist_km=0.237 picks<=400.0km=4
MATCHED: 2014-05-22T05:42:56Z -> data/sisbra_all_w24/20140522T054256_usp2014jybg_row2563 picks=0
[575/3570] SISBRA 2014-05-26T20:04:35 lat=-16.750 lon=-43.850 mag=1.6 window=+/-120.0s r=1.0deg
MATCHED: 2014-05-15T15:03:28Z -> data/sisbra_all_w24/20140515T150328_usp2014jlzg_row2555 picks=1
[576/3570] SISBRA 2014-05-28T14:59:20 lat=-16.700 lon=-43.860 mag=1.2 window=+/-120.0s r=1.0deg
MATCHED: 2014-05-20T19:23:10Z -> data/sisbra_all_w24/20140520T192310_usp2014jvlh_row2560 picks=4
[577/3570] SISBRA 2014-05-28T19:48:42 lat=-31.700 lon=-52.440 mag=2.4 window=+/-120.0s r=1.0deg
  candidates=1 scored=1
  best=smi:org.gfz-potsdam.de/geofon/usp2014iixi dt_s=0.771 dist_km=0.375 picks<=400.0km=1
MATCHED: 2014-04-29T17:09:53Z -> data/sisbra_all_w24/20140429T170953_usp2014iixi_row2547 picks=1
[578/3570] SISBRA 2014-05-29T12:20:54 lat=-21.070 lon=-44.660 mag=0.5 window=+/-120.0s r=1.0deg
  candidates=1 scored=1
  best=smi:org.gfz-potsdam.de/geofon/usp2014gtbk dt_s=0.748 dist_km=0.706 picks<=400.0km=3
  candidates=1 scored=1
  best=smi:org.gfz-potsdam.de/geofon/usp2014jyat dt_s=0.000 dist_km=0.587 picks<=400.0km=1
MATCHED: 2014-04-06T19:31:05.300000Z -> data/sisbra_all_w24/20140406T193104_usp2014gtbk_row2533 picks=3
[579/3570] SISBRA 2014-05-30T14:13:06 lat=-20.410 lon=-46.160 mag=2.3 window=+/-120.0s r=1.0deg
  candidates=1 scored=1
  best=smi:org.gfz-potsdam.de/geofon/usp2014jtkj dt_s=0.008 dist_km=0.546 picks<=400.0km=2
MATCHED: 2014-05-22T05:28:02Z -> data/sisbra_all_w24/20140522T052802_usp2014jyat_row2562 picks=1
[580/3570] SISBRA 2014-05-30T18:16:48 lat=-1.010 lon=-59.640 mag=3.7 window=+/-120.0s r=1.0deg
  candidates=1 scored=1
  best=smi:org.gfz-potsdam.de/geofon/usp2014jzed dt_s=0.000 dist_km=0.236 picks<=400.0km=0
  candidates=1 scored=1
  best=smi:org.gfz-potsdam.de/geofon/usp2014jhka dt_s=0.556 dist_km=0.429 picks<=400.0km=7
MATCHED: 2014-05-19T16:38:28Z -> data/sisbra_all_w24/20140519T163828_usp2014jtkj_row2557 picks=2
[581/3570] SISBRA 2014-05-30T20:20:44 lat=-16.690 lon=-43.850 mag=1.4 window=+/-120.0s r=1.0deg
MATCHED: 2014-05-22T20:19:06Z -> data/sisbra_all_w24/20140522T201906_usp2014jzed_row2568 picks=0
[582/3570] SISBRA 2014-05-30T20:23:56 lat=-1.010 lon=-59.640 mag=1.3 window=+/-120.0s r=1.0deg
  candidates=1 scored=1
  best=smi:org.gfz-potsdam.de/geofon/usp2014kglr dt_s=0.540 dist_km=0.340 picks<=400.0km=3
  candidates=1 scored=1
  best=smi:org.gfz-potsdam.de/geofon/usp2014jybk dt_s=0.000 dist_km=0.720 picks<=400.0km=2
MATCHED: 2014-05-26T20:04:35Z -> data/sisbra_all_w24/20140526T200435_usp2014kglr_row2571 picks=3
[583/3570] SISBRA 2014-05-30T20:52:42 lat=-1.010 lon=-59.640 mag=2.4 window=+/-120.0s r=1.0deg
MATCHED: 2014-05-13T02:49:37Z -> data/sisbra_all_w24/20140513T024937_usp2014jhka_row2551 picks=7
[584/3570] SISBRA 2014-05-30T21:03:23 lat=-30.450 lon=-52.930 mag=2.0 window=+/-120.0s r=1.0deg
MATCHED: 2014-05-22T05:47:26Z -> data/sisbra_all_w24/20140522T054726_usp2014jybk_row2564 picks=2
[585/3570] SISBRA 2014-05-30T21:30:12 lat=-11.750 lon=-47.660 mag=1.9 window=+/-120.0s r=1.0deg
  candidates=2 scored=2
  best=smi:org.gfz-potsdam.de/geofon/usp2014grbg dt_s=0.037 dist_km=2.140 picks<=400.0km=8
  candidates=1 scored=1
  candidates=1 scored=1
  best=smi:org.gfz-potsdam.de/geofon/usp2014jvgv dt_s=0.329 dist_km=0.537 picks<=400.0km=0
  best=smi:org.gfz-potsdam.de/geofon/usp2014jxhz dt_s=0.362 dist_km=0.568 picks<=400.0km=5
MATCHED: 2014-04-05T17:08:41Z -> data/sisbra_all_w24/20140405T170841_usp2014grbg_row2525 picks=8
[586/3570] SISBRA 2014-06-02T17:04:47 lat=-15.080 lon=-59.940 mag=2.9 window=+/-120.0s r=1.0deg
MATCHED: 2014-05-21T19:58:50Z -> data/sisbra_all_w24/20140521T195850_usp2014jxhz_row2561 picks=5
[587/3570] SISBRA 2014-06-03T00:45:36 lat=-8.540 lon=-53.240 mag=3.3 window=+/-120.0s r=1.0deg
MATCHED: 2014-05-20T17:08:08Z -> data/sisbra_all_w24/20140520T170808_usp2014jvgv_row2559 picks=0
[588/3570] SISBRA 2014-06-03T19:28:00 lat=-14.720 lon=-59.100 mag=2.8 window=+/-120.0s r=1.0deg
  candidates=1 scored=1
  best=smi:org.gfz-potsdam.de/geofon/usp2014klix dt_s=0.000 dist_km=0.691 picks<=400.0km=2
  candidates=1 scored=1
  best=smi:org.gfz-potsdam.de/geofon/usp2014kdlg dt_s=0.000 dist_km=0.490 picks<=400.0km=2
MATCHED: 2014-05-29T12:20:54Z -> data/sisbra_all_w24/20140529T122054_usp2014klix_row2574 picks=2
[589/3570] SISBRA 2014-06-03T20:07:39 lat=-0.990 lon=-59.740 mag=2.5 window=+/-120.0s r=1.0deg
  candidates=1 scored=1
  best=smi:org.gfz-potsdam.de/geofon/usp2014jyts dt_s=0.922 dist_km=0.517 picks<=400.0km=5
MATCHED: 2014-05-25T04:26:36Z -> data/sisbra_all_w24/20140525T042636_usp2014kdlg_row2570 picks=2
[590/3570] SISBRA 2014-06-04T15:12:25 lat=-21.620 lon=-44.930 mag=2.2 window=+/-120.0s r=1.0deg
MATCHED: 2014-05-22T15:02:29Z -> data/sisbra_all_w24/20140522T150229_usp2014jyts_row2566 picks=5
[591/3570] SISBRA 2014-06-04T20:55:31 lat=-18.800 lon=-47.760 mag=2.7 window=+/-120.0s r=1.0deg
  candidates=1 scored=1  candidates=1 scored=1
  best=smi:org.gfz-potsdam.de/geofon/usp2014jvgq dt_s=0.768 dist_km=0.451 picks<=400.0km=1

  best=smi:org.gfz-potsdam.de/geofon/usp2014jzbk dt_s=0.108 dist_km=0.474 picks<=400.0km=1
  candidates=1 scored=1
  best=smi:org.gfz-potsdam.de/geofon/usp2014garj dt_s=0.435 dist_km=0.206 picks<=400.0km=0
  candidates=1 scored=1
  best=smi:org.gfz-potsdam.de/geofon/usp2014jlxs dt_s=0.825 dist_km=0.523 picks<=400.0km=4
  candidates=1 scored=1
  best=smi:org.gfz-potsdam.de/geofon/usp2014kjsq dt_s=0.000 dist_km=0.670 picks<=400.0km=0
MATCHED: 2014-05-22T18:56:25Z -> data/sisbra_all_w24/20140522T185625_usp2014jzbk_row2567 picks=1
[592/3570] SISBRA 2014-06-04T23:57:16 lat=-22.790 lon=-44.390 mag=2.3 window=+/-120.0s r=1.0deg
  candidates=2 scored=2
MATCHED: 2014-05-20T17:02:11Z -> data/sisbra_all_w24/20140520T170211_usp2014jvgq_row2558 picks=1
[593/3570] SISBRA 2014-06-05T12:55:49 lat=-8.580 lon=-53.260 mag=3.3 window=+/-120.0s r=1.0deg
  candidates=2 scored=2
  best=smi:org.gfz-potsdam.de/geofon/usp2014knve dt_s=0.000 dist_km=0.522 picks<=400.0km=0
  best=smi:org.gfz-potsdam.de/geofon/usp2014grbh dt_s=0.190 dist_km=0.567 picks<=400.0km=6
MATCHED: 2014-05-28T14:59:20Z -> data/sisbra_all_w24/20140528T145920_usp2014kjsq_row2572 picks=0
[594/3570] SISBRA 2014-06-05T20:20:27 lat=-16.650 lon=-43.880 mag=1.5 window=+/-120.0s r=1.0deg
MATCHED: 2014-05-15T14:17:59Z -> data/sisbra_all_w24/20140515T141759_usp2014jlxs_row2553 picks=4
[595/3570] SISBRA 2014-06-06T15:48:44 lat=-15.800 lon=-55.610 mag=0.3 window=+/-120.0s r=1.0deg
MATCHED: 2014-03-27T17:59:16Z -> data/sisbra_all_w24/20140327T175916_usp2014garj_row2520 picks=0
[596/3570] SISBRA 2014-06-09T14:59:24 lat=-16.670 lon=-43.880 mag=1.4 window=+/-120.0s r=1.0deg
MATCHED: 2014-05-30T20:52:42Z -> data/sisbra_all_w24/20140530T205242_usp2014knve_row2579 picks=0
[597/3570] SISBRA 2014-06-10T20:19:41 lat=-16.640 lon=-43.890 mag=1.3 window=+/-120.0s r=1.0deg
MATCHED: 2014-04-05T17:09:11Z -> data/sisbra_all_w24/20140405T170911_usp2014grbh_row2526 picks=6
[598/3570] SISBRA 2014-06-10T20:50:09 lat=-5.630 lon=-56.360 mag=3.3 window=+/-120.0s r=1.0deg
  candidates=1 scored=1
  best=smi:org.gfz-potsdam.de/geofon/usp2014knvq dt_s=0.974 dist_km=0.143 picks<=400.0km=7
  candidates=1 scored=1
  best=smi:org.gfz-potsdam.de/geofon/usp2014kkce dt_s=0.352 dist_km=0.527 picks<=400.0km=5
MATCHED: 2014-05-30T21:03:23Z -> data/sisbra_all_w24/20140530T210323_usp2014knvq_row2580 picks=7
[599/3570] SISBRA 2014-06-11T16:39:53 lat=-14.700 lon=-59.050 mag=2.8 window=+/-120.0s r=1.0deg
MATCHED: 2014-05-28T19:48:42Z -> data/sisbra_all_w24/20140528T194842_usp2014kkce_row2573 picks=5
[600/3570] SISBRA 2014-06-12T07:41:56 lat=-7.050 lon=-73.920 mag=3.7 window=+/-120.0s r=1.0deg
  candidates=1 scored=1
  best=smi:org.gfz-potsdam.de/geofon/usp2014knuf dt_s=0.538 dist_km=0.508 picks<=400.0km=2
  candidates=1 scored=1
  best=smi:org.gfz-potsdam.de/geofon/usp2014knwn dt_s=0.677 dist_km=0.525 picks<=400.0km=2
MATCHED: 2014-05-30T20:20:44Z -> data/sisbra_all_w24/20140530T202044_usp2014knuf_row2577 picks=2
[601/3570] SISBRA 2014-06-13T18:43:23 lat=-17.940 lon=-41.270 mag=2.1 window=+/-120.0s r=1.0deg
  candidates=1 scored=1
  best=smi:org.gfz-potsdam.de/geofon/usp2014knic dt_s=0.652 dist_km=0.167 picks<=400.0km=6
MATCHED: 2014-05-30T21:30:12Z -> data/sisbra_all_w24/20140530T213012_usp2014knwn_row2581 picks=2
[602/3570] SISBRA 2014-06-16T14:35:07 lat=-8.850 lon=-53.310 mag=3.1 window=+/-120.0s r=1.0deg
MATCHED: 2014-05-30T14:13:06Z -> data/sisbra_all_w24/20140530T141306_usp2014knic_row2575 picks=6
[603/3570] SISBRA 2014-06-16T15:02:39 lat=-16.740 lon=-43.820 mag=1.4 window=+/-120.0s r=1.0deg
  candidates=1 scored=1
  best=smi:org.gfz-potsdam.de/geofon/usp2014knui dt_s=0.000 dist_km=0.495 picks<=400.0km=0
  candidates=1 scored=1
  best=smi:org.gfz-potsdam.de/geofon/usp2014lafu dt_s=0.000 dist_km=0.076 picks<=400.0km=1
MATCHED: 2014-05-30T20:23:56Z -> data/sisbra_all_w24/20140530T202356_usp2014knui_row2578 picks=0
[604/3570] SISBRA 2014-06-16T19:20:16 lat=-16.660 lon=-43.960 mag=1.9 window=+/-120.0s r=1.0deg
MATCHED: 2014-06-06T15:48:44Z -> data/sisbra_all_w24/20140606T154844_usp2014lafu_row2591 picks=1
[605/3570] SISBRA 2014-06-16T20:09:25 lat=-16.690 lon=-43.820 mag=1.2 window=+/-120.0s r=1.0deg
  candidates=1 scored=1
  best=smi:org.gfz-potsdam.de/geofon/usp2014kvbv dt_s=0.486 dist_km=23.399 picks<=400.0km=0
  candidates=1 scored=1
  best=smi:org.gfz-potsdam.de/geofon/usp2014jytp dt_s=0.447 dist_km=0.440 picks<=400.0km=12
MATCHED: 2014-06-03T20:07:39Z -> data/sisbra_all_w24/20140603T200739_usp2014kvbv_row2585 picks=0
[606/3570] SISBRA 2014-06-16T21:42:06 lat=-6.470 lon=-36.890 mag=2.2 window=+/-120.0s r=1.0deg
MATCHED: 2014-05-22T14:59:29Z -> data/sisbra_all_w24/20140522T145929_usp2014jytp_row2565 picks=12
[607/3570] SISBRA 2014-06-17T17:00:04 lat=-16.830 lon=-43.830 mag=2.3 window=+/-120.0s r=1.0deg
  candidates=1 scored=1
  best=smi:org.gfz-potsdam.de/geofon/usp2014kvam dt_s=0.888 dist_km=0.493 picks<=400.0km=3
MATCHED: 2014-06-03T19:28:00Z -> data/sisbra_all_w24/20140603T192800_usp2014kvam_row2584 picks=3
[608/3570] SISBRA 2014-06-17T18:05:29 lat=-16.690 lon=-43.810 mag=2.0 window=+/-120.0s r=1.0deg
  candidates=1 scored=1
  best=smi:org.gfz-potsdam.de/geofon/usp2014lfqr dt_s=0.461 dist_km=0.633 picks<=400.0km=3
MATCHED: 2014-06-09T14:59:24Z -> data/sisbra_all_w24/20140609T145924_usp2014lfqr_row2592 picks=3
[609/3570] SISBRA 2014-06-18T03:29:25 lat=-5.580 lon=-36.100 mag=3.5 window=+/-120.0s r=1.0deg
  candidates=1 scored=1
  best=smi:org.gfz-potsdam.de/geofon/usp2014lhws dt_s=0.974 dist_km=0.217 picks<=400.0km=3
  candidates=1 scored=1
  best=smi:org.gfz-potsdam.de/geofon/usp2014kytg dt_s=0.910 dist_km=0.359 picks<=400.0km=3
  candidates=1 scored=1
  best=smi:org.gfz-potsdam.de/geofon/usp2014kwno dt_s=0.145 dist_km=0.287 picks<=400.0km=11
MATCHED: 2014-06-10T20:19:41Z -> data/sisbra_all_w24/20140610T201941_usp2014lhws_row2593 picks=3
[610/3570] SISBRA 2014-06-18T13:04:17 lat=-19.200 lon=-40.160 mag=2.8 window=+/-120.0s r=1.0deg
MATCHED: 2014-06-05T20:20:27Z -> data/sisbra_all_w24/20140605T202027_usp2014kytg_row2590 picks=3
[611/3570] SISBRA 2014-06-19T04:39:28 lat=-16.220 lon=-50.900 mag=3.0 window=+/-120.0s r=1.0deg
MATCHED: 2014-06-04T15:12:25Z -> data/sisbra_all_w24/20140604T151225_usp2014kwno_row2586 picks=11
[612/3570] SISBRA 2014-06-21T17:06:48 lat=-19.990 lon=-47.260 mag=2.9 window=+/-120.0s r=1.0deg
  candidates=1 scored=1
  best=smi:org.gfz-potsdam.de/geofon/usp2014ktah dt_s=0.166 dist_km=0.256 picks<=400.0km=0
  candidates=1 scored=1
  best=smi:org.gfz-potsdam.de/geofon/usp2014inyw dt_s=0.407 dist_km=0.320 picks<=400.0km=2
  candidates=1 scored=1
  best=smi:org.gfz-potsdam.de/geofon/usp2014kwyx dt_s=0.346 dist_km=0.628 picks<=400.0km=6
  candidates=1 scored=1
  best=smi:org.gfz-potsdam.de/geofon/usp2014lsvk dt_s=1.000 dist_km=0.439 picks<=400.0km=3
  candidates=1 scored=1
  best=smi:org.gfz-potsdam.de/geofon/usp2014lngb dt_s=0.700 dist_km=0.353 picks<=400.0km=8
MATCHED: 2014-05-02T11:37:33Z -> data/sisbra_all_w24/20140502T113733_usp2014inyw_row2548 picks=2
[613/3570] SISBRA 2014-06-22T15:26:57 lat=-5.580 lon=-36.100 mag=2.3 window=+/-120.0s r=1.0deg
MATCHED: 2014-06-02T17:04:47Z -> data/sisbra_all_w24/20140602T170447_usp2014ktah_row2582 picks=0
[614/3570] SISBRA 2014-06-23T15:01:04 lat=-16.690 lon=-43.800 mag=1.5 window=+/-120.0s r=1.0deg
MATCHED: 2014-06-04T20:55:31Z -> data/sisbra_all_w24/20140604T205531_usp2014kwyx_row2587 picks=6
[615/3570] SISBRA 2014-06-23T22:36:23 lat=-7.780 lon=-59.290 mag=3.4 window=+/-120.0s r=1.0deg
  candidates=1 scored=1
  best=smi:org.gfz-potsdam.de/geofon/usp2014lhxt dt_s=0.705 dist_km=0.273 picks<=400.0km=3
MATCHED: 2014-06-13T18:43:23Z -> data/sisbra_all_w24/20140613T184323_usp2014lngb_row2597 picks=8
[616/3570] SISBRA 2014-06-24T18:06:56 lat=-22.920 lon=-47.680 mag=2.6 window=+/-120.0s r=1.0deg
MATCHED: 2014-06-16T20:09:25Z -> data/sisbra_all_w24/20140616T200926_usp2014lsvk_row2601 picks=3
[617/3570] SISBRA 2014-06-24T20:21:02 lat=-16.700 lon=-43.820 mag=2.2 window=+/-120.0s r=1.0deg
  candidates=1 scored=1
  best=smi:org.gfz-potsdam.de/geofon/usp2014lsym dt_s=0.904 dist_km=0.465 picks<=400.0km=1MATCHED: 2014-06-10T20:50:09Z -> data/sisbra_all_w24/20140610T205009_usp2014lhxt_row2594 picks=3
[618/3570] SISBRA 2014-06-25T19:35:02 lat=-14.950 lon=-59.730 mag=2.5 window=+/-120.0s r=1.0deg

MATCHED: 2014-06-16T21:42:06Z -> data/sisbra_all_w24/20140616T214206_usp2014lsym_row2602 picks=1
[619/3570] SISBRA 2014-06-25T20:31:20 lat=-18.680 lon=-40.870 mag=0.9 window=+/-120.0s r=1.0deg
  candidates=1 scored=1
  candidates=1 scored=1
  best=smi:org.gfz-potsdam.de/geofon/usp2014lstu dt_s=0.378 dist_km=0.533 picks<=400.0km=3
  best=smi:org.gfz-potsdam.de/geofon/usp2014guox dt_s=0.558 dist_km=0.301 picks<=400.0km=0
MATCHED: 2014-06-16T19:20:16Z -> data/sisbra_all_w24/20140616T192016_usp2014lstu_row2600 picks=3
[620/3570] SISBRA 2014-06-26T19:55:51 lat=-8.490 lon=-49.400 mag=2.4 window=+/-120.0s r=1.0deg
  candidates=1 scored=1
  best=smi:org.gfz-potsdam.de/geofon/usp2014lslh dt_s=0.439 dist_km=0.181 picks<=400.0km=2
MATCHED: 2014-04-07T15:27:34Z -> data/sisbra_all_w24/20140407T152734_usp2014guox_row2534 picks=0
[621/3570] SISBRA 2014-06-27T01:07:41 lat=-21.970 lon=-45.500 mag=1.8 window=+/-120.0s r=1.0deg
  candidates=1 scored=1
  best=smi:org.gfz-potsdam.de/geofon/usp2014lvyk dt_s=0.978 dist_km=0.186 picks<=400.0km=3
MATCHED: 2014-06-16T15:02:39Z -> data/sisbra_all_w24/20140616T150239_usp2014lslh_row2599 picks=2
[622/3570] SISBRA 2014-06-27T01:47:59 lat=-29.110 lon=-51.310 mag=2.5 window=+/-120.0s r=1.0deg
MATCHED: 2014-06-18T13:04:17Z -> data/sisbra_all_w24/20140618T130417_usp2014lvyk_row2606 picks=3
[623/3570] SISBRA 2014-06-27T07:35:01 lat=-8.570 lon=-73.940 mag=4.6 window=+/-120.0s r=1.0deg
  candidates=1 scored=1
  best=smi:org.gfz-potsdam.de/geofon/usp2014lumv dt_s=0.803 dist_km=7.159 picks<=400.0km=2
MATCHED: 2014-06-17T18:05:29Z -> data/sisbra_all_w24/20140617T180529_usp2014lumv_row2604 picks=2
[624/3570] SISBRA 2014-07-01T20:49:16 lat=0.780 lon=-27.980 mag=4.6 window=+/-120.0s r=1.0deg
  candidates=1 scored=1
  best=smi:org.gfz-potsdam.de/geofon/usp2014kcei dt_s=0.117 dist_km=0.485 picks<=400.0km=0
  candidates=1 scored=1
  best=smi:org.gfz-potsdam.de/geofon/usp2014mfft dt_s=0.000 dist_km=0.511 picks<=400.0km=2
MATCHED: 2014-05-24T11:49:34Z -> data/sisbra_all_w24/20140524T114934_usp2014kcei_row2569 picks=0
[625/3570] SISBRA 2014-07-02T19:59:50 lat=-16.710 lon=-43.830 mag=2.4 window=+/-120.0s r=1.0deg
MATCHED: 2014-06-23T15:01:04Z -> data/sisbra_all_w24/20140623T150104_usp2014mfft_row2610 picks=2
[626/3570] SISBRA 2014-07-05T14:41:37 lat=-21.200 lon=-45.670 mag=2.0 window=+/-120.0s r=1.0deg
  candidates=1 scored=1
  best=smi:org.gfz-potsdam.de/geofon/usp2014kxex dt_s=0.925 dist_km=0.152 picks<=400.0km=13
  candidates=1 scored=1
  best=smi:org.gfz-potsdam.de/geofon/usp2014mdlc dt_s=1.000 dist_km=0.255 picks<=400.0km=2
MATCHED: 2014-06-04T23:57:16Z -> data/sisbra_all_w24/20140604T235716_usp2014kxex_row2588 picks=13
[627/3570] SISBRA 2014-07-05T19:26:36 lat=-21.220 lon=-45.770 mag=2.4 window=+/-120.0s r=1.0deg
  candidates=1 scored=1
  best=smi:org.gfz-potsdam.de/geofon/usp2014lukr dt_s=0.757 dist_km=0.281 picks<=400.0km=2
  candidates=1 scored=1
  best=smi:org.gfz-potsdam.de/geofon/usp2014ljkz dt_s=0.316 dist_km=0.299 picks<=400.0km=3
  candidates=1 scored=1
MATCHED: 2014-06-22T15:26:57Z -> data/sisbra_all_w24/20140622T152656_usp2014mdlc_row2609 picks=2
[628/3570] SISBRA 2014-07-09T20:24:55 lat=-13.890 lon=-50.230 mag=2.8 window=+/-120.0s r=1.0deg
  best=smi:org.gfz-potsdam.de/geofon/usp2014knqd dt_s=0.967 dist_km=0.473 picks<=400.0km=2
MATCHED: 2014-06-17T17:00:04Z -> data/sisbra_all_w24/20140617T170004_usp2014lukr_row2603 picks=2
[629/3570] SISBRA 2014-07-09T22:12:01 lat=-10.810 lon=-56.520 mag=1.5 window=+/-120.0s r=1.0deg
MATCHED: 2014-06-11T16:39:53Z -> data/sisbra_all_w24/20140611T163953_usp2014ljkz_row2595 picks=3
[630/3570] SISBRA 2014-07-12T09:21:44 lat=-8.630 lon=-53.270 mag=4.0 window=+/-120.0s r=1.0deg
MATCHED: 2014-05-30T18:16:48Z -> data/sisbra_all_w24/20140530T181648_usp2014knqd_row2576 picks=2
[631/3570] SISBRA 2014-07-12T15:49:52 lat=-8.630 lon=-53.280 mag=4.0 window=+/-120.0s r=1.0deg
  candidates=1 scored=1
  best=smi:org.gfz-potsdam.de/geofon/usp2014mjhr dt_s=0.550 dist_km=0.277 picks<=400.0km=5
  candidates=1 scored=1
  best=smi:org.gfz-potsdam.de/geofon/usp2014kyeo dt_s=0.796 dist_km=0.275 picks<=400.0km=4
  candidates=1 scored=1
  best=smi:org.gfz-potsdam.de/geofon/usp2014mhlv dt_s=0.957 dist_km=0.104 picks<=400.0km=4
MATCHED: 2014-06-25T20:31:20Z -> data/sisbra_all_w24/20140625T203120_usp2014mjhr_row2615 picks=5
[632/3570] SISBRA 2014-07-15T06:25:41 lat=-8.610 lon=-53.280 mag=2.8 window=+/-120.0s r=1.0deg
MATCHED: 2014-06-05T12:55:49Z -> data/sisbra_all_w24/20140605T125548_usp2014kyeo_row2589 picks=4
[633/3570] SISBRA 2014-07-15T19:59:53 lat=-16.680 lon=-43.910 mag=1.3 window=+/-120.0s r=1.0deg
MATCHED: 2014-06-24T20:21:02Z -> data/sisbra_all_w24/20140624T202102_usp2014mhlv_row2613 picks=4
[634/3570] SISBRA 2014-07-16T20:09:14 lat=-22.920 lon=-43.690 mag=2.3 window=+/-120.0s r=1.0deg
NO_MATCH: 2014-07-15T06:25:41Z -> data/sisbra_all_w24/20140715T062541_row2628
[635/3570] SISBRA 2014-07-17T14:06:57 lat=-16.690 lon=-43.820 mag=0.8 window=+/-120.0s r=1.0deg
  candidates=1 scored=1
  best=smi:org.gfz-potsdam.de/geofon/usp2014mjfu dt_s=0.563 dist_km=0.588 picks<=400.0km=2
  candidates=1 scored=1
  best=smi:org.gfz-potsdam.de/geofon/usp2014nbdd dt_s=0.935 dist_km=0.362 picks<=400.0km=2
MATCHED: 2014-06-25T19:35:02Z -> data/sisbra_all_w24/20140625T193502_usp2014mjfu_row2614 picks=2
[636/3570] SISBRA 2014-07-19T12:37:06 lat=-13.580 lon=-49.080 mag=2.3 window=+/-120.0s r=1.0deg
  candidates=1 scored=1
  best=smi:org.gfz-potsdam.de/geofon/usp2014ktpm dt_s=0.069 dist_km=0.736 picks<=400.0km=2
MATCHED: 2014-07-05T14:41:37Z -> data/sisbra_all_w24/20140705T144137_usp2014nbdd_row2622 picks=2
[637/3570] SISBRA 2014-07-19T17:30:30 lat=-7.050 lon=-55.360 mag=0.0 window=+/-120.0s r=1.0deg
MATCHED: 2014-06-03T00:45:36Z -> data/sisbra_all_w24/20140603T004536_usp2014ktpm_row2583 picks=2
[638/3570] SISBRA 2014-07-21T19:50:12 lat=-18.910 lon=-40.980 mag=1.3 window=+/-120.0s r=1.0deg
NO_MATCH: 2014-07-19T12:37:06Z -> data/sisbra_all_w24/20140719T123706_row2632
[639/3570] SISBRA 2014-07-21T19:58:48 lat=-16.690 lon=-43.880 mag=1.6 window=+/-120.0s r=1.0deg
  candidates=1 scored=1
  best=smi:org.gfz-potsdam.de/geofon/usp2014lvfk dt_s=0.000 dist_km=0.560 picks<=400.0km=2
  candidates=1 scored=1
  best=smi:org.gfz-potsdam.de/geofon/usp2014mlbz dt_s=0.564 dist_km=0.546 picks<=400.0km=2
  candidates=1 scored=1
  best=smi:org.gfz-potsdam.de/geofon/usp2014lkot dt_s=0.068 dist_km=0.268 picks<=400.0km=0
  candidates=1 scored=1
  best=smi:org.gfz-potsdam.de/geofon/usp2014mlmh dt_s=0.114 dist_km=0.422 picks<=400.0km=4
MATCHED: 2014-06-18T03:29:25Z -> data/sisbra_all_w24/20140618T032925_usp2014lvfk_row2605 picks=2
[640/3570] SISBRA 2014-07-22T00:53:03 lat=-6.140 lon=-71.980 mag=4.1 window=+/-120.0s r=1.0deg
MATCHED: 2014-06-26T19:55:51Z -> data/sisbra_all_w24/20140626T195551_usp2014mlbz_row2616 picks=2
[641/3570] SISBRA 2014-07-22T17:52:11 lat=-8.540 lon=-53.250 mag=3.1 window=+/-120.0s r=1.0deg
MATCHED: 2014-06-27T01:07:41Z -> data/sisbra_all_w24/20140627T010741_usp2014mlmh_row2617 picks=4
[642/3570] SISBRA 2014-07-22T19:06:36 lat=-8.600 lon=-53.340 mag=3.3 window=+/-120.0s r=1.0deg
MATCHED: 2014-06-12T07:41:56Z -> data/sisbra_all_w24/20140612T074156_usp2014lkot_row2596 picks=0
[643/3570] SISBRA 2014-07-22T19:49:21 lat=-8.570 lon=-53.430 mag=2.6 window=+/-120.0s r=1.0deg
  candidates=1 scored=1
  best=smi:org.gfz-potsdam.de/geofon/usp2014nxab dt_s=0.000 dist_km=0.293 picks<=400.0km=2
  candidates=1 scored=1
  best=smi:org.gfz-potsdam.de/geofon/usp2014njaa dt_s=0.202 dist_km=0.610 picks<=400.0km=1
  candidates=1 scored=1
  best=smi:org.gfz-potsdam.de/geofon/usp2014ntur dt_s=0.087 dist_km=0.389 picks<=400.0km=4
MATCHED: 2014-07-17T14:06:57Z -> data/sisbra_all_w24/20140717T140657_usp2014nxab_row2631 picks=2
[644/3570] SISBRA 2014-07-23T20:20:13 lat=-16.750 lon=-43.870 mag=1.6 window=+/-120.0s r=1.0deg
  candidates=1 scored=1
  best=smi:org.gfz-potsdam.de/geofon/usp2014mlzb dt_s=0.337 dist_km=0.293 picks<=400.0km=0
MATCHED: 2014-07-15T19:59:53Z -> data/sisbra_all_w24/20140715T195953_usp2014ntur_row2629 picks=4
[645/3570] SISBRA 2014-07-25T14:59:49 lat=-16.650 lon=-43.870 mag=1.3 window=+/-120.0s r=1.0deg
  candidates=1 scored=1
MATCHED: 2014-07-09T22:12:01Z -> data/sisbra_all_w24/20140709T221201_usp2014njaa_row2625 picks=1
[646/3570] SISBRA 2014-07-25T19:22:16 lat=-16.660 lon=-43.920 mag=1.4 window=+/-120.0s r=1.0deg
  best=smi:org.gfz-potsdam.de/geofon/usp2014lskj dt_s=0.008 dist_km=0.624 picks<=400.0km=4
  candidates=1 scored=1
  best=smi:org.gfz-potsdam.de/geofon/usp2014oaxt dt_s=0.000 dist_km=0.365 picks<=400.0km=1
MATCHED: 2014-06-27T07:35:01Z -> data/sisbra_all_w24/20140627T073500_usp2014mlzb_row2619 picks=0
[647/3570] SISBRA 2014-07-28T21:16:32 lat=-21.090 lon=-44.590 mag=2.5 window=+/-120.0s r=1.0deg
MATCHED: 2014-07-19T17:30:30Z -> data/sisbra_all_w24/20140719T173030_usp2014oaxt_row2633 picks=1
[648/3570] SISBRA 2014-07-29T14:59:49 lat=-16.660 lon=-43.890 mag=1.3 window=+/-120.0s r=1.0deg
MATCHED: 2014-06-16T14:35:07Z -> data/sisbra_all_w24/20140616T143507_usp2014lskj_row2598 picks=4
[649/3570] SISBRA 2014-07-29T17:11:58 lat=-31.650 lon=-53.340 mag=2.6 window=+/-120.0s r=1.0deg
  candidates=1 scored=1
  best=smi:org.gfz-potsdam.de/geofon/usp2014mlnp dt_s=0.269 dist_km=0.246 picks<=400.0km=3
MATCHED: 2014-06-27T01:47:59Z -> data/sisbra_all_w24/20140627T014759_usp2014mlnp_row2618 picks=3
[650/3570] SISBRA 2014-07-29T20:42:04 lat=-16.740 lon=-43.810 mag=2.1 window=+/-120.0s r=1.0deg
  candidates=1 scored=1
  best=smi:org.gfz-potsdam.de/geofon/usp2014oetr dt_s=0.443 dist_km=0.201 picks<=400.0km=5
MATCHED: 2014-07-21T19:58:48Z -> data/sisbra_all_w24/20140721T195848_usp2014oetr_row2635 picks=5
[651/3570] SISBRA 2014-07-30T20:01:37 lat=-13.380 lon=-44.470 mag=2.2 window=+/-120.0s r=1.0deg
  candidates=1 scored=1
  best=smi:org.gfz-potsdam.de/geofon/usp2014oilj dt_s=0.263 dist_km=0.138 picks<=400.0km=4
  candidates=1 scored=1
  candidates=1 scored=1
  best=smi:org.gfz-potsdam.de/geofon/usp2014nvqm dt_s=0.363 dist_km=0.390 picks<=400.0km=9
  best=smi:org.gfz-potsdam.de/geofon/usp2014niwm dt_s=0.590 dist_km=0.732 picks<=400.0km=2
MATCHED: 2014-07-23T20:20:13Z -> data/sisbra_all_w24/20140723T202013_usp2014oilj_row2640 picks=4
[652/3570] SISBRA 2014-07-30T20:29:20 lat=0.360 lon=-50.070 mag=1.9 window=+/-120.0s r=1.0deg
MATCHED: 2014-07-16T20:09:14Z -> data/sisbra_all_w24/20140716T200914_usp2014nvqm_row2630 picks=9
[653/3570] SISBRA 2014-08-04T01:56:37 lat=-29.470 lon=-50.860 mag=1.8 window=+/-120.0s r=1.0deg
MATCHED: 2014-07-09T20:24:55Z -> data/sisbra_all_w24/20140709T202455_usp2014niwm_row2624 picks=2
[654/3570] SISBRA 2014-08-04T02:45:59 lat=-29.470 lon=-50.860 mag=1.1 window=+/-120.0s r=1.0deg
  candidates=1 scored=1
  best=smi:org.gfz-potsdam.de/geofon/usp2014mwbd dt_s=1.156 dist_km=0.281 picks<=400.0km=6
  candidates=1 scored=1
  best=smi:org.gfz-potsdam.de/geofon/usp2014muhg dt_s=0.201 dist_km=0.619 picks<=400.0km=0
MATCHED: 2014-07-02T19:59:50Z -> data/sisbra_all_w24/20140702T195951_usp2014mwbd_row2621 picks=6
[655/3570] SISBRA 2014-08-04T02:46:34 lat=-29.460 lon=-50.860 mag=1.1 window=+/-120.0s r=1.0deg
  candidates=1 scored=1
  best=smi:org.gfz-potsdam.de/geofon/usp2014omam dt_s=0.737 dist_km=0.579 picks<=400.0km=4
MATCHED: 2014-07-01T20:49:16Z -> data/sisbra_all_w24/20140701T204916_usp2014muhg_row2620 picks=0
[656/3570] SISBRA 2014-08-05T09:17:24 lat=-18.630 lon=-40.800 mag=1.4 window=+/-120.0s r=1.0deg
  candidates=1 scored=1
  best=smi:org.gfz-potsdam.de/geofon/usp2014ogow dt_s=0.446 dist_km=0.325 picks<=400.0km=4
MATCHED: 2014-07-25T19:22:16Z -> data/sisbra_all_w24/20140725T192216_usp2014omam_row2642 picks=4
[657/3570] SISBRA 2014-08-06T00:26:23 lat=-29.470 lon=-50.860 mag=0.5 window=+/-120.0s r=1.0deg
  candidates=1 scored=1
MATCHED: 2014-07-22T19:49:21Z -> data/sisbra_all_w24/20140722T194921_usp2014ogow_row2639 picks=4
[658/3570] SISBRA 2014-08-06T16:32:07 lat=-13.900 lon=-49.980 mag=2.4 window=+/-120.0s r=1.0deg
  candidates=1 scored=1
  best=smi:org.gfz-potsdam.de/geofon/usp2014lxdg dt_s=0.322 dist_km=0.482 picks<=400.0km=3
  best=smi:org.gfz-potsdam.de/geofon/usp2014oetj dt_s=0.508 dist_km=0.840 picks<=400.0km=6
MATCHED: 2014-07-21T19:50:12Z -> data/sisbra_all_w24/20140721T195012_usp2014oetj_row2634 picks=6
[659/3570] SISBRA 2014-08-06T20:42:55 lat=-12.110 lon=-48.300 mag=1.0 window=+/-120.0s r=1.0deg
MATCHED: 2014-06-19T04:39:28Z -> data/sisbra_all_w24/20140619T043928_usp2014lxdg_row2607 picks=3
[660/3570] SISBRA 2014-08-07T20:13:41 lat=-14.240 lon=-49.570 mag=2.3 window=+/-120.0s r=1.0deg
  candidates=1 scored=1
  best=smi:org.gfz-potsdam.de/geofon/usp2014ovgf dt_s=0.000 dist_km=0.114 picks<=400.0km=1
MATCHED: 2014-07-30T20:29:20Z -> data/sisbra_all_w24/20140730T202920_usp2014ovgf_row2648 picks=1
[661/3570] SISBRA 2014-08-08T00:06:46 lat=0.720 lon=-25.850 mag=4.6 window=+/-120.0s r=1.0deg
NO_MATCH: 2014-08-07T20:13:41Z -> data/sisbra_all_w24/20140807T201341_row2656
[662/3570] SISBRA 2014-08-08T14:59:58 lat=-16.720 lon=-44.050 mag=1.3 window=+/-120.0s r=1.0deg
  candidates=1 scored=1
  best=smi:org.gfz-potsdam.de/geofon/usp2014nbmo dt_s=0.176 dist_km=0.348 picks<=400.0km=13
  candidates=1 scored=1
  candidates=1 scored=1
  best=smi:org.gfz-potsdam.de/geofon/usp2014otee dt_s=0.303 dist_km=0.677 picks<=400.0km=5
  best=smi:org.gfz-potsdam.de/geofon/usp2014mhhk dt_s=0.373 dist_km=0.161 picks<=400.0km=10
  candidates=1 scored=1
  best=smi:org.gfz-potsdam.de/geofon/usp2014olru dt_s=27.553 dist_km=5.911 picks<=400.0km=6
MATCHED: 2014-07-05T19:26:36Z -> data/sisbra_all_w24/20140705T192636_usp2014nbmo_row2623 picks=13
[663/3570] SISBRA 2014-08-10T12:12:29 lat=0.320 lon=-26.470 mag=4.6 window=+/-120.0s r=1.0deg
  candidates=1 scored=1
  best=smi:org.gfz-potsdam.de/geofon/usp2014oszv dt_s=0.444 dist_km=0.375 picks<=400.0km=5
MATCHED: 2014-07-29T17:11:58Z -> data/sisbra_all_w24/20140729T171158_usp2014otee_row2645 picks=5
[664/3570] SISBRA 2014-08-11T14:07:56 lat=-4.500 lon=-55.270 mag=2.2 window=+/-120.0s r=1.0deg
MATCHED: 2014-06-24T18:06:56Z -> data/sisbra_all_w24/20140624T180656_usp2014mhhk_row2612 picks=10
[665/3570] SISBRA 2014-08-12T18:10:13 lat=-7.500 lon=-48.060 mag=3.0 window=+/-120.0s r=1.0deg
MATCHED: 2014-07-25T14:59:49Z -> data/sisbra_all_w24/20140725T145921_usp2014olru_row2641 picks=6
[666/3570] SISBRA 2014-08-13T10:07:28 lat=0.990 lon=-26.650 mag=5.2 window=+/-120.0s r=1.0deg
  candidates=1 scored=1
  best=smi:org.gfz-potsdam.de/geofon/usp2014pgna dt_s=0.000 dist_km=0.355 picks<=400.0km=1
  candidates=1 scored=1
MATCHED: 2014-07-29T14:59:49Z -> data/sisbra_all_w24/20140729T145949_usp2014oszv_row2644 picks=5
[667/3570] SISBRA 2014-08-13T20:34:58 lat=-13.420 lon=-44.620 mag=2.5 window=+/-120.0s r=1.0deg
MATCHED: 2014-08-06T00:26:23Z -> data/sisbra_all_w24/20140806T002623_usp2014pgna_row2653 picks=1
[668/3570] SISBRA 2014-08-18T14:59:44 lat=-16.680 lon=-43.870 mag=1.4 window=+/-120.0s r=1.0deg
  best=smi:org.gfz-potsdam.de/geofon/usp2014ofdj dt_s=0.785 dist_km=0.592 picks<=400.0km=1
  candidates=1 scored=1
  best=smi:org.gfz-potsdam.de/geofon/usp2014mfuu dt_s=0.644 dist_km=0.498 picks<=400.0km=0
MATCHED: 2014-07-22T00:53:03Z -> data/sisbra_all_w24/20140722T005303_usp2014ofdj_row2636 picks=1
[669/3570] SISBRA 2014-08-18T18:18:03 lat=-30.160 lon=-51.550 mag=2.3 window=+/-120.0s r=1.0deg
MATCHED: 2014-06-23T22:36:23Z -> data/sisbra_all_w24/20140623T223623_usp2014mfuu_row2611 picks=0
[670/3570] SISBRA 2014-08-19T14:40:22 lat=-16.700 lon=-43.850 mag=1.3 window=+/-120.0s r=1.0deg
  candidates=1 scored=1
  best=smi:org.gfz-potsdam.de/geofon/usp2014plgw dt_s=0.920 dist_km=4.776 picks<=400.0km=2
  candidates=1 scored=1
  best=smi:org.gfz-potsdam.de/geofon/usp2014pibe dt_s=0.000 dist_km=0.302 picks<=400.0km=2
  candidates=1 scored=1
  best=smi:org.gfz-potsdam.de/geofon/usp2014otlc dt_s=0.244 dist_km=3.778 picks<=400.0km=8
  candidates=2 scored=2
  best=smi:org.gfz-potsdam.de/geofon/usp2014pdar dt_s=0.000 dist_km=0.145 picks<=400.0km=1
  candidates=1 scored=1
  best=smi:org.gfz-potsdam.de/geofon/usp2014pcza dt_s=0.586 dist_km=0.267 picks<=400.0km=5
MATCHED: 2014-08-06T20:42:55Z -> data/sisbra_all_w24/20140806T204255_usp2014pibe_row2655 picks=2
[671/3570] SISBRA 2014-08-21T09:55:04 lat=-29.140 lon=-51.110 mag=1.9 window=+/-120.0s r=1.0deg
MATCHED: 2014-07-29T20:42:04Z -> data/sisbra_all_w24/20140729T204204_usp2014otlc_row2646 picks=8
[672/3570] SISBRA 2014-08-21T17:03:00 lat=-14.950 lon=-59.720 mag=2.7 window=+/-120.0s r=1.0deg
MATCHED: 2014-08-04T02:45:59Z -> data/sisbra_all_w24/20140804T024559_usp2014pdar_row2650 picks=1
[673/3570] SISBRA 2014-08-22T17:08:01 lat=-31.230 lon=-52.340 mag=2.0 window=+/-120.0s r=1.0deg
MATCHED: 2014-08-08T14:59:58Z -> data/sisbra_all_w24/20140808T145958_usp2014plgw_row2658 picks=2
[674/3570] SISBRA 2014-08-22T19:59:01 lat=-16.800 lon=-43.900 mag=1.5 window=+/-120.0s r=1.0deg
MATCHED: 2014-08-04T01:56:37Z -> data/sisbra_all_w24/20140804T015637_usp2014pcza_row2649 picks=5
[675/3570] SISBRA 2014-08-23T04:27:04 lat=-8.540 lon=-53.250 mag=2.6 window=+/-120.0s r=1.0deg
  candidates=1 scored=1
  best=smi:org.gfz-potsdam.de/geofon/usp2014ovfh dt_s=0.420 dist_km=0.374 picks<=400.0km=4
  candidates=1 scored=1
  best=smi:org.gfz-potsdam.de/geofon/usp2014pfjb dt_s=0.601 dist_km=0.311 picks<=400.0km=5
  candidates=2 scored=2
  best=smi:org.gfz-potsdam.de/geofon/usp2014pdaq dt_s=0.000 dist_km=0.461 picks<=400.0km=1
MATCHED: 2014-07-30T20:01:37Z -> data/sisbra_all_w24/20140730T200137_usp2014ovfh_row2647 picks=4
[676/3570] SISBRA 2014-08-23T09:43:31 lat=-12.340 lon=-48.240 mag=2.6 window=+/-120.0s r=1.0deg
MATCHED: 2014-08-05T09:17:24Z -> data/sisbra_all_w24/20140805T091724_usp2014pfjb_row2652 picks=5
[677/3570] SISBRA 2014-08-25T15:01:37 lat=-23.690 lon=-51.720 mag=2.5 window=+/-120.0s r=1.0deg
MATCHED: 2014-08-04T02:46:34Z -> data/sisbra_all_w24/20140804T024634_usp2014pdaq_row2651 picks=1
[678/3570] SISBRA 2014-08-25T17:01:33 lat=-15.000 lon=-59.850 mag=2.8 window=+/-120.0s r=1.0deg
  candidates=1 scored=1
  best=smi:org.gfz-potsdam.de/geofon/usp2014mbsx dt_s=0.474 dist_km=0.760 picks<=400.0km=12
MATCHED: 2014-06-21T17:06:48Z -> data/sisbra_all_w24/20140621T170648_usp2014mbsx_row2608 picks=12
[679/3570] SISBRA 2014-08-25T17:59:37 lat=-16.770 lon=-43.840 mag=1.5 window=+/-120.0s r=1.0deg
  candidates=1 scored=1
  best=smi:org.gfz-potsdam.de/geofon/usp2014qdnw dt_s=0.583 dist_km=0.442 picks<=400.0km=5
  candidates=1 scored=1
  best=smi:org.gfz-potsdam.de/geofon/usp2014phsx dt_s=0.320 dist_km=0.465 picks<=400.0km=3
MATCHED: 2014-08-18T14:59:44Z -> data/sisbra_all_w24/20140818T145944_usp2014qdnw_row2664 picks=5
[680/3570] SISBRA 2014-08-25T20:34:52 lat=-16.640 lon=-43.870 mag=1.9 window=+/-120.0s r=1.0deg
MATCHED: 2014-08-06T16:32:07Z -> data/sisbra_all_w24/20140806T163207_usp2014phsx_row2654 picks=3
[681/3570] SISBRA 2014-08-28T10:35:06 lat=-16.180 lon=-60.800 mag=3.2 window=+/-120.0s r=1.0deg
  candidates=1 scored=1
  best=smi:org.gfz-potsdam.de/geofon/usp2014qdul dt_s=0.052 dist_km=0.495 picks<=400.0km=6
  candidates=1 scored=1
  best=smi:org.gfz-potsdam.de/geofon/usp2014orqt dt_s=0.117 dist_km=0.422 picks<=400.0km=10
  candidates=1 scored=1
  best=smi:org.gfz-potsdam.de/geofon/usp2014ogkz dt_s=0.203 dist_km=0.554 picks<=400.0km=4
MATCHED: 2014-08-18T18:18:03Z -> data/sisbra_all_w24/20140818T181803_usp2014qdul_row2665 picks=6
[682/3570] SISBRA 2014-08-28T16:27:22 lat=-14.830 lon=-59.560 mag=2.7 window=+/-120.0s r=1.0deg
  candidates=1 scored=1
MATCHED: 2014-07-22T17:52:11Z -> data/sisbra_all_w24/20140722T175211_usp2014ogkz_row2637 picks=4
[683/3570] SISBRA 2014-08-28T20:52:50 lat=-11.560 lon=-47.750 mag=2.5 window=+/-120.0s r=1.0deg
MATCHED: 2014-07-28T21:16:32Z -> data/sisbra_all_w24/20140728T211632_usp2014orqt_row2643 picks=10
[684/3570] SISBRA 2014-08-29T19:59:52 lat=-16.640 lon=-43.930 mag=1.3 window=+/-120.0s r=1.0deg
  best=smi:org.gfz-potsdam.de/geofon/usp2014ognl dt_s=0.265 dist_km=0.723 picks<=400.0km=4
  candidates=1 scored=1
  best=smi:org.gfz-potsdam.de/geofon/usp2014pqrq dt_s=0.379 dist_km=0.662 picks<=400.0km=6
MATCHED: 2014-07-22T19:06:36Z -> data/sisbra_all_w24/20140722T190635_usp2014ognl_row2638 picks=4
[685/3570] SISBRA 2014-09-01T19:59:32 lat=-16.670 lon=-43.880 mag=2.2 window=+/-120.0s r=1.0deg
  candidates=1 scored=1
  best=smi:org.gfz-potsdam.de/geofon/usp2014psvd dt_s=0.191 dist_km=0.536 picks<=400.0km=4
MATCHED: 2014-08-11T14:07:56Z -> data/sisbra_all_w24/20140811T140756_usp2014pqrq_row2660 picks=6
[686/3570] SISBRA 2014-09-03T17:50:51 lat=-8.620 lon=-53.450 mag=3.0 window=+/-120.0s r=1.0deg
  candidates=1 scored=1
  best=smi:org.gfz-potsdam.de/geofon/usp2014qiqi dt_s=0.747 dist_km=0.508 picks<=400.0km=5
MATCHED: 2014-08-12T18:10:13Z -> data/sisbra_all_w24/20140812T181012_usp2014psvd_row2661 picks=4
[687/3570] SISBRA 2014-09-03T17:54:07 lat=-8.620 lon=-53.430 mag=2.9 window=+/-120.0s r=1.0deg
MATCHED: 2014-08-21T09:55:04Z -> data/sisbra_all_w24/20140821T095504_usp2014qiqi_row2667 picks=5
[688/3570] SISBRA 2014-09-05T18:24:57 lat=-10.600 lon=-57.000 mag=2.3 window=+/-120.0s r=1.0deg
  candidates=1 scored=1
  best=smi:org.gfz-potsdam.de/geofon/usp2014qfit dt_s=1.106 dist_km=3.709 picks<=400.0km=4
  candidates=1 scored=1
  best=smi:org.gfz-potsdam.de/geofon/usp2014qlad dt_s=0.931 dist_km=0.673 picks<=400.0km=5
  candidates=1 scored=1
  best=smi:org.gfz-potsdam.de/geofon/usp2014qqoi dt_s=0.901 dist_km=0.658 picks<=400.0km=2
MATCHED: 2014-08-19T14:40:22Z -> data/sisbra_all_w24/20140819T144023_usp2014qfit_row2666 picks=4
[689/3570] SISBRA 2014-09-06T14:47:46 lat=-20.180 lon=-45.400 mag=2.7 window=+/-120.0s r=1.0deg
  candidates=1 scored=1
  best=smi:org.gfz-potsdam.de/geofon/usp2014puvl dt_s=0.485 dist_km=0.557 picks<=400.0km=2
MATCHED: 2014-08-22T17:08:01Z -> data/sisbra_all_w24/20140822T170801_usp2014qlad_row2669 picks=5
[690/3570] SISBRA 2014-09-06T23:11:19 lat=-12.940 lon=-49.300 mag=2.7 window=+/-120.0s r=1.0deg
MATCHED: 2014-08-25T17:59:37Z -> data/sisbra_all_w24/20140825T175937_usp2014qqoi_row2675 picks=2
[691/3570] SISBRA 2014-09-09T16:02:19 lat=-14.120 lon=-49.370 mag=2.0 window=+/-120.0s r=1.0deg
  candidates=1 scored=1
MATCHED: 2014-08-13T20:34:58Z -> data/sisbra_all_w24/20140813T203458_usp2014puvl_row2663 picks=2
[692/3570] SISBRA 2014-09-11T03:13:58 lat=-11.590 lon=-56.670 mag=3.6 window=+/-120.0s r=1.0deg
  candidates=1 scored=1
  best=smi:org.gfz-potsdam.de/geofon/usp2014qqmk dt_s=0.950 dist_km=0.350 picks<=400.0km=2
  best=smi:org.gfz-potsdam.de/geofon/usp2014nnzx dt_s=0.365 dist_km=0.686 picks<=400.0km=4
  candidates=1 scored=1
  best=smi:org.gfz-potsdam.de/geofon/usp2014qlft dt_s=0.786 dist_km=0.491 picks<=400.0km=2
  candidates=1 scored=1
  best=smi:org.gfz-potsdam.de/geofon/usp2014qmgz dt_s=0.117 dist_km=0.205 picks<=400.0km=2
NO_MATCH: 2014-09-09T16:02:19Z -> data/sisbra_all_w24/20140909T160219_row2687
[693/3570] SISBRA 2014-09-11T03:17:18 lat=-11.620 lon=-56.650 mag=3.9 window=+/-120.0s r=1.0deg
MATCHED: 2014-08-22T19:59:01Z -> data/sisbra_all_w24/20140822T195901_usp2014qlft_row2670 picks=2
[694/3570] SISBRA 2014-09-11T07:02:39 lat=2.270 lon=-30.870 mag=4.5 window=+/-120.0s r=1.0deg
MATCHED: 2014-08-25T17:01:33Z -> data/sisbra_all_w24/20140825T170133_usp2014qqmk_row2674 picks=2
[695/3570] SISBRA 2014-09-18T19:51:38 lat=-17.980 lon=-41.480 mag=2.2 window=+/-120.0s r=1.0deg
MATCHED: 2014-07-12T15:49:52Z -> data/sisbra_all_w24/20140712T154951_usp2014nnzx_row2627 picks=4
[696/3570] SISBRA 2014-09-20T16:05:31 lat=-22.980 lon=-43.820 mag=2.8 window=+/-120.0s r=1.0deg
MATCHED: 2014-08-23T09:43:31Z -> data/sisbra_all_w24/20140823T094331_usp2014qmgz_row2672 picks=2
[697/3570] SISBRA 2014-09-20T18:58:51 lat=-16.720 lon=-43.870 mag=1.7 window=+/-120.0s r=1.0deg
  candidates=1 scored=1
  best=smi:org.gfz-potsdam.de/geofon/usp2014qqtl dt_s=0.101 dist_km=2.479 picks<=400.0km=6
MATCHED: 2014-08-25T20:34:52Z -> data/sisbra_all_w24/20140825T203452_usp2014qqtl_row2676 picks=6
[698/3570] SISBRA 2014-09-22T09:38:10 lat=-8.600 lon=-53.310 mag=3.4 window=+/-120.0s r=1.0deg
  candidates=1 scored=1
  best=smi:org.gfz-potsdam.de/geofon/usp2014qlwn dt_s=0.993 dist_km=0.557 picks<=400.0km=2
NO_MATCH: 2014-09-22T09:38:10Z -> data/sisbra_all_w24/20140922T093810_row2694
[699/3570] SISBRA 2014-09-23T07:42:19 lat=-11.430 lon=-56.780 mag=2.7 window=+/-120.0s r=1.0deg
  candidates=1 scored=1
  best=smi:org.gfz-potsdam.de/geofon/usp2014qyai dt_s=0.872 dist_km=0.480 picks<=400.0km=3
MATCHED: 2014-08-23T04:27:04Z -> data/sisbra_all_w24/20140823T042704_usp2014qlwn_row2671 picks=2
[700/3570] SISBRA 2014-09-23T14:37:09 lat=-16.050 lon=-43.290 mag=2.5 window=+/-120.0s r=1.0deg
  candidates=1 scored=1
  best=smi:org.gfz-potsdam.de/geofon/usp2014qqim dt_s=0.241 dist_km=0.343 picks<=400.0km=7
MATCHED: 2014-08-29T19:59:52Z -> data/sisbra_all_w24/20140829T195952_usp2014qyai_row2680 picks=3
[701/3570] SISBRA 2014-09-27T11:54:35 lat=-15.990 lon=-41.700 mag=2.5 window=+/-120.0s r=1.0deg
  candidates=1 scored=1
  best=smi:org.gfz-potsdam.de/geofon/usp2014qjel dt_s=0.755 dist_km=0.136 picks<=400.0km=2
  candidates=1 scored=1
  best=smi:org.gfz-potsdam.de/geofon/usp2014qvxu dt_s=0.185 dist_km=0.443 picks<=400.0km=2
MATCHED: 2014-08-25T15:01:37Z -> data/sisbra_all_w24/20140825T150137_usp2014qqim_row2673 picks=7
[702/3570] SISBRA 2014-09-27T22:00:00 lat=-16.070 lon=-41.580 mag=2.5 window=+/-120.0s r=1.0deg
MATCHED: 2014-08-21T17:03:00Z -> data/sisbra_all_w24/20140821T170300_usp2014qjel_row2668 picks=2
[703/3570] SISBRA 2014-09-29T20:27:59 lat=-21.140 lon=-44.600 mag=2.5 window=+/-120.0s r=1.0deg
MATCHED: 2014-08-28T16:27:22Z -> data/sisbra_all_w24/20140828T162722_usp2014qvxu_row2678 picks=2
[704/3570] SISBRA 2014-09-30T05:02:26 lat=-11.900 lon=-47.880 mag=2.1 window=+/-120.0s r=1.0deg
NO_MATCH: 2014-09-30T05:02:26Z -> data/sisbra_all_w24/20140930T050226_row2700
[705/3570] SISBRA 2014-09-30T18:00:18 lat=-18.780 lon=-48.110 mag=2.7 window=+/-120.0s r=1.0deg
  candidates=1 scored=1
  best=smi:org.gfz-potsdam.de/geofon/usp2014pkdk dt_s=0.387 dist_km=0.318 picks<=400.0km=0
  candidates=1 scored=1
  best=smi:org.gfz-potsdam.de/geofon/usp2014rdmv dt_s=0.530 dist_km=0.550 picks<=400.0km=6
MATCHED: 2014-08-08T00:06:46Z -> data/sisbra_all_w24/20140808T000646_usp2014pkdk_row2657 picks=0
[706/3570] SISBRA 2014-10-01T06:42:41 lat=-16.650 lon=-43.910 mag=1.4 window=+/-120.0s r=1.0deg
  candidates=1 scored=1
  best=smi:org.gfz-potsdam.de/geofon/usp2014qwgo dt_s=0.081 dist_km=0.470 picks<=400.0km=6
MATCHED: 2014-09-01T19:59:32Z -> data/sisbra_all_w24/20140901T195932_usp2014rdmv_row2681 picks=6
[707/3570] SISBRA 2014-10-01T19:04:00 lat=-18.500 lon=-42.130 mag=2.4 window=+/-120.0s r=1.0deg
  candidates=1 scored=1
  best=smi:org.gfz-potsdam.de/geofon/usp2014rkrs dt_s=0.694 dist_km=0.516 picks<=400.0km=1
MATCHED: 2014-08-28T20:52:50Z -> data/sisbra_all_w24/20140828T205250_usp2014qwgo_row2679 picks=6
[708/3570] SISBRA 2014-10-01T20:18:25 lat=-16.750 lon=-43.840 mag=1.5 window=+/-120.0s r=1.0deg
MATCHED: 2014-09-05T18:24:57Z -> data/sisbra_all_w24/20140905T182457_usp2014rkrs_row2684 picks=1
[709/3570] SISBRA 2014-10-01T21:20:07 lat=-5.620 lon=-55.920 mag=2.9 window=+/-120.0s r=1.0deg
  candidates=1 scored=1
  best=smi:org.gfz-potsdam.de/geofon/usp2014rmwr dt_s=0.218 dist_km=0.713 picks<=400.0km=1
  candidates=1 scored=1
  best=smi:org.gfz-potsdam.de/geofon/usp2014smdj dt_s=0.169 dist_km=1.373 picks<=400.0km=3
MATCHED: 2014-09-06T23:11:19Z -> data/sisbra_all_w24/20140906T231119_usp2014rmwr_row2686 picks=1
[710/3570] SISBRA 2014-10-02T20:43:37 lat=-9.940 lon=-57.130 mag=3.1 window=+/-120.0s r=1.0deg
MATCHED: 2014-09-20T18:58:51Z -> data/sisbra_all_w24/20140920T185851_usp2014smdj_row2693 picks=3
[711/3570] SISBRA 2014-10-06T07:32:33 lat=-26.390 lon=-49.110 mag=2.6 window=+/-120.0s r=1.0deg
  candidates=1 scored=1
  best=smi:org.gfz-potsdam.de/geofon/usp2014sioc dt_s=0.890 dist_km=0.570 picks<=400.0km=3
MATCHED: 2014-09-18T19:51:38Z -> data/sisbra_all_w24/20140918T195138_usp2014sioc_row2691 picks=3
[712/3570] SISBRA 2014-10-07T19:59:28 lat=-16.680 lon=-43.910 mag=1.3 window=+/-120.0s r=1.0deg
  candidates=1 scored=1
  best=smi:org.gfz-potsdam.de/geofon/usp2014slxq dt_s=0.093 dist_km=0.260 picks<=400.0km=5
MATCHED: 2014-09-20T16:05:31Z -> data/sisbra_all_w24/20140920T160531_usp2014slxq_row2692 picks=5
[713/3570] SISBRA 2014-10-07T20:42:45 lat=-16.750 lon=-43.890 mag=1.3 window=+/-120.0s r=1.0deg
  candidates=1 scored=1
  best=smi:org.gfz-potsdam.de/geofon/usp2014tgin dt_s=0.982 dist_km=0.614 picks<=400.0km=2
  candidates=1 scored=1
  best=smi:org.gfz-potsdam.de/geofon/usp2014sqto dt_s=0.457 dist_km=0.352 picks<=400.0km=2
  candidates=1 scored=1
  best=smi:org.gfz-potsdam.de/geofon/usp2014rgzr dt_s=0.135 dist_km=0.491 picks<=400.0km=2
MATCHED: 2014-10-01T20:18:25Z -> data/sisbra_all_w24/20141001T201825_usp2014tgin_row2704 picks=2
[714/3570] SISBRA 2014-10-12T06:32:30 lat=-16.700 lon=-43.860 mag=2.5 window=+/-120.0s r=1.0deg
  candidates=1 scored=1
  best=smi:org.gfz-potsdam.de/geofon/usp2014tfhq dt_s=0.786 dist_km=0.214 picks<=400.0km=3
MATCHED: 2014-09-23T07:42:19Z -> data/sisbra_all_w24/20140923T074219_usp2014sqto_row2695 picks=2
[715/3570] SISBRA 2014-10-12T12:46:34 lat=4.220 lon=-52.670 mag=4.2 window=+/-120.0s r=1.0deg
MATCHED: 2014-09-03T17:54:07Z -> data/sisbra_all_w24/20140903T175407_usp2014rgzr_row2683 picks=2
[716/3570] SISBRA 2014-10-13T08:29:21 lat=-16.000 lon=-41.650 mag=2.0 window=+/-120.0s r=1.0deg
MATCHED: 2014-10-01T06:42:41Z -> data/sisbra_all_w24/20141001T064241_usp2014tfhq_row2702 picks=3
[717/3570] SISBRA 2014-10-14T20:01:38 lat=-22.690 lon=-43.760 mag=2.0 window=+/-120.0s r=1.0deg
  candidates=1 scored=1
  best=smi:org.gfz-potsdam.de/geofon/usp2014srhg dt_s=0.827 dist_km=0.501 picks<=400.0km=6
  candidates=1 scored=1
  best=smi:org.gfz-potsdam.de/geofon/usp2014rmgb dt_s=0.824 dist_km=0.082 picks<=400.0km=5
MATCHED: 2014-09-23T14:37:09Z -> data/sisbra_all_w24/20140923T143709_usp2014srhg_row2696 picks=6
[718/3570] SISBRA 2014-10-17T16:34:31 lat=-8.590 lon=-73.510 mag=4.5 window=+/-120.0s r=1.0deg
NO_MATCH: 2014-10-12T12:46:34Z -> data/sisbra_all_w24/20141012T124634_row2711
[719/3570] SISBRA 2014-10-20T07:49:25 lat=-20.450 lon=-48.680 mag=2.3 window=+/-120.0s r=1.0deg
  candidates=1 scored=1
  best=smi:org.gfz-potsdam.de/geofon/usp2014trgy dt_s=1.136 dist_km=0.711 picks<=400.0km=4
  candidates=1 scored=1
MATCHED: 2014-09-06T14:47:46Z -> data/sisbra_all_w24/20140906T144746_usp2014rmgb_row2685 picks=5
[720/3570] SISBRA 2014-10-22T06:09:08 lat=-8.600 lon=-43.400 mag=3.3 window=+/-120.0s r=1.0deg
  best=smi:org.gfz-potsdam.de/geofon/usp2014rumu dt_s=0.375 dist_km=0.410 picks<=400.0km=1
MATCHED: 2014-10-07T19:59:28Z -> data/sisbra_all_w24/20141007T195929_usp2014trgy_row2708 picks=4
[721/3570] SISBRA 2014-10-28T01:40:29 lat=-12.940 lon=-49.380 mag=2.3 window=+/-120.0s r=1.0deg
MATCHED: 2014-09-11T03:17:18Z -> data/sisbra_all_w24/20140911T031718_usp2014rumu_row2689 picks=1
[722/3570] SISBRA 2014-10-28T11:23:55 lat=-18.550 lon=-45.380 mag=2.5 window=+/-120.0s r=1.0deg
  candidates=1 scored=1
  best=smi:org.gfz-potsdam.de/geofon/usp2014ubjf dt_s=0.154 dist_km=1.066 picks<=400.0km=6
NO_MATCH: 2014-10-28T01:40:29Z -> data/sisbra_all_w24/20141028T014029_row2717
[723/3570] SISBRA 2014-10-28T13:33:59 lat=-22.980 lon=-43.820 mag=2.2 window=+/-120.0s r=1.0deg
MATCHED: 2014-10-13T08:29:21Z -> data/sisbra_all_w24/20141013T082921_usp2014ubjf_row2712 picks=6
[724/3570] SISBRA 2014-10-29T15:20:52 lat=-20.230 lon=-44.180 mag=2.3 window=+/-120.0s r=1.0deg
  candidates=1 scored=1
  best=smi:org.gfz-potsdam.de/geofon/usp2014uebn dt_s=0.619 dist_km=0.306 picks<=400.0km=8
  candidates=1 scored=1
  best=smi:org.gfz-potsdam.de/geofon/usp2014syjx dt_s=0.036 dist_km=0.360 picks<=400.0km=6
MATCHED: 2014-10-14T20:01:38Z -> data/sisbra_all_w24/20141014T200138_usp2014uebn_row2713 picks=8
[725/3570] SISBRA 2014-11-01T06:22:36 lat=-8.670 lon=-53.260 mag=2.9 window=+/-120.0s r=1.0deg
  candidates=1 scored=1
  best=smi:org.gfz-potsdam.de/geofon/usp2014szdw dt_s=0.961 dist_km=0.553 picks<=400.0km=5
MATCHED: 2014-09-27T11:54:35Z -> data/sisbra_all_w24/20140927T115435_usp2014syjx_row2697 picks=6
[726/3570] SISBRA 2014-11-03T06:25:20 lat=4.760 lon=-33.760 mag=4.6 window=+/-120.0s r=1.0deg
MATCHED: 2014-09-27T22:00:00Z -> data/sisbra_all_w24/20140927T220000_usp2014szdw_row2698 picks=5
[727/3570] SISBRA 2014-11-03T07:18:09 lat=5.090 lon=-32.850 mag=4.7 window=+/-120.0s r=1.0deg
  candidates=1 scored=1
  best=smi:org.gfz-potsdam.de/geofon/usp2014tggb dt_s=0.174 dist_km=0.420 picks<=400.0km=6
  candidates=1 scored=1
  candidates=1 scored=1
  best=smi:org.gfz-potsdam.de/geofon/usp2014rumr dt_s=0.697 dist_km=0.727 picks<=400.0km=1
  best=smi:org.gfz-potsdam.de/geofon/usp2014teim dt_s=0.472 dist_km=0.564 picks<=400.0km=3
MATCHED: 2014-10-01T19:04:00Z -> data/sisbra_all_w24/20141001T190400_usp2014tggb_row2703 picks=6
[728/3570] SISBRA 2014-11-03T08:23:56 lat=4.740 lon=-32.790 mag=4.8 window=+/-120.0s r=1.0deg
  candidates=1 scored=1
  best=smi:org.gfz-potsdam.de/geofon/usp2014trij dt_s=0.700 dist_km=0.317 picks<=400.0km=4
MATCHED: 2014-09-30T18:00:18Z -> data/sisbra_all_w24/20140930T180018_usp2014teim_row2701 picks=3
[729/3570] SISBRA 2014-11-07T20:34:57.500000 lat=-9.270 lon=-64.640 mag=2.8 window=+/-120.0s r=1.0deg
MATCHED: 2014-10-07T20:42:45Z -> data/sisbra_all_w24/20141007T204245_usp2014trij_row2709 picks=4
[730/3570] SISBRA 2014-11-07T21:12:55.600000 lat=-9.260 lon=-64.650 mag=2.0 window=+/-120.0s r=1.0deg
MATCHED: 2014-09-11T03:13:58Z -> data/sisbra_all_w24/20140911T031358_usp2014rumr_row2688 picks=1
[731/3570] SISBRA 2014-11-12T13:50:48 lat=-20.020 lon=-45.340 mag=2.5 window=+/-120.0s r=1.0deg
  candidates=1 scored=1
  best=smi:org.gfz-potsdam.de/geofon/usp2014tgko dt_s=0.029 dist_km=0.628 picks<=400.0km=2
MATCHED: 2014-10-01T21:20:07Z -> data/sisbra_all_w24/20141001T212007_usp2014tgko_row2705 picks=2
[732/3570] SISBRA 2014-11-13T09:56:33 lat=-11.230 lon=-56.830 mag=2.8 window=+/-120.0s r=1.0deg
  candidates=1 scored=1
  best=smi:org.gfz-potsdam.de/geofon/usp2014tcrv dt_s=0.958 dist_km=0.259 picks<=400.0km=9
  candidates=1 scored=1
  best=smi:org.gfz-potsdam.de/geofon/usp2014posi dt_s=0.751 dist_km=0.690 picks<=400.0km=0
  candidates=1 scored=1
  candidates=1 scored=1
  best=smi:org.gfz-potsdam.de/geofon/usp2014rgzp dt_s=0.435 dist_km=0.393 picks<=400.0km=6
MATCHED: 2014-08-10T12:12:29Z -> data/sisbra_all_w24/20140810T121229_usp2014posi_row2659 picks=0
[733/3570] SISBRA 2014-11-13T14:39:20.500000 lat=-9.270 lon=-64.640 mag=1.8 window=+/-120.0s r=1.0deg
  best=smi:org.gfz-potsdam.de/geofon/usp2014nnnd dt_s=0.947 dist_km=0.522 picks<=400.0km=0
MATCHED: 2014-09-29T20:27:59Z -> data/sisbra_all_w24/20140929T202759_usp2014tcrv_row2699 picks=9
[734/3570] SISBRA 2014-11-13T14:39:40 lat=-9.270 lon=-64.650 mag=0.8 window=+/-120.0s r=1.0deg
MATCHED: 2014-09-03T17:50:51Z -> data/sisbra_all_w24/20140903T175051_usp2014rgzp_row2682 picks=6
[735/3570] SISBRA 2014-11-13T14:39:57.300000 lat=-9.270 lon=-64.650 mag=2.8 window=+/-120.0s r=1.0deg
MATCHED: 2014-07-12T09:21:44Z -> data/sisbra_all_w24/20140712T092144_usp2014nnnd_row2626 picks=0
[736/3570] SISBRA 2014-11-13T19:22:19.700000 lat=-9.270 lon=-64.650 mag=2.1 window=+/-120.0s r=1.0deg
NO_MATCH: 2014-11-13T14:39:40Z -> data/sisbra_all_w24/20141113T143940_row2730
[737/3570] SISBRA 2014-11-13T20:28:09.700000 lat=-9.270 lon=-64.650 mag=1.3 window=+/-120.0s r=1.0deg
  candidates=1 scored=1
NO_MATCH: 2014-11-13T20:28:09.700000Z -> data/sisbra_all_w24/20141113T202809_row2733
[738/3570] SISBRA 2014-11-15T02:48:36 lat=-8.950 lon=-52.740 mag=2.7 window=+/-120.0s r=1.0deg
  best=smi:org.gfz-potsdam.de/geofon/usp2014puas dt_s=0.550 dist_km=0.444 picks<=400.0km=0
  candidates=1 scored=1
  best=smi:org.gfz-potsdam.de/geofon/usp2014vvzy dt_s=0.400 dist_km=0.310 picks<=400.0km=2
MATCHED: 2014-11-07T21:12:55.600000Z -> data/sisbra_all_w24/20141107T211256_usp2014vvzy_row2726 picks=2
[739/3570] SISBRA 2014-11-16T05:17:23 lat=-3.520 lon=-40.680 mag=3.6 window=+/-120.0s r=1.0deg
  candidates=1 scored=1
  best=smi:org.gfz-potsdam.de/geofon/usp2014tomu dt_s=0.936 dist_km=0.250 picks<=400.0km=10
MATCHED: 2014-08-13T10:07:28Z -> data/sisbra_all_w24/20140813T100728_usp2014puas_row2662 picks=0
[740/3570] SISBRA 2014-11-16T05:51:13 lat=-19.640 lon=-43.220 mag=2.9 window=+/-120.0s r=1.0deg
  candidates=1 scored=1
  best=smi:org.gfz-potsdam.de/geofon/usp2014vvyr dt_s=0.500 dist_km=0.242 picks<=400.0km=4
  candidates=1 scored=1
  best=smi:org.gfz-potsdam.de/geofon/usp2014qvme dt_s=0.430 dist_km=0.552 picks<=400.0km=3
  candidates=1 scored=1
  best=smi:org.gfz-potsdam.de/geofon/usp2014uocj dt_s=0.301 dist_km=0.301 picks<=400.0km=8
MATCHED: 2014-10-06T07:32:33Z -> data/sisbra_all_w24/20141006T073233_usp2014tomu_row2707 picks=10
[741/3570] SISBRA 2014-11-23T00:46:07 lat=-15.320 lon=-51.070 mag=3.3 window=+/-120.0s r=1.0deg
MATCHED: 2014-11-07T20:34:57.500000Z -> data/sisbra_all_w24/20141107T203457_usp2014vvyr_row2725 picks=4
[742/3570] SISBRA 2014-11-26T01:26:25 lat=-6.290 lon=-71.870 mag=5.0 window=+/-120.0s r=1.0deg
MATCHED: 2014-08-28T10:35:06Z -> data/sisbra_all_w24/20140828T103505_usp2014qvme_row2677 picks=3
[743/3570] SISBRA 2014-11-26T19:16:07 lat=-10.490 lon=-56.460 mag=2.5 window=+/-120.0s r=1.0deg
MATCHED: 2014-10-20T07:49:25Z -> data/sisbra_all_w24/20141020T074925_usp2014uocj_row2715 picks=8
[744/3570] SISBRA 2014-11-29T15:31:46 lat=-13.950 lon=-43.010 mag=2.2 window=+/-120.0s r=1.0deg
  candidates=1 scored=1
  best=smi:org.gfz-potsdam.de/geofon/usp2014wgma dt_s=0.500 dist_km=0.414 picks<=400.0km=4
  candidates=1 scored=1
  best=smi:org.gfz-potsdam.de/geofon/usp2014vddu dt_s=0.257 dist_km=0.408 picks<=400.0km=10
  candidates=1 scored=1
  best=smi:org.gfz-potsdam.de/geofon/usp2014tiew dt_s=0.039 dist_km=1.253 picks<=400.0km=4
MATCHED: 2014-11-13T14:39:20.500000Z -> data/sisbra_all_w24/20141113T143921_usp2014wgma_row2729 picks=4
[745/3570] SISBRA 2014-12-03T15:08:11 lat=-20.150 lon=-43.550 mag=2.3 window=+/-120.0s r=1.0deg
MATCHED: 2014-10-28T13:33:59Z -> data/sisbra_all_w24/20141028T133359_usp2014vddu_row2719 picks=10
[746/3570] SISBRA 2014-12-03T21:57:44 lat=-5.520 lon=-55.400 mag=2.5 window=+/-120.0s r=1.0deg
  candidates=1 scored=1
  best=smi:org.gfz-potsdam.de/geofon/usp2014weow dt_s=0.284 dist_km=0.590 picks<=400.0km=5
MATCHED: 2014-10-02T20:43:37Z -> data/sisbra_all_w24/20141002T204337_usp2014tiew_row2706 picks=4
[747/3570] SISBRA 2014-12-07T10:47:05 lat=-2.190 lon=-54.300 mag=3.2 window=+/-120.0s r=1.0deg
  candidates=1 scored=1
  best=smi:org.gfz-potsdam.de/geofon/usp2014wglz dt_s=0.300 dist_km=0.211 picks<=400.0km=4
MATCHED: 2014-11-12T13:50:48Z -> data/sisbra_all_w24/20141112T135048_usp2014weow_row2727 picks=5
[748/3570] SISBRA 2014-12-09T07:34:41 lat=1.880 lon=-30.600 mag=4.6 window=+/-120.0s r=1.0deg
MATCHED: 2014-11-13T14:39:57.300000Z -> data/sisbra_all_w24/20141113T143957_usp2014wglz_row2731 picks=4
[749/3570] SISBRA 2014-12-10T05:03:44 lat=0.800 lon=-28.490 mag=4.2 window=+/-120.0s r=1.0deg
  candidates=1 scored=1
  best=smi:org.gfz-potsdam.de/geofon/usp2014ujhe dt_s=0.542 dist_km=0.582 picks<=400.0km=1
  candidates=1 scored=1
  best=smi:org.gfz-potsdam.de/geofon/usp2014wgcq dt_s=0.019 dist_km=0.614 picks<=400.0km=1
MATCHED: 2014-10-17T16:34:31Z -> data/sisbra_all_w24/20141017T163431_usp2014ujhe_row2714 picks=1
[750/3570] SISBRA 2014-12-15T05:54:04 lat=-8.430 lon=-74.750 mag=4.7 window=+/-120.0s r=1.0deg
MATCHED: 2014-11-13T09:56:33Z -> data/sisbra_all_w24/20141113T095633_usp2014wgcq_row2728 picks=1
[751/3570] SISBRA 2014-12-20T00:36:15 lat=-0.860 lon=-50.090 mag=3.4 window=+/-120.0s r=1.0deg
  candidates=1 scored=1
  best=smi:org.gfz-potsdam.de/geofon/usp2014vfcu dt_s=0.287 dist_km=0.674 picks<=400.0km=11
MATCHED: 2014-10-29T15:20:52Z -> data/sisbra_all_w24/20141029T152052_usp2014vfcu_row2720 picks=11
[752/3570] SISBRA 2014-12-22T18:46:39 lat=-18.270 lon=-45.250 mag=2.7 window=+/-120.0s r=1.0deg
  candidates=1 scored=1
  best=smi:org.gfz-potsdam.de/geofon/usp2014vczm dt_s=0.587 dist_km=0.545 picks<=400.0km=4
  candidates=1 scored=1
  best=smi:org.gfz-potsdam.de/geofon/usp2014wgvi dt_s=0.300 dist_km=0.485 picks<=400.0km=3
MATCHED: 2014-11-13T19:22:19.700000Z -> data/sisbra_all_w24/20141113T192220_usp2014wgvi_row2732 picks=3
[753/3570] SISBRA 2014-12-25T15:44:21 lat=-11.640 lon=-56.660 mag=3.0 window=+/-120.0s r=1.0deg
MATCHED: 2014-10-28T11:23:55Z -> data/sisbra_all_w24/20141028T112355_usp2014vczm_row2718 picks=4
[754/3570] SISBRA 2014-12-25T16:41:48 lat=-10.230 lon=-51.660 mag=2.6 window=+/-120.0s r=1.0deg
  candidates=1 scored=1
  best=smi:org.gfz-potsdam.de/geofon/usp2014xeoq dt_s=0.303 dist_km=0.392 picks<=400.0km=4
MATCHED: 2014-11-26T19:16:07Z -> data/sisbra_all_w24/20141126T191607_usp2014xeoq_row2739 picks=4
[755/3570] SISBRA 2014-12-29T17:39:38 lat=-5.500 lon=-36.130 mag=1.5 window=+/-120.0s r=1.0deg
  candidates=1 scored=1
  best=smi:org.gfz-potsdam.de/geofon/usp2014vnoq dt_s=0.266 dist_km=0.302 picks<=400.0km=0
MATCHED: 2014-11-03T06:25:20Z -> data/sisbra_all_w24/20141103T062520_usp2014vnoq_row2722 picks=0
[756/3570] SISBRA 2014-12-30T22:32:40 lat=-22.220 lon=-49.950 mag=2.7 window=+/-120.0s r=1.0deg
  candidates=1 scored=1
  best=smi:org.gfz-potsdam.de/geofon/usp2014xjtt dt_s=0.172 dist_km=0.593 picks<=400.0km=4
  candidates=1 scored=1
  best=smi:org.gfz-potsdam.de/geofon/usp2014wjfn dt_s=0.610 dist_km=0.363 picks<=400.0km=3
MATCHED: 2014-11-29T15:31:46Z -> data/sisbra_all_w24/20141129T153146_usp2014xjtt_row2740 picks=4
[757/3570] SISBRA 2014-12-31T03:09:34 lat=-7.770 lon=-50.220 mag=2.6 window=+/-120.0s r=1.0deg
MATCHED: 2014-11-15T02:48:36Z -> data/sisbra_all_w24/20141115T024836_usp2014wjfn_row2734 picks=3
[758/3570] SISBRA 2015-01-01T06:54:24 lat=3.400 lon=-32.050 mag=4.2 window=+/-120.0s r=1.0deg
  candidates=1 scored=1
  best=smi:org.gfz-potsdam.de/geofon/usp2014vjxo dt_s=0.195 dist_km=0.345 picks<=400.0km=4
  candidates=1 scored=1
  best=smi:org.gfz-potsdam.de/geofon/usp2014xyak dt_s=0.014 dist_km=0.215 picks<=400.0km=3
NO_MATCH: 2014-12-31T03:09:34Z -> data/sisbra_all_w24/20141231T030934_row2753
[759/3570] SISBRA 2015-01-05T15:44:45 lat=-25.020 lon=-49.100 mag=3.1 window=+/-120.0s r=1.0deg
  candidates=1 scored=1
MATCHED: 2014-12-07T10:47:05Z -> data/sisbra_all_w24/20141207T104705_usp2014xyak_row2743 picks=3
[760/3570] SISBRA 2015-01-10T03:49:29 lat=-19.460 lon=-45.600 mag=2.5 window=+/-120.0s r=1.0deg
  best=smi:org.gfz-potsdam.de/geofon/usp2014wlfy dt_s=0.952 dist_km=0.470 picks<=400.0km=4
MATCHED: 2014-11-01T06:22:36Z -> data/sisbra_all_w24/20141101T062236_usp2014vjxo_row2721 picks=4
[761/3570] SISBRA 2015-01-10T06:55:08 lat=-11.400 lon=-56.690 mag=3.2 window=+/-120.0s r=1.0deg
  candidates=1 scored=1
  best=smi:org.gfz-potsdam.de/geofon/usp2014xron dt_s=0.872 dist_km=0.335 picks<=400.0km=4
  candidates=1 scored=1
MATCHED: 2014-11-16T05:17:23Z -> data/sisbra_all_w24/20141116T051723_usp2014wlfy_row2735 picks=4
[762/3570] SISBRA 2015-01-15T18:20:21 lat=-13.290 lon=-38.990 mag=3.1 window=+/-120.0s r=1.0deg
  best=smi:org.gfz-potsdam.de/geofon/usp2014xraz dt_s=0.226 dist_km=0.713 picks<=400.0km=10
  candidates=1 scored=1
  best=smi:org.gfz-potsdam.de/geofon/usp2014urqc dt_s=0.107 dist_km=0.583 picks<=400.0km=0
MATCHED: 2014-12-03T21:57:44Z -> data/sisbra_all_w24/20141203T215744_usp2014xron_row2742 picks=4
[763/3570] SISBRA 2015-01-18T00:33:13 lat=-8.070 lon=-50.290 mag=2.4 window=+/-120.0s r=1.0deg
MATCHED: 2014-10-22T06:09:08Z -> data/sisbra_all_w24/20141022T060908_usp2014urqc_row2716 picks=0
[764/3570] SISBRA 2015-01-19T03:54:16 lat=-7.560 lon=-50.100 mag=2.3 window=+/-120.0s r=1.0deg
MATCHED: 2014-12-03T15:08:11Z -> data/sisbra_all_w24/20141203T150811_usp2014xraz_row2741 picks=10
[765/3570] SISBRA 2015-01-20T01:07:53 lat=-1.970 lon=-46.890 mag=2.3 window=+/-120.0s r=1.0deg
  candidates=1 scored=1
  best=smi:org.gfz-potsdam.de/geofon/usp2014tzjv dt_s=0.651 dist_km=0.438 picks<=400.0km=3
NO_MATCH: 2015-01-19T03:54:16Z -> data/sisbra_all_w24/20150119T035416_row2760
[766/3570] SISBRA 2015-01-22T12:20:05 lat=-22.480 lon=-40.470 mag=3.0 window=+/-120.0s r=1.0deg
NO_MATCH: 2015-01-18T00:33:13Z -> data/sisbra_all_w24/20150118T003313_row2759
[767/3570] SISBRA 2015-01-23T05:06:29 lat=-13.150 lon=-49.240 mag=2.4 window=+/-120.0s r=1.0deg
MATCHED: 2014-10-12T06:32:30Z -> data/sisbra_all_w24/20141012T063230_usp2014tzjv_row2710 picks=3
[768/3570] SISBRA 2015-01-24T04:12:49 lat=-24.030 lon=-44.620 mag=2.0 window=+/-120.0s r=1.0deg
NO_MATCH: 2015-01-23T05:06:29Z -> data/sisbra_all_w24/20150123T050629_row2763
[769/3570] SISBRA 2015-01-25T04:45:42 lat=0.650 lon=-29.900 mag=4.3 window=+/-120.0s r=1.0deg
  candidates=1 scored=1
  best=smi:org.gfz-potsdam.de/geofon/usp2015biuu dt_s=0.000 dist_km=0.578 picks<=400.0km=1
MATCHED: 2015-01-20T01:07:53Z -> data/sisbra_all_w24/20150120T010753_usp2015biuu_row2761 picks=1
[770/3570] SISBRA 2015-01-26T06:12:02 lat=-11.490 lon=-56.730 mag=3.9 window=+/-120.0s r=1.0deg
  candidates=1 scored=1
  candidates=1 scored=1
  best=smi:org.gfz-potsdam.de/geofon/usp2014zaat dt_s=0.955 dist_km=0.629 picks<=400.0km=4
  best=smi:org.gfz-potsdam.de/geofon/usp2014ruuf dt_s=0.402 dist_km=0.524 picks<=400.0km=0
MATCHED: 2014-12-22T18:46:39Z -> data/sisbra_all_w24/20141222T184639_usp2014zaat_row2748 picks=4
[771/3570] SISBRA 2015-01-26T07:32:41 lat=0.050 lon=-31.470 mag=4.1 window=+/-120.0s r=1.0deg
  candidates=1 scored=1
  best=smi:org.gfz-potsdam.de/geofon/usp2015aqtc dt_s=0.130 dist_km=0.300 picks<=400.0km=4
MATCHED: 2014-09-11T07:02:39Z -> data/sisbra_all_w24/20140911T070239_usp2014ruuf_row2690 picks=0
[772/3570] SISBRA 2015-01-29T05:22:04 lat=-15.620 lon=-51.590 mag=2.2 window=+/-120.0s r=1.0deg
MATCHED: 2015-01-10T03:49:29Z -> data/sisbra_all_w24/20150110T034929_usp2015aqtc_row2756 picks=4
[773/3570] SISBRA 2015-01-31T16:36:26 lat=-19.610 lon=-43.300 mag=3.2 window=+/-120.0s r=1.0deg
  candidates=1 scored=1
  best=smi:org.gfz-potsdam.de/geofon/usp2014yuzu dt_s=0.887 dist_km=0.592 picks<=400.0km=4
NO_MATCH: 2015-01-29T05:22:04Z -> data/sisbra_all_w24/20150129T052204_row2768
[774/3570] SISBRA 2015-02-03T03:47:29 lat=-24.050 lon=-44.880 mag=2.1 window=+/-120.0s r=1.0deg
  candidates=1 scored=1
  best=smi:org.gfz-potsdam.de/geofon/usp2014vnso dt_s=0.873 dist_km=0.472 picks<=400.0km=0
  candidates=1 scored=1
  best=smi:org.gfz-potsdam.de/geofon/usp2014zfhg dt_s=0.008 dist_km=0.627 picks<=400.0km=2
  candidates=1 scored=1
  best=smi:org.gfz-potsdam.de/geofon/usp2015aanr dt_s=0.995 dist_km=0.047 picks<=400.0km=0
MATCHED: 2014-12-20T00:36:15Z -> data/sisbra_all_w24/20141220T003615_usp2014yuzu_row2747 picks=4
[775/3570] SISBRA 2015-02-03T14:51:00 lat=-8.290 lon=-35.980 mag=1.9 window=+/-120.0s r=1.0deg
MATCHED: 2015-01-01T06:54:24Z -> data/sisbra_all_w24/20150101T065424_usp2015aanr_row2754 picks=0
[776/3570] SISBRA 2015-02-03T15:30:35 lat=-8.360 lon=-35.990 mag=0.7 window=+/-120.0s r=1.0deg
MATCHED: 2014-11-03T08:23:56Z -> data/sisbra_all_w24/20141103T082356_usp2014vnso_row2724 picks=0
[777/3570] SISBRA 2015-02-03T19:38:15 lat=-8.280 lon=-35.960 mag=2.4 window=+/-120.0s r=1.0deg
MATCHED: 2014-12-25T15:44:21Z -> data/sisbra_all_w24/20141225T154421_usp2014zfhg_row2749 picks=2
[778/3570] SISBRA 2015-02-04T13:34:34 lat=-6.450 lon=-50.060 mag=3.3 window=+/-120.0s r=1.0deg
  candidates=1 scored=1
  best=smi:org.gfz-potsdam.de/geofon/usp2014zfjd dt_s=0.931 dist_km=0.634 picks<=400.0km=2
  candidates=1 scored=1
  best=smi:org.gfz-potsdam.de/geofon/usp2014wlhb dt_s=1.303 dist_km=0.565 picks<=400.0km=5
MATCHED: 2014-12-25T16:41:48Z -> data/sisbra_all_w24/20141225T164148_usp2014zfjd_row2750 picks=2
[779/3570] SISBRA 2015-02-04T23:22:35 lat=-20.060 lon=-43.420 mag=2.8 window=+/-120.0s r=1.0deg
  candidates=1 scored=1
  best=smi:org.gfz-potsdam.de/geofon/usp2014ymgt dt_s=0.049 dist_km=0.370 picks<=400.0km=1
  candidates=1 scored=1
  best=smi:org.gfz-potsdam.de/geofon/usp2014ydbo dt_s=0.909 dist_km=0.441 picks<=400.0km=0
MATCHED: 2014-11-16T05:51:13Z -> data/sisbra_all_w24/20141116T055114_usp2014wlhb_row2736 picks=5
[780/3570] SISBRA 2015-02-05T00:53:27 lat=-8.350 lon=-35.990 mag=2.0 window=+/-120.0s r=1.0deg
MATCHED: 2014-12-10T05:03:44Z -> data/sisbra_all_w24/20141210T050344_usp2014ydbo_row2745 picks=0
[781/3570] SISBRA 2015-02-05T07:01:20 lat=-20.060 lon=-43.410 mag=2.3 window=+/-120.0s r=1.0deg
  candidates=1 scored=1
MATCHED: 2014-12-15T05:54:04Z -> data/sisbra_all_w24/20141215T055404_usp2014ymgt_row2746 picks=1
[782/3570] SISBRA 2015-02-05T07:33:51 lat=-20.070 lon=-43.410 mag=2.1 window=+/-120.0s r=1.0deg
  best=smi:org.gfz-potsdam.de/geofon/usp2015bqix dt_s=0.402 dist_km=0.151 picks<=400.0km=10
  candidates=1 scored=1
  candidates=1 scored=1
  best=smi:org.gfz-potsdam.de/geofon/usp2014zmtb dt_s=0.536 dist_km=0.455 picks<=400.0km=11
  best=smi:org.gfz-potsdam.de/geofon/usp2015aqzf dt_s=2.211 dist_km=7.293 picks<=400.0km=1
MATCHED: 2015-01-24T04:12:49Z -> data/sisbra_all_w24/20150124T041249_usp2015bqix_row2764 picks=10
[783/3570] SISBRA 2015-02-05T14:29:19 lat=-6.040 lon=-36.890 mag=1.2 window=+/-120.0s r=1.0deg
MATCHED: 2015-01-10T06:55:08Z -> data/sisbra_all_w24/20150110T065510_usp2015aqzf_row2757 picks=1
[784/3570] SISBRA 2015-02-06T11:24:06 lat=-8.290 lon=-35.960 mag=1.5 window=+/-120.0s r=1.0deg
MATCHED: 2014-12-29T17:39:38Z -> data/sisbra_all_w24/20141229T173938_usp2014zmtb_row2751 picks=11
[785/3570] SISBRA 2015-02-06T22:10:05 lat=-8.300 lon=-35.980 mag=1.8 window=+/-120.0s r=1.0deg
  candidates=1 scored=1
  best=smi:org.gfz-potsdam.de/geofon/usp2015cebz dt_s=0.308 dist_km=1.355 picks<=400.0km=10
MATCHED: 2015-01-31T16:36:26Z -> data/sisbra_all_w24/20150131T163626_usp2015cebz_row2769 picks=10
[786/3570] SISBRA 2015-02-07T08:23:21 lat=-8.270 lon=-35.960 mag=0.9 window=+/-120.0s r=1.0deg
  candidates=1 scored=1
  best=smi:org.gfz-potsdam.de/geofon/usp2015cjmh dt_s=0.694 dist_km=0.273 picks<=400.0km=7
MATCHED: 2015-02-03T15:30:35Z -> data/sisbra_all_w24/20150203T153035_usp2015cjmh_row2772 picks=7
[787/3570] SISBRA 2015-02-07T17:01:22 lat=-3.580 lon=-40.540 mag=2.0 window=+/-120.0s r=1.0deg
  candidates=1 scored=1
  best=smi:org.gfz-potsdam.de/geofon/usp2015cipc dt_s=0.463 dist_km=0.510 picks<=400.0km=7
  candidates=1 scored=1
MATCHED: 2015-02-03T03:47:29Z -> data/sisbra_all_w24/20150203T034729_usp2015cipc_row2770 picks=7
[788/3570] SISBRA 2015-02-11T09:46:31 lat=-10.480 lon=-51.760 mag=4.1 window=+/-120.0s r=1.0deg
  best=smi:org.gfz-potsdam.de/geofon/usp2015bazj dt_s=10.041 dist_km=99.855 picks<=400.0km=4
  candidates=1 scored=1
  best=smi:org.gfz-potsdam.de/geofon/usp2015aine dt_s=0.592 dist_km=0.593 picks<=400.0km=7
MATCHED: 2015-01-15T18:20:21Z -> data/sisbra_all_w24/20150115T182031_usp2015bazj_row2758 picks=4
[789/3570] SISBRA 2015-02-12T04:44:39 lat=-12.730 lon=-46.730 mag=2.0 window=+/-120.0s r=1.0deg
MATCHED: 2015-01-05T15:44:45Z -> data/sisbra_all_w24/20150105T154445_usp2015aine_row2755 picks=7
[790/3570] SISBRA 2015-02-12T13:07:34 lat=-10.520 lon=-51.760 mag=3.1 window=+/-120.0s r=1.0deg
NO_MATCH: 2015-02-12T04:44:39Z -> data/sisbra_all_w24/20150212T044439_row2785
[791/3570] SISBRA 2015-02-15T08:27:13 lat=-8.510 lon=-53.350 mag=3.0 window=+/-120.0s r=1.0deg
  candidates=1 scored=1
  candidates=1 scored=1
  best=smi:org.gfz-potsdam.de/geofon/usp2014wxrn dt_s=0.955 dist_km=0.184 picks<=400.0km=5
  candidates=1 scored=1
  best=smi:org.gfz-potsdam.de/geofon/usp2015cnbh dt_s=0.708 dist_km=0.283 picks<=400.0km=2
  best=smi:org.gfz-potsdam.de/geofon/usp2014zoyg dt_s=0.023 dist_km=0.557 picks<=400.0km=7
MATCHED: 2014-12-30T22:32:40Z -> data/sisbra_all_w24/20141230T223240_usp2014zoyg_row2752 picks=7
[792/3570] SISBRA 2015-02-15T12:25:24 lat=-10.540 lon=-51.870 mag=3.1 window=+/-120.0s r=1.0deg
MATCHED: 2014-11-23T00:46:07Z -> data/sisbra_all_w24/20141123T004607_usp2014wxrn_row2737 picks=5
[793/3570] SISBRA 2015-02-16T21:25:02 lat=-9.590 lon=-65.570 mag=3.5 window=+/-120.0s r=1.0deg
  candidates=1 scored=1
  best=smi:org.gfz-potsdam.de/geofon/usp2015cqxh dt_s=0.112 dist_km=0.470 picks<=400.0km=2
  candidates=1 scored=1
  best=smi:org.gfz-potsdam.de/geofon/usp2015coqr dt_s=0.165 dist_km=0.296 picks<=400.0km=4
MATCHED: 2015-02-05T14:29:19Z -> data/sisbra_all_w24/20150205T142919_usp2015cnbh_row2779 picks=2
[794/3570] SISBRA 2015-02-19T01:25:07 lat=-12.650 lon=-48.590 mag=2.3 window=+/-120.0s r=1.0deg
MATCHED: 2015-02-07T17:01:22Z -> data/sisbra_all_w24/20150207T170122_usp2015cqxh_row2783 picks=2
[795/3570] SISBRA 2015-02-19T01:49:51 lat=-9.820 lon=-36.730 mag=2.3 window=+/-120.0s r=1.0deg
MATCHED: 2015-02-06T11:24:06Z -> data/sisbra_all_w24/20150206T112406_usp2015coqr_row2780 picks=4
[796/3570] SISBRA 2015-02-23T20:22:40 lat=-0.500 lon=-69.200 mag=3.5 window=+/-120.0s r=1.0deg
  candidates=1 scored=1
  best=smi:org.gfz-potsdam.de/geofon/usp2015cqgf dt_s=0.841 dist_km=2.866 picks<=400.0km=4
NO_MATCH: 2015-02-16T21:25:02Z -> data/sisbra_all_w24/20150216T212502_row2789
[797/3570] SISBRA 2015-02-24T06:54:54 lat=0.450 lon=-27.310 mag=4.4 window=+/-120.0s r=1.0deg
NO_MATCH: 2015-02-19T01:25:07Z -> data/sisbra_all_w24/20150219T012507_row2790
[798/3570] SISBRA 2015-02-26T09:39:00 lat=-22.080 lon=-40.730 mag=3.4 window=+/-120.0s r=1.0deg
  candidates=1 scored=1
  best=smi:org.gfz-potsdam.de/geofon/usp2015bsfn dt_s=0.534 dist_km=0.488 picks<=400.0km=0
  candidates=1 scored=1
  candidates=1 scored=1
  best=smi:org.gfz-potsdam.de/geofon/usp2015cjum dt_s=0.591 dist_km=0.590 picks<=400.0km=4
  best=smi:org.gfz-potsdam.de/geofon/usp2014vnql dt_s=0.952 dist_km=0.540 picks<=400.0km=0
MATCHED: 2015-02-07T08:23:21Z -> data/sisbra_all_w24/20150207T082321_usp2015cqgf_row2782 picks=4
[799/3570] SISBRA 2015-03-01T01:42:55 lat=0.720 lon=-28.320 mag=4.4 window=+/-120.0s r=1.0deg
  candidates=1 scored=1
  candidates=1 scored=1
  best=smi:org.gfz-potsdam.de/geofon/usp2015cmaj dt_s=0.648 dist_km=0.324 picks<=400.0km=3
  best=smi:org.gfz-potsdam.de/geofon/usp2015cmnp dt_s=0.155 dist_km=0.339 picks<=400.0km=8
MATCHED: 2015-02-03T19:38:15Z -> data/sisbra_all_w24/20150203T193815_usp2015cjum_row2773 picks=4
[800/3570] SISBRA 2015-03-05T20:05:42 lat=-15.110 lon=-48.970 mag=2.3 window=+/-120.0s r=1.0deg
MATCHED: 2015-01-25T04:45:42Z -> data/sisbra_all_w24/20150125T044542_usp2015bsfn_row2765 picks=0
[801/3570] SISBRA 2015-03-10T00:22:25 lat=-5.500 lon=-35.780 mag=2.1 window=+/-120.0s r=1.0deg
MATCHED: 2014-11-03T07:18:09Z -> data/sisbra_all_w24/20141103T071809_usp2014vnql_row2723 picks=0
[802/3570] SISBRA 2015-03-11T01:13:30 lat=1.250 lon=-34.600 mag=3.7 window=+/-120.0s r=1.0deg
MATCHED: 2015-02-05T07:33:51Z -> data/sisbra_all_w24/20150205T073351_usp2015cmnp_row2778 picks=8
[803/3570] SISBRA 2015-03-11T03:57:48 lat=-10.560 lon=-51.950 mag=2.3 window=+/-120.0s r=1.0deg
MATCHED: 2015-02-05T00:53:27Z -> data/sisbra_all_w24/20150205T005327_usp2015cmaj_row2776 picks=3
[804/3570] SISBRA 2015-03-11T11:24:00 lat=-14.010 lon=-50.120 mag=2.5 window=+/-120.0s r=1.0deg
NO_MATCH: 2015-03-05T20:05:42Z -> data/sisbra_all_w24/20150305T200542_row2796
[805/3570] SISBRA 2015-03-11T20:01:09 lat=-9.480 lon=-35.770 mag=1.3 window=+/-120.0s r=1.0deg
  candidates=1 scored=1
  candidates=1 scored=1
  best=smi:org.gfz-potsdam.de/geofon/usp2015cjkz dt_s=0.322 dist_km=0.419 picks<=400.0km=5
  best=smi:org.gfz-potsdam.de/geofon/usp2014yblb dt_s=0.839 dist_km=0.559 picks<=400.0km=0
MATCHED: 2015-02-03T14:51:00Z -> data/sisbra_all_w24/20150203T145100_usp2015cjkz_row2771 picks=5
[806/3570] SISBRA 2015-03-13T18:42:42 lat=-17.760 lon=-43.290 mag=2.3 window=+/-120.0s r=1.0deg
MATCHED: 2014-12-09T07:34:41Z -> data/sisbra_all_w24/20141209T073441_usp2014yblb_row2744 picks=0
[807/3570] SISBRA 2015-03-14T15:44:17 lat=-7.300 lon=-36.840 mag=1.5 window=+/-120.0s r=1.0deg
  candidates=1 scored=1
  best=smi:org.gfz-potsdam.de/geofon/usp2015cldz dt_s=0.144 dist_km=0.421 picks<=400.0km=4
  candidates=1 scored=1
  best=smi:org.gfz-potsdam.de/geofon/usp2015ewjo dt_s=0.314 dist_km=0.479 picks<=400.0km=1
  candidates=1 scored=1
  best=smi:org.gfz-potsdam.de/geofon/usp2015edyc dt_s=0.905 dist_km=0.434 picks<=400.0km=0
MATCHED: 2015-03-11T03:57:48Z -> data/sisbra_all_w24/20150311T035748_usp2015ewjo_row2799 picks=1
[808/3570] SISBRA 2015-03-16T19:44:54 lat=-9.710 lon=-50.770 mag=2.7 window=+/-120.0s r=1.0deg
MATCHED: 2015-03-01T01:42:55Z -> data/sisbra_all_w24/20150301T014255_usp2015edyc_row2795 picks=0
[809/3570] SISBRA 2015-03-16T20:01:08 lat=-9.560 lon=-36.000 mag=1.8 window=+/-120.0s r=1.0deg
MATCHED: 2015-02-04T13:34:34Z -> data/sisbra_all_w24/20150204T133434_usp2015cldz_row2774 picks=4
[810/3570] SISBRA 2015-03-16T20:02:39 lat=-8.210 lon=-34.950 mag=1.3 window=+/-120.0s r=1.0deg
NO_MATCH: 2015-03-16T19:44:54Z -> data/sisbra_all_w24/20150316T194454_row2804
[811/3570] SISBRA 2015-03-17T19:07:04 lat=-14.210 lon=-39.220 mag=2.3 window=+/-120.0s r=1.0deg
  candidates=1 scored=1
  candidates=1 scored=1
  best=smi:org.gfz-potsdam.de/geofon/usp2015cplz dt_s=0.079 dist_km=0.261 picks<=400.0km=5
  best=smi:org.gfz-potsdam.de/geofon/usp2015budw dt_s=0.518 dist_km=0.417 picks<=400.0km=0
MATCHED: 2015-01-26T06:12:02Z -> data/sisbra_all_w24/20150126T061202_usp2015budw_row2766 picks=0
[812/3570] SISBRA 2015-03-18T14:31:52 lat=-3.990 lon=-38.580 mag=1.7 window=+/-120.0s r=1.0deg
MATCHED: 2015-02-06T22:10:05Z -> data/sisbra_all_w24/20150206T221005_usp2015cplz_row2781 picks=5
[813/3570] SISBRA 2015-03-18T20:40:45 lat=-18.870 lon=-43.470 mag=2.5 window=+/-120.0s r=1.0deg
  candidates=1 scored=1
  best=smi:org.gfz-potsdam.de/geofon/usp2015bnhz dt_s=0.259 dist_km=0.415 picks<=400.0km=6
  candidates=1 scored=1
  best=smi:org.gfz-potsdam.de/geofon/usp2015dujz dt_s=0.180 dist_km=18.839 picks<=400.0km=0
  candidates=1 scored=1
  best=smi:org.gfz-potsdam.de/geofon/usp2015cmmn dt_s=0.218 dist_km=0.940 picks<=400.0km=17
  candidates=1 scored=1
MATCHED: 2015-01-22T12:20:05Z -> data/sisbra_all_w24/20150122T122005_usp2015bnhz_row2762 picks=6
[814/3570] SISBRA 2015-03-19T13:38:24 lat=-18.740 lon=-40.420 mag=2.1 window=+/-120.0s r=1.0deg
  best=smi:org.gfz-potsdam.de/geofon/usp2015bugn dt_s=0.891 dist_km=0.314 picks<=400.0km=0
MATCHED: 2015-02-23T20:22:40Z -> data/sisbra_all_w24/20150223T202240_usp2015dujz_row2792 picks=0
[815/3570] SISBRA 2015-03-19T18:51:43 lat=-7.700 lon=-36.440 mag=1.8 window=+/-120.0s r=1.0deg
MATCHED: 2015-02-05T07:01:20Z -> data/sisbra_all_w24/20150205T070120_usp2015cmmn_row2777 picks=17
[816/3570] SISBRA 2015-03-19T21:05:59 lat=-21.890 lon=-42.290 mag=2.0 window=+/-120.0s r=1.0deg
MATCHED: 2015-01-26T07:32:41Z -> data/sisbra_all_w24/20150126T073241_usp2015bugn_row2767 picks=0
[817/3570] SISBRA 2015-03-20T13:31:18 lat=-14.150 lon=-39.550 mag=2.3 window=+/-120.0s r=1.0deg
  candidates=1 scored=1
  best=smi:org.gfz-potsdam.de/geofon/usp2015cztc dt_s=0.304 dist_km=0.246 picks<=400.0km=1
MATCHED: 2015-02-12T13:07:34Z -> data/sisbra_all_w24/20150212T130734_usp2015cztc_row2786 picks=1
[818/3570] SISBRA 2015-03-21T21:00:21 lat=-0.220 lon=-60.150 mag=3.6 window=+/-120.0s r=1.0deg
  candidates=1 scored=1
  best=smi:org.gfz-potsdam.de/geofon/usp2015ewyh dt_s=0.061 dist_km=9.933 picks<=400.0km=3
MATCHED: 2015-03-11T11:24:00Z -> data/sisbra_all_w24/20150311T112400_usp2015ewyh_row2800 picks=3
[819/3570] SISBRA 2015-03-25T13:07:57 lat=-18.820 lon=-43.540 mag=2.2 window=+/-120.0s r=1.0deg
  candidates=1 scored=1
  best=smi:org.gfz-potsdam.de/geofon/usp2015fjyz dt_s=0.626 dist_km=0.397 picks<=400.0km=11
  candidates=1 scored=1
  best=smi:org.gfz-potsdam.de/geofon/usp2015fgsx dt_s=0.461 dist_km=0.265 picks<=400.0km=7
MATCHED: 2015-03-18T14:31:52Z -> data/sisbra_all_w24/20150318T143152_usp2015fjyz_row2808 picks=11
[820/3570] SISBRA 2015-03-25T18:15:23 lat=-20.600 lon=-43.870 mag=2.7 window=+/-120.0s r=1.0deg
MATCHED: 2015-03-16T20:02:39Z -> data/sisbra_all_w24/20150316T200239_usp2015fgsx_row2806 picks=7
[821/3570] SISBRA 2015-03-26T02:24:56 lat=-4.170 lon=-38.130 mag=2.5 window=+/-120.0s r=1.0deg
  candidates=1 scored=1
  best=smi:org.gfz-potsdam.de/geofon/usp2015fmdb dt_s=0.176 dist_km=0.575 picks<=400.0km=3
  candidates=1 scored=1
  best=smi:org.gfz-potsdam.de/geofon/usp2015fctj dt_s=0.134 dist_km=0.360 picks<=400.0km=8
MATCHED: 2015-03-19T18:51:43Z -> data/sisbra_all_w24/20150319T185143_usp2015fmdb_row2811 picks=3
[822/3570] SISBRA 2015-03-28T02:26:33 lat=-18.870 lon=-44.550 mag=2.4 window=+/-120.0s r=1.0deg
MATCHED: 2015-03-14T15:44:17Z -> data/sisbra_all_w24/20150314T154417_usp2015fctj_row2803 picks=8
[823/3570] SISBRA 2015-03-28T21:48:14 lat=-9.200 lon=-71.330 mag=4.5 window=+/-120.0s r=1.0deg
  candidates=1 scored=1
  best=smi:org.gfz-potsdam.de/geofon/usp2015dewj dt_s=0.007 dist_km=0.469 picks<=400.0km=1
MATCHED: 2015-02-15T08:27:13Z -> data/sisbra_all_w24/20150215T082713_usp2015dewj_row2787 picks=1
[824/3570] SISBRA 2015-03-30T03:32:37 lat=-10.630 lon=-51.990 mag=3.0 window=+/-120.0s r=1.0deg
  candidates=1 scored=1
  best=smi:org.gfz-potsdam.de/geofon/usp2015dfef dt_s=0.274 dist_km=0.491 picks<=400.0km=1
  candidates=1 scored=1
  best=smi:org.gfz-potsdam.de/geofon/usp2015fbdu dt_s=0.495 dist_km=0.636 picks<=400.0km=6
MATCHED: 2015-02-15T12:25:24Z -> data/sisbra_all_w24/20150215T122524_usp2015dfef_row2788 picks=1
[825/3570] SISBRA 2015-04-01T08:09:08 lat=-10.610 lon=-51.940 mag=3.0 window=+/-120.0s r=1.0deg
  candidates=1 scored=1
MATCHED: 2015-03-13T18:42:42Z -> data/sisbra_all_w24/20150313T184242_usp2015fbdu_row2802 picks=6
[826/3570] SISBRA 2015-04-02T02:42:19 lat=-21.020 lon=-42.070 mag=1.9 window=+/-120.0s r=1.0deg
  best=smi:org.gfz-potsdam.de/geofon/usp2015ewed dt_s=0.281 dist_km=0.634 picks<=400.0km=0
  candidates=1 scored=1
  best=smi:org.gfz-potsdam.de/geofon/usp2015fpyi dt_s=0.737 dist_km=0.496 picks<=400.0km=1
MATCHED: 2015-03-11T01:13:30Z -> data/sisbra_all_w24/20150311T011330_usp2015ewed_row2798 picks=0
[827/3570] SISBRA 2015-04-02T17:53:41 lat=-13.580 lon=-48.450 mag=2.5 window=+/-120.0s r=1.0deg
  candidates=1 scored=1
  best=smi:org.gfz-potsdam.de/geofon/usp2015expi dt_s=0.612 dist_km=5.507 picks<=400.0km=9
MATCHED: 2015-03-21T21:00:21Z -> data/sisbra_all_w24/20150321T210021_usp2015fpyi_row2814 picks=1
[828/3570] SISBRA 2015-04-02T23:02:18 lat=-28.750 lon=-49.440 mag=1.5 window=+/-120.0s r=1.0deg
MATCHED: 2015-03-11T20:01:09Z -> data/sisbra_all_w24/20150311T200109_usp2015expi_row2801 picks=9
[829/3570] SISBRA 2015-04-04T18:06:39 lat=-19.550 lon=-43.370 mag=2.9 window=+/-120.0s r=1.0deg
  candidates=1 scored=1
  best=smi:org.gfz-potsdam.de/geofon/usp2015dlrh dt_s=0.713 dist_km=8.988 picks<=400.0km=9
  candidates=1 scored=1
  candidates=1 scored=1
  best=smi:org.gfz-potsdam.de/geofon/usp2015fimo dt_s=0.611 dist_km=0.191 picks<=400.0km=4
MATCHED: 2015-02-19T01:49:51Z -> data/sisbra_all_w24/20150219T014951_usp2015dlrh_row2791 picks=9
[830/3570] SISBRA 2015-04-06T06:06:57 lat=0.430 lon=-30.400 mag=4.4 window=+/-120.0s r=1.0deg
  best=smi:org.gfz-potsdam.de/geofon/usp2014xdfj dt_s=0.707 dist_km=0.495 picks<=400.0km=2
MATCHED: 2015-03-17T19:07:04Z -> data/sisbra_all_w24/20150317T190704_usp2015fimo_row2807 picks=4
[831/3570] SISBRA 2015-04-07T11:50:17 lat=-9.020 lon=-52.720 mag=3.1 window=+/-120.0s r=1.0deg
  candidates=1 scored=1
  best=smi:org.gfz-potsdam.de/geofon/usp2015clxj dt_s=0.277 dist_km=0.218 picks<=400.0km=10
  candidates=1 scored=1
  best=smi:org.gfz-potsdam.de/geofon/usp2015fgsw dt_s=0.208 dist_km=2.575 picks<=400.0km=7
MATCHED: 2015-03-16T20:01:08Z -> data/sisbra_all_w24/20150316T200108_usp2015fgsw_row2805 picks=7
[832/3570] SISBRA 2015-04-08T20:25:21 lat=-15.080 lon=-48.960 mag=3.0 window=+/-120.0s r=1.0deg
MATCHED: 2015-02-04T23:22:35Z -> data/sisbra_all_w24/20150204T232235_usp2015clxj_row2775 picks=10
[833/3570] SISBRA 2015-04-09T16:09:25 lat=-16.300 lon=-48.740 mag=2.9 window=+/-120.0s r=1.0deg
MATCHED: 2014-11-26T01:26:25Z -> data/sisbra_all_w24/20141126T012625_usp2014xdfj_row2738 picks=2
[834/3570] SISBRA 2015-04-10T12:59:21 lat=-21.050 lon=-49.680 mag=2.5 window=+/-120.0s r=1.0deg
  candidates=1 scored=1
  best=smi:org.gfz-potsdam.de/geofon/usp2015flst dt_s=0.508 dist_km=0.486 picks<=400.0km=9
  candidates=1 scored=1
  best=smi:org.gfz-potsdam.de/geofon/usp2015fmhm dt_s=0.988 dist_km=0.433 picks<=400.0km=6
MATCHED: 2015-03-19T13:38:24Z -> data/sisbra_all_w24/20150319T133824_usp2015flst_row2810 picks=9
[835/3570] SISBRA 2015-04-10T21:05:43 lat=-18.930 lon=-49.620 mag=2.7 window=+/-120.0s r=1.0deg
MATCHED: 2015-03-19T21:05:59Z -> data/sisbra_all_w24/20150319T210559_usp2015fmhm_row2812 picks=6
[836/3570] SISBRA 2015-04-11T14:13:09 lat=-19.620 lon=-43.330 mag=2.7 window=+/-120.0s r=1.0deg
NO_MATCH: 2015-04-08T20:25:21Z -> data/sisbra_all_w24/20150408T202521_row2828
[837/3570] SISBRA 2015-04-14T09:13:44 lat=4.220 lon=-32.590 mag=4.1 window=+/-120.0s r=1.0deg
  candidates=1 scored=1
  candidates=1 scored=1
  best=smi:org.gfz-potsdam.de/geofon/usp2015gmaj dt_s=0.655 dist_km=16.248 picks<=400.0km=2
  best=smi:org.gfz-potsdam.de/geofon/usp2015eugy dt_s=0.345 dist_km=0.153 picks<=400.0km=7
MATCHED: 2015-04-02T23:02:18Z -> data/sisbra_all_w24/20150402T230218_usp2015gmaj_row2824 picks=2
[838/3570] SISBRA 2015-04-14T14:54:53 lat=-14.900 lon=-59.690 mag=3.2 window=+/-120.0s r=1.0deg
MATCHED: 2015-03-10T00:22:25Z -> data/sisbra_all_w24/20150310T002225_usp2015eugy_row2797 picks=7
[839/3570] SISBRA 2015-04-14T14:59:08 lat=-20.110 lon=-45.250 mag=2.3 window=+/-120.0s r=1.0deg
  candidates=1 scored=1
  best=smi:org.gfz-potsdam.de/geofon/usp2015fnoa dt_s=0.140 dist_km=0.624 picks<=400.0km=5
MATCHED: 2015-03-20T13:31:18Z -> data/sisbra_all_w24/20150320T133118_usp2015fnoa_row2813 picks=5
[840/3570] SISBRA 2015-04-14T22:50:48 lat=-21.940 lon=-39.560 mag=3.0 window=+/-120.0s r=1.0deg
  candidates=1 scored=1
  best=smi:org.gfz-potsdam.de/geofon/usp2015gfbh dt_s=0.058 dist_km=0.576 picks<=400.0km=2
  candidates=1 scored=1
  best=smi:org.gfz-potsdam.de/geofon/usp2015gzwk dt_s=0.000 dist_km=0.525 picks<=400.0km=2
MATCHED: 2015-03-30T03:32:37Z -> data/sisbra_all_w24/20150330T033237_usp2015gfbh_row2820 picks=2
[841/3570] SISBRA 2015-04-15T12:18:38 lat=-5.360 lon=-39.180 mag=2.2 window=+/-120.0s r=1.0deg
MATCHED: 2015-04-10T12:59:21Z -> data/sisbra_all_w24/20150410T125921_usp2015gzwk_row2830 picks=2
[842/3570] SISBRA 2015-04-17T00:15:28 lat=-29.180 lon=-51.180 mag=2.0 window=+/-120.0s r=1.0deg
  candidates=1 scored=1
  best=smi:org.gfz-potsdam.de/geofon/usp2015fwqt dt_s=0.920 dist_km=0.487 picks<=400.0km=4
MATCHED: 2015-03-25T13:07:57Z -> data/sisbra_all_w24/20150325T130756_usp2015fwqt_row2815 picks=4
[843/3570] SISBRA 2015-04-17T20:43:55 lat=-20.730 lon=-41.120 mag=2.0 window=+/-120.0s r=1.0deg
  candidates=1 scored=1
  best=smi:org.gfz-potsdam.de/geofon/usp2015hhii dt_s=0.611 dist_km=0.399 picks<=400.0km=2
MATCHED: 2015-04-14T14:54:53Z -> data/sisbra_all_w24/20150414T145453_usp2015hhii_row2834 picks=2
[844/3570] SISBRA 2015-04-18T00:46:20 lat=-4.880 lon=-37.630 mag=2.1 window=+/-120.0s r=1.0deg
  candidates=1 scored=1
  best=smi:org.gfz-potsdam.de/geofon/usp2015gphq dt_s=0.206 dist_km=0.472 picks<=400.0km=8
MATCHED: 2015-04-04T18:06:39Z -> data/sisbra_all_w24/20150404T180639_usp2015gphq_row2825 picks=8
[845/3570] SISBRA 2015-04-18T13:19:29 lat=-10.260 lon=-51.250 mag=2.7 window=+/-120.0s r=1.0deg
  candidates=1 scored=1
  best=smi:org.gfz-potsdam.de/geofon/usp2015dvew dt_s=0.543 dist_km=0.542 picks<=400.0km=0
NO_MATCH: 2015-04-18T13:19:29Z -> data/sisbra_all_w24/20150418T131929_row2841
[846/3570] SISBRA 2015-04-25T19:44:21 lat=-22.600 lon=-50.480 mag=2.6 window=+/-120.0s r=1.0deg
MATCHED: 2015-02-24T06:54:54Z -> data/sisbra_all_w24/20150224T065454_usp2015dvew_row2793 picks=0
[847/3570] SISBRA 2015-04-29T20:22:15 lat=-16.710 lon=-44.060 mag=2.0 window=+/-120.0s r=1.0deg
  candidates=1 scored=1
  best=smi:org.gfz-potsdam.de/geofon/usp2015hhim dt_s=0.021 dist_km=0.363 picks<=400.0km=6
  candidates=1 scored=1
  candidates=1 scored=1
  best=smi:org.gfz-potsdam.de/geofon/usp2015hnoj dt_s=0.303 dist_km=0.354 picks<=400.0km=4
  candidates=1 scored=1
  best=smi:org.gfz-potsdam.de/geofon/usp2015gjbk dt_s=0.976 dist_km=0.476 picks<=400.0km=2
  best=smi:org.gfz-potsdam.de/geofon/usp2015dzbh dt_s=0.391 dist_km=0.427 picks<=400.0km=11
MATCHED: 2015-04-14T14:59:08Z -> data/sisbra_all_w24/20150414T145908_usp2015hhim_row2835 picks=6
[848/3570] SISBRA 2015-04-30T14:07:48 lat=-6.220 lon=-68.830 mag=4.1 window=+/-120.0s r=1.0deg
  candidates=1 scored=1
MATCHED: 2015-04-18T00:46:20Z -> data/sisbra_all_w24/20150418T004620_usp2015hnoj_row2840 picks=4
[849/3570] SISBRA 2015-05-04T01:59:45.100000 lat=-22.936 lon=-44.381 mag=1.7 window=+/-120.0s r=1.0deg
  best=smi:org.gfz-potsdam.de/geofon/usp2015gkmd dt_s=0.040 dist_km=0.536 picks<=400.0km=4
MATCHED: 2015-04-01T08:09:08Z -> data/sisbra_all_w24/20150401T080908_usp2015gjbk_row2821 picks=2
[850/3570] SISBRA 2015-05-05T01:41:36 lat=-19.600 lon=-44.050 mag=2.1 window=+/-120.0s r=1.0deg
MATCHED: 2015-02-26T09:39:00Z -> data/sisbra_all_w24/20150226T093900_usp2015dzbh_row2794 picks=11
[851/3570] SISBRA 2015-05-05T12:11:24 lat=-3.590 lon=-40.530 mag=2.5 window=+/-120.0s r=1.0deg
  candidates=1 scored=1
  best=smi:org.gfz-potsdam.de/geofon/usp2015fxrb dt_s=0.947 dist_km=0.370 picks<=400.0km=4
  candidates=1 scored=1
  best=smi:org.gfz-potsdam.de/geofon/usp2015glqf dt_s=0.081 dist_km=0.432 picks<=400.0km=3
MATCHED: 2015-04-02T02:42:19Z -> data/sisbra_all_w24/20150402T024219_usp2015gkmd_row2822 picks=4
[852/3570] SISBRA 2015-05-06T15:22:37 lat=-20.870 lon=-43.830 mag=2.3 window=+/-120.0s r=1.0deg
MATCHED: 2015-04-02T17:53:41Z -> data/sisbra_all_w24/20150402T175341_usp2015glqf_row2823 picks=3
[853/3570] SISBRA 2015-05-06T20:17:34 lat=-22.880 lon=-45.100 mag=2.5 window=+/-120.0s r=1.0deg
MATCHED: 2015-03-26T02:24:56Z -> data/sisbra_all_w24/20150326T022456_usp2015fxrb_row2817 picks=4
[854/3570] SISBRA 2015-05-07T11:46:53 lat=-8.480 lon=-72.030 mag=4.7 window=+/-120.0s r=1.0deg
  candidates=1 scored=1
  best=smi:org.gfz-potsdam.de/geofon/usp2015hlrv dt_s=0.196 dist_km=0.194 picks<=400.0km=4
  candidates=1 scored=1
  best=smi:org.gfz-potsdam.de/geofon/usp2015fkle dt_s=0.164 dist_km=0.590 picks<=400.0km=17
  candidates=1 scored=1
  best=smi:org.gfz-potsdam.de/geofon/usp2015gbic dt_s=0.993 dist_km=0.652 picks<=400.0km=5
  candidates=1 scored=1
  best=smi:org.gfz-potsdam.de/geofon/usp2015fxax dt_s=0.486 dist_km=0.033 picks<=400.0km=11
MATCHED: 2015-03-18T20:40:45Z -> data/sisbra_all_w24/20150318T204045_usp2015fkle_row2809 picks=17
[855/3570] SISBRA 2015-05-08T08:51:05 lat=-24.220 lon=-42.920 mag=2.5 window=+/-120.0s r=1.0deg
MATCHED: 2015-04-17T00:15:28Z -> data/sisbra_all_w24/20150417T001528_usp2015hlrv_row2838 picks=4
[856/3570] SISBRA 2015-05-08T20:06:54 lat=-22.920 lon=-47.670 mag=2.7 window=+/-120.0s r=1.0deg
MATCHED: 2015-03-25T18:15:23Z -> data/sisbra_all_w24/20150325T181523_usp2015fxax_row2816 picks=11
[857/3570] SISBRA 2015-05-09T14:51:19.400000 lat=-22.934 lon=-44.401 mag=1.8 window=+/-120.0s r=1.0deg
MATCHED: 2015-03-28T02:26:33Z -> data/sisbra_all_w24/20150328T022633_usp2015gbic_row2818 picks=5
[858/3570] SISBRA 2015-05-09T14:58:44.800000 lat=-22.934 lon=-44.401 mag=2.0 window=+/-120.0s r=1.0deg
  candidates=1 scored=1
  best=smi:org.gfz-potsdam.de/geofon/usp2015hamo dt_s=0.625 dist_km=0.395 picks<=400.0km=4
MATCHED: 2015-04-10T21:05:43Z -> data/sisbra_all_w24/20150410T210543_usp2015hamo_row2831 picks=4
[859/3570] SISBRA 2015-05-10T09:34:54.200000 lat=-22.934 lon=-44.401 mag=1.3 window=+/-120.0s r=1.0deg
  candidates=1 scored=1
  best=smi:org.gfz-potsdam.de/geofon/usp2015hbul dt_s=0.869 dist_km=0.723 picks<=400.0km=6
MATCHED: 2015-04-11T14:13:09Z -> data/sisbra_all_w24/20150411T141309_usp2015hbul_row2832 picks=6
[860/3570] SISBRA 2015-05-10T09:35:01.900000 lat=-22.934 lon=-44.401 mag=2.0 window=+/-120.0s r=1.0deg
  candidates=1 scored=1
  best=smi:org.gfz-potsdam.de/geofon/usp2015iqwv dt_s=0.780 dist_km=2.779 picks<=400.0km=3
MATCHED: 2015-05-04T01:59:45.100000Z -> data/sisbra_all_w24/20150504T015944_usp2015iqwv_row2845 picks=3
[861/3570] SISBRA 2015-05-11T08:21:43 lat=-9.230 lon=-71.320 mag=4.0 window=+/-120.0s r=1.0deg
  candidates=1 scored=1
  best=smi:org.gfz-potsdam.de/geofon/usp2015ivyb dt_s=0.977 dist_km=0.589 picks<=400.0km=6
  candidates=1 scored=1
MATCHED: 2015-05-06T20:17:34Z -> data/sisbra_all_w24/20150506T201734_usp2015ivyb_row2849 picks=6
[862/3570] SISBRA 2015-05-11T16:09:59 lat=-20.140 lon=-43.550 mag=2.4 window=+/-120.0s r=1.0deg
  best=smi:org.gfz-potsdam.de/geofon/usp2015guhs dt_s=0.316 dist_km=0.540 picks<=400.0km=3
  candidates=1 scored=1
  best=smi:org.gfz-potsdam.de/geofon/usp2015hhya dt_s=0.906 dist_km=0.218 picks<=400.0km=7
  candidates=1 scored=1
MATCHED: 2015-04-07T11:50:17Z -> data/sisbra_all_w24/20150407T115017_usp2015guhs_row2827 picks=3
[863/3570] SISBRA 2015-05-13T11:24:33 lat=-3.590 lon=-40.540 mag=3.0 window=+/-120.0s r=1.0deg
  best=smi:org.gfz-potsdam.de/geofon/usp2015ibuk dt_s=0.561 dist_km=0.388 picks<=400.0km=4
MATCHED: 2015-04-14T22:50:48Z -> data/sisbra_all_w24/20150414T225048_usp2015hhya_row2836 picks=7
[864/3570] SISBRA 2015-05-14T19:06:52 lat=-20.450 lon=-43.960 mag=2.2 window=+/-120.0s r=1.0deg
  candidates=1 scored=1
  best=smi:org.gfz-potsdam.de/geofon/usp2015ikmv dt_s=0.840 dist_km=27.874 picks<=400.0km=0
MATCHED: 2015-04-25T19:44:21Z -> data/sisbra_all_w24/20150425T194421_usp2015ibuk_row2842 picks=4
[865/3570] SISBRA 2015-05-15T16:10:32.600000 lat=-22.937 lon=-44.381 mag=2.2 window=+/-120.0s r=1.0deg
  candidates=1 scored=1
  best=smi:org.gfz-potsdam.de/geofon/usp2015itmn dt_s=0.667 dist_km=0.691 picks<=400.0km=7
MATCHED: 2015-04-30T14:07:48Z -> data/sisbra_all_w24/20150430T140748_usp2015ikmv_row2844 picks=0
[866/3570] SISBRA 2015-05-19T20:24:18 lat=-13.740 lon=-49.060 mag=2.3 window=+/-120.0s r=1.0deg
  candidates=1 scored=1
  best=smi:org.gfz-potsdam.de/geofon/usp2015gyhh dt_s=0.449 dist_km=0.596 picks<=400.0km=2
  candidates=1 scored=1
  best=smi:org.gfz-potsdam.de/geofon/usp2015gsax dt_s=0.623 dist_km=0.319 picks<=400.0km=0
MATCHED: 2015-04-06T06:06:57Z -> data/sisbra_all_w24/20150406T060657_usp2015gsax_row2826 picks=0
[867/3570] SISBRA 2015-05-20T14:05:47 lat=-8.610 lon=-72.760 mag=4.1 window=+/-120.0s r=1.0deg
MATCHED: 2015-04-09T16:09:25Z -> data/sisbra_all_w24/20150409T160925_usp2015gyhh_row2829 picks=2
[868/3570] SISBRA 2015-05-21T02:12:13 lat=-25.020 lon=-51.220 mag=3.1 window=+/-120.0s r=1.0deg
MATCHED: 2015-05-05T12:11:24Z -> data/sisbra_all_w24/20150505T121124_usp2015itmn_row2847 picks=7
[869/3570] SISBRA 2015-05-25T01:39:54.400000 lat=-22.936 lon=-44.381 mag=2.2 window=+/-120.0s r=1.0deg
NO_MATCH: 2015-05-19T20:24:18Z -> data/sisbra_all_w24/20150519T202418_row2862
[870/3570] SISBRA 2015-05-26T12:19:07 lat=-23.430 lon=-42.230 mag=2.7 window=+/-120.0s r=1.0deg
  candidates=1 scored=1
  best=smi:org.gfz-potsdam.de/geofon/usp2015jazt dt_s=0.442 dist_km=3.120 picks<=400.0km=2
MATCHED: 2015-05-09T14:51:19.400000Z -> data/sisbra_all_w24/20150509T145118_usp2015jazt_row2853 picks=2
[871/3570] SISBRA 2015-05-27T14:00:50 lat=-16.710 lon=-43.890 mag=1.7 window=+/-120.0s r=1.0deg
  candidates=1 scored=1
  best=smi:org.gfz-potsdam.de/geofon/usp2015hgxc dt_s=0.062 dist_km=0.438 picks<=400.0km=0
  candidates=1 scored=1
  best=smi:org.gfz-potsdam.de/geofon/usp2015ijdr dt_s=0.428 dist_km=0.306 picks<=400.0km=3
MATCHED: 2015-04-14T09:13:44Z -> data/sisbra_all_w24/20150414T091344_usp2015hgxc_row2833 picks=0
[872/3570] SISBRA 2015-06-01T15:19:00 lat=-23.580 lon=-51.860 mag=2.9 window=+/-120.0s r=1.0deg
MATCHED: 2015-04-29T20:22:15Z -> data/sisbra_all_w24/20150429T202215_usp2015ijdr_row2843 picks=3
[873/3570] SISBRA 2015-06-05T01:29:42 lat=-4.610 lon=-38.280 mag=2.7 window=+/-120.0s r=1.0deg
  candidates=1 scored=1
  best=smi:org.gfz-potsdam.de/geofon/usp2015hiyr dt_s=0.148 dist_km=0.413 picks<=400.0km=6
  candidates=1 scored=1
  best=smi:org.gfz-potsdam.de/geofon/usp2015izos dt_s=0.038 dist_km=0.568 picks<=400.0km=6
MATCHED: 2015-04-15T12:18:38Z -> data/sisbra_all_w24/20150415T121838_usp2015hiyr_row2837 picks=6
[874/3570] SISBRA 2015-06-05T23:32:20 lat=-11.460 lon=-56.690 mag=3.1 window=+/-120.0s r=1.0deg
MATCHED: 2015-05-08T20:06:54Z -> data/sisbra_all_w24/20150508T200654_usp2015izos_row2852 picks=6
[875/3570] SISBRA 2015-06-06T11:37:01 lat=-31.780 lon=-50.400 mag=3.7 window=+/-120.0s r=1.0deg
  candidates=1 scored=1
  best=smi:org.gfz-potsdam.de/geofon/usp2015hngk dt_s=0.627 dist_km=0.293 picks<=400.0km=9
  candidates=1 scored=1
  best=smi:org.gfz-potsdam.de/geofon/usp2015jbab dt_s=0.598 dist_km=5.136 picks<=400.0km=4
  candidates=1 scored=1
  best=smi:org.gfz-potsdam.de/geofon/usp2015ivoi dt_s=0.798 dist_km=0.545 picks<=400.0km=8
MATCHED: 2015-04-17T20:43:55Z -> data/sisbra_all_w24/20150417T204355_usp2015hngk_row2839 picks=9
[876/3570] SISBRA 2015-06-10T20:01:25 lat=-16.690 lon=-43.850 mag=2.0 window=+/-120.0s r=1.0deg
MATCHED: 2015-05-09T14:58:44.800000Z -> data/sisbra_all_w24/20150509T145844_usp2015jbab_row2854 picks=4
[877/3570] SISBRA 2015-06-12T20:27:21 lat=-16.700 lon=-43.980 mag=2.1 window=+/-120.0s r=1.0deg
  candidates=1 scored=1
  best=smi:org.gfz-potsdam.de/geofon/usp2015khve dt_s=0.416 dist_km=0.193 picks<=400.0km=4
MATCHED: 2015-05-06T15:22:37Z -> data/sisbra_all_w24/20150506T152237_usp2015ivoi_row2848 picks=8
[878/3570] SISBRA 2015-06-14T11:13:37 lat=-9.520 lon=-71.350 mag=3.9 window=+/-120.0s r=1.0deg
MATCHED: 2015-05-27T14:00:50Z -> data/sisbra_all_w24/20150527T140050_usp2015khve_row2867 picks=4
[879/3570] SISBRA 2015-06-15T21:02:25 lat=0.340 lon=-29.070 mag=4.2 window=+/-120.0s r=1.0deg
  candidates=1 scored=1
  best=smi:org.gfz-potsdam.de/geofon/usp2015jckw dt_s=0.439 dist_km=1.592 picks<=400.0km=4
  candidates=1 scored=1
  best=smi:org.gfz-potsdam.de/geofon/usp2015isrt dt_s=0.720 dist_km=0.279 picks<=400.0km=6
MATCHED: 2015-05-10T09:34:54.200000Z -> data/sisbra_all_w24/20150510T093453_usp2015jckw_row2855 picks=4
[880/3570] SISBRA 2015-06-16T04:17:04 lat=-5.420 lon=-36.090 mag=1.8 window=+/-120.0s r=1.0deg
  candidates=1 scored=1
  best=smi:org.gfz-potsdam.de/geofon/usp2015iysk dt_s=0.616 dist_km=0.520 picks<=400.0km=5
  candidates=1 scored=1
  best=smi:org.gfz-potsdam.de/geofon/usp2015jmbl dt_s=0.772 dist_km=5.051 picks<=400.0km=6
MATCHED: 2015-05-05T01:41:36Z -> data/sisbra_all_w24/20150505T014136_usp2015isrt_row2846 picks=6
[881/3570] SISBRA 2015-06-16T08:20:19 lat=-9.700 lon=-50.750 mag=2.4 window=+/-120.0s r=1.0deg
MATCHED: 2015-05-08T08:51:05Z -> data/sisbra_all_w24/20150508T085105_usp2015iysk_row2851 picks=5
[882/3570] SISBRA 2015-06-17T16:44:07 lat=-25.990 lon=-56.280 mag=3.2 window=+/-120.0s r=1.0deg
MATCHED: 2015-05-15T16:10:32.600000Z -> data/sisbra_all_w24/20150515T161031_usp2015jmbl_row2861 picks=6
[883/3570] SISBRA 2015-06-18T14:10:53 lat=-16.620 lon=-43.920 mag=1.7 window=+/-120.0s r=1.0deg
NO_MATCH: 2015-06-16T08:20:19Z -> data/sisbra_all_w24/20150616T082019_row2877
[884/3570] SISBRA 2015-06-19T01:13:01 lat=-14.790 lon=-51.420 mag=2.4 window=+/-120.0s r=1.0deg
NO_MATCH: 2015-06-19T01:13:01Z -> data/sisbra_all_w24/20150619T011301_row2880
[885/3570] SISBRA 2015-06-19T03:01:40 lat=-11.740 lon=-48.730 mag=2.1 window=+/-120.0s r=1.0deg
  candidates=1 scored=1
  best=smi:org.gfz-potsdam.de/geofon/usp2015jvav dt_s=0.319 dist_km=3.408 picks<=400.0km=2
MATCHED: 2015-05-20T14:05:47Z -> data/sisbra_all_w24/20150520T140547_usp2015jvav_row2863 picks=2
[886/3570] SISBRA 2015-06-22T14:00:25 lat=-9.040 lon=-52.670 mag=3.3 window=+/-120.0s r=1.0deg
NO_MATCH: 2015-06-19T03:01:40Z -> data/sisbra_all_w24/20150619T030140_row2881
[887/3570] SISBRA 2015-06-22T22:31:08 lat=-16.750 lon=-43.870 mag=1.6 window=+/-120.0s r=1.0deg
  candidates=1 scored=1
  best=smi:org.gfz-potsdam.de/geofon/usp2015lwap dt_s=0.318 dist_km=0.119 picks<=400.0km=3
MATCHED: 2015-06-18T14:10:53Z -> data/sisbra_all_w24/20150618T141053_usp2015lwap_row2879 picks=3
[888/3570] SISBRA 2015-06-24T13:00:45 lat=-13.070 lon=-48.740 mag=3.1 window=+/-120.0s r=1.0deg
  candidates=1 scored=1
  best=smi:org.gfz-potsdam.de/geofon/usp2015jetk dt_s=0.705 dist_km=0.591 picks<=400.0km=8
NO_MATCH: 2015-06-24T13:00:45Z -> data/sisbra_all_w24/20150624T130045_row2884
[889/3570] SISBRA 2015-06-30T19:20:03 lat=-8.270 lon=-35.930 mag=2.0 window=+/-120.0s r=1.0deg
MATCHED: 2015-05-11T16:09:59Z -> data/sisbra_all_w24/20150511T160959_usp2015jetk_row2858 picks=8
[890/3570] SISBRA 2015-06-30T19:49:54 lat=-8.280 lon=-35.930 mag=2.2 window=+/-120.0s r=1.0deg
  candidates=1 scored=1
  best=smi:org.gfz-potsdam.de/geofon/usp2015kfwi dt_s=0.510 dist_km=6.464 picks<=400.0km=8
  candidates=1 scored=1
  best=smi:org.gfz-potsdam.de/geofon/usp2015jklt dt_s=0.360 dist_km=0.295 picks<=400.0km=2
MATCHED: 2015-05-26T12:19:07Z -> data/sisbra_all_w24/20150526T121906_usp2015kfwi_row2866 picks=8
[891/3570] SISBRA 2015-07-01T23:34:45 lat=-29.170 lon=-51.170 mag=2.0 window=+/-120.0s r=1.0deg
  candidates=1 scored=1
  best=smi:org.gfz-potsdam.de/geofon/usp2015jedy dt_s=0.864 dist_km=0.370 picks<=400.0km=1
MATCHED: 2015-05-14T19:06:52Z -> data/sisbra_all_w24/20150514T190652_usp2015jklt_row2860 picks=2
[892/3570] SISBRA 2015-07-03T02:12:55 lat=0.780 lon=-28.630 mag=4.5 window=+/-120.0s r=1.0deg
MATCHED: 2015-05-11T08:21:43Z -> data/sisbra_all_w24/20150511T082143_usp2015jedy_row2857 picks=1
[893/3570] SISBRA 2015-07-05T12:54:08 lat=-21.920 lon=-49.820 mag=2.8 window=+/-120.0s r=1.0deg
  candidates=1 scored=1
  best=smi:org.gfz-potsdam.de/geofon/usp2015ixcv dt_s=0.672 dist_km=0.558 picks<=400.0km=0
  candidates=1 scored=1
  best=smi:org.gfz-potsdam.de/geofon/usp2015llnz dt_s=0.581 dist_km=0.507 picks<=400.0km=6
  candidates=1 scored=1
  best=smi:org.gfz-potsdam.de/geofon/usp2015krbh dt_s=0.701 dist_km=0.456 picks<=400.0km=4
MATCHED: 2015-05-07T11:46:53Z -> data/sisbra_all_w24/20150507T114653_usp2015ixcv_row2850 picks=0
[894/3570] SISBRA 2015-07-06T02:36:42 lat=-22.450 lon=-39.990 mag=2.2 window=+/-120.0s r=1.0deg
MATCHED: 2015-06-12T20:27:21Z -> data/sisbra_all_w24/20150612T202721_usp2015llnz_row2873 picks=6
[895/3570] SISBRA 2015-07-06T02:42:08 lat=-22.430 lon=-40.020 mag=2.5 window=+/-120.0s r=1.0deg
  candidates=1 scored=1
  best=smi:org.gfz-potsdam.de/geofon/usp2015lhwb dt_s=0.052 dist_km=0.500 picks<=400.0km=3
  candidates=1 scored=1
  best=smi:org.gfz-potsdam.de/geofon/usp2015kxhy dt_s=0.916 dist_km=0.240 picks<=400.0km=10
MATCHED: 2015-06-01T15:19:00Z -> data/sisbra_all_w24/20150601T151900_usp2015krbh_row2868 picks=4
[896/3570] SISBRA 2015-07-06T17:12:15 lat=3.800 lon=-62.370 mag=3.6 window=+/-120.0s r=1.0deg
MATCHED: 2015-06-10T20:01:25Z -> data/sisbra_all_w24/20150610T200125_usp2015lhwb_row2872 picks=3
[897/3570] SISBRA 2015-07-06T20:57:47 lat=-16.670 lon=-43.900 mag=2.1 window=+/-120.0s r=1.0deg
  candidates=1 scored=1
MATCHED: 2015-06-05T01:29:42Z -> data/sisbra_all_w24/20150605T012942_usp2015kxhy_row2869 picks=10
[898/3570] SISBRA 2015-07-07T21:17:30 lat=-12.060 lon=-48.390 mag=2.5 window=+/-120.0s r=1.0deg
  best=smi:org.gfz-potsdam.de/geofon/usp2015gcuk dt_s=0.853 dist_km=8.175 picks<=400.0km=1
MATCHED: 2015-03-28T21:48:14Z -> data/sisbra_all_w24/20150328T214814_usp2015gcuk_row2819 picks=1
[899/3570] SISBRA 2015-07-08T20:04:40 lat=-16.670 lon=-43.880 mag=2.2 window=+/-120.0s r=1.0deg
  candidates=1 scored=1
  candidates=1 scored=1
  best=smi:org.gfz-potsdam.de/geofon/usp2015jiaz dt_s=0.634 dist_km=0.249 picks<=400.0km=8
  best=smi:org.gfz-potsdam.de/geofon/usp2015kzxm dt_s=0.885 dist_km=0.404 picks<=400.0km=2
  candidates=2 scored=2
  best=smi:org.gfz-potsdam.de/geofon/usp2015jckx dt_s=0.727 dist_km=3.989 picks<=400.0km=5
  candidates=1 scored=1
  best=smi:org.gfz-potsdam.de/geofon/usp2015mdzc dt_s=0.561 dist_km=0.609 picks<=400.0km=4
MATCHED: 2015-05-13T11:24:33Z -> data/sisbra_all_w24/20150513T112433_usp2015jiaz_row2859 picks=8
[900/3570] SISBRA 2015-07-09T02:07:28 lat=-15.880 lon=-41.770 mag=2.8 window=+/-120.0s r=1.0deg
MATCHED: 2015-06-06T11:37:01Z -> data/sisbra_all_w24/20150606T113701_usp2015kzxm_row2871 picks=2
[901/3570] SISBRA 2015-07-09T14:56:30 lat=-23.950 lon=-52.060 mag=2.6 window=+/-120.0s r=1.0deg
MATCHED: 2015-06-22T22:31:08Z -> data/sisbra_all_w24/20150622T223108_usp2015mdzc_row2883 picks=4
[902/3570] SISBRA 2015-07-12T09:46:45 lat=-25.180 lon=-49.310 mag=2.8 window=+/-120.0s r=1.0deg
MATCHED: 2015-05-10T09:35:01.900000Z -> data/sisbra_all_w24/20150510T093501_usp2015jckx_row2856 picks=5
[903/3570] SISBRA 2015-07-13T09:01:36 lat=-25.200 lon=-49.330 mag=2.5 window=+/-120.0s r=1.0deg
  candidates=1 scored=1
  candidates=1 scored=1
  best=smi:org.gfz-potsdam.de/geofon/usp2015msiv dt_s=0.222 dist_km=0.348 picks<=400.0km=6
  best=smi:org.gfz-potsdam.de/geofon/usp2015kdft dt_s=1.147 dist_km=7.098 picks<=400.0km=8
  candidates=1 scored=1
MATCHED: 2015-06-30T19:20:03Z -> data/sisbra_all_w24/20150630T192003_usp2015msiv_row2885 picks=6
[904/3570] SISBRA 2015-07-14T18:00:30 lat=-16.680 lon=-43.940 mag=1.4 window=+/-120.0s r=1.0deg
  best=smi:org.gfz-potsdam.de/geofon/usp2015cxqz dt_s=0.527 dist_km=0.312 picks<=400.0km=2
  candidates=1 scored=1
  best=smi:org.gfz-potsdam.de/geofon/usp2015mums dt_s=0.964 dist_km=0.450 picks<=400.0km=3
MATCHED: 2015-05-25T01:39:54.400000Z -> data/sisbra_all_w24/20150525T013953_usp2015kdft_row2865 picks=8
[905/3570] SISBRA 2015-07-14T19:33:49 lat=-16.650 lon=-43.900 mag=2.0 window=+/-120.0s r=1.0deg
MATCHED: 2015-07-01T23:34:45Z -> data/sisbra_all_w24/20150701T233445_usp2015mums_row2887 picks=3
[906/3570] SISBRA 2015-07-20T22:00:42 lat=-3.060 lon=-40.720 mag=3.2 window=+/-120.0s r=1.0deg
MATCHED: 2015-02-11T09:46:31Z -> data/sisbra_all_w24/20150211T094631_usp2015cxqz_row2784 picks=2
[907/3570] SISBRA 2015-07-21T15:08:56 lat=-13.300 lon=-48.700 mag=2.5 window=+/-120.0s r=1.0deg
  candidates=1 scored=1
  best=smi:org.gfz-potsdam.de/geofon/usp2015lrpz dt_s=0.002 dist_km=0.623 picks<=400.0km=15
  candidates=1 scored=1
  best=smi:org.gfz-potsdam.de/geofon/usp2015nddq dt_s=0.199 dist_km=0.264 picks<=400.0km=1
MATCHED: 2015-06-16T04:17:04Z -> data/sisbra_all_w24/20150616T041704_usp2015lrpz_row2876 picks=15
[908/3570] SISBRA 2015-07-25T21:42:50 lat=-8.250 lon=-35.910 mag=2.5 window=+/-120.0s r=1.0deg
  candidates=1 scored=1
  best=smi:org.gfz-potsdam.de/geofon/usp2015msju dt_s=0.092 dist_km=0.389 picks<=400.0km=5
MATCHED: 2015-07-06T17:12:15Z -> data/sisbra_all_w24/20150706T171215_usp2015nddq_row2892 picks=1
[909/3570] SISBRA 2015-07-26T00:24:40 lat=-2.970 lon=-40.680 mag=1.8 window=+/-120.0s r=1.0deg
  candidates=1 scored=1
  best=smi:org.gfz-potsdam.de/geofon/usp2015lukd dt_s=0.761 dist_km=0.211 picks<=400.0km=1
MATCHED: 2015-06-30T19:49:54Z -> data/sisbra_all_w24/20150630T194954_usp2015msju_row2886 picks=5
[910/3570] SISBRA 2015-07-27T18:58:32 lat=-20.030 lon=-48.910 mag=2.9 window=+/-120.0s r=1.0deg
  candidates=1 scored=1
  best=smi:org.gfz-potsdam.de/geofon/usp2015nfhf dt_s=0.347 dist_km=0.414 picks<=400.0km=4
MATCHED: 2015-06-17T16:44:07Z -> data/sisbra_all_w24/20150617T164407_usp2015lukd_row2878 picks=1
[911/3570] SISBRA 2015-07-28T07:13:51 lat=-17.370 lon=-56.770 mag=2.4 window=+/-120.0s r=1.0deg
  candidates=1 scored=1
MATCHED: 2015-07-07T21:17:30Z -> data/sisbra_all_w24/20150707T211730_usp2015nfhf_row2894 picks=4
[912/3570] SISBRA 2015-07-29T06:55:04 lat=-8.470 lon=-50.680 mag=2.4 window=+/-120.0s r=1.0deg
  best=smi:org.gfz-potsdam.de/geofon/usp2015jvyu dt_s=0.278 dist_km=0.618 picks<=400.0km=5
MATCHED: 2015-05-21T02:12:13Z -> data/sisbra_all_w24/20150521T021213_usp2015jvyu_row2864 picks=5
[913/3570] SISBRA 2015-07-29T10:08:42 lat=-3.270 lon=-40.440 mag=2.1 window=+/-120.0s r=1.0deg
NO_MATCH: 2015-07-29T06:55:04Z -> data/sisbra_all_w24/20150729T065504_row2908
[914/3570] SISBRA 2015-07-29T18:57:59 lat=-11.650 lon=-47.530 mag=2.1 window=+/-120.0s r=1.0deg
  candidates=1 scored=1
  best=smi:org.gfz-potsdam.de/geofon/usp2015nhai dt_s=0.216 dist_km=0.052 picks<=400.0km=4
  candidates=1 scored=1
  best=smi:org.gfz-potsdam.de/geofon/usp2015lrbr dt_s=0.006 dist_km=0.185 picks<=400.0km=0
  candidates=1 scored=1
  best=smi:org.gfz-potsdam.de/geofon/usp2015nnnz dt_s=0.143 dist_km=0.573 picks<=400.0km=5
  candidates=1 scored=1
  best=smi:org.gfz-potsdam.de/geofon/usp2015ncat dt_s=0.559 dist_km=0.596 picks<=400.0km=5
MATCHED: 2015-07-12T09:46:45Z -> data/sisbra_all_w24/20150712T094645_usp2015nnnz_row2898 picks=5
[915/3570] SISBRA 2015-07-30T05:34:41 lat=-21.050 lon=-48.500 mag=0.6 window=+/-120.0s r=1.0deg
MATCHED: 2015-07-08T20:04:40Z -> data/sisbra_all_w24/20150708T200440_usp2015nhai_row2895 picks=4
[916/3570] SISBRA 2015-07-30T14:59:25 lat=-16.680 lon=-43.860 mag=1.5 window=+/-120.0s r=1.0deg
MATCHED: 2015-06-15T21:02:25Z -> data/sisbra_all_w24/20150615T210225_usp2015lrbr_row2875 picks=0
[917/3570] SISBRA 2015-07-31T17:17:56 lat=-8.300 lon=-72.600 mag=4.1 window=+/-120.0s r=1.0deg
NO_MATCH: 2015-07-29T18:57:59Z -> data/sisbra_all_w24/20150729T185759_row2910
[918/3570] SISBRA 2015-08-03T14:59:45 lat=-16.670 lon=-43.910 mag=1.8 window=+/-120.0s r=1.0deg
  candidates=1 scored=1
MATCHED: 2015-07-06T02:36:42Z -> data/sisbra_all_w24/20150706T023642_usp2015ncat_row2890 picks=5
[919/3570] SISBRA 2015-08-04T05:50:46 lat=-21.050 lon=-48.500 mag=0.2 window=+/-120.0s r=1.0deg
  best=smi:org.gfz-potsdam.de/geofon/usp2015mdig dt_s=0.565 dist_km=0.714 picks<=400.0km=4
  candidates=1 scored=1
  best=smi:org.gfz-potsdam.de/geofon/usp2015kyzo dt_s=0.181 dist_km=0.383 picks<=400.0km=2
  candidates=1 scored=1
  best=smi:org.gfz-potsdam.de/geofon/usp2015nryi dt_s=0.647 dist_km=0.310 picks<=400.0km=4
MATCHED: 2015-06-22T14:00:25Z -> data/sisbra_all_w24/20150622T140025_usp2015mdig_row2882 picks=4
[920/3570] SISBRA 2015-08-04T07:26:29 lat=-21.050 lon=-48.500 mag=0.5 window=+/-120.0s r=1.0deg
  candidates=1 scored=1
  best=smi:org.gfz-potsdam.de/geofon/usp2015ndlb dt_s=0.814 dist_km=0.310 picks<=400.0km=4
MATCHED: 2015-06-05T23:32:20Z -> data/sisbra_all_w24/20150605T233220_usp2015kyzo_row2870 picks=2
[921/3570] SISBRA 2015-08-04T09:25:18 lat=-21.050 lon=-48.490 mag=0.1 window=+/-120.0s r=1.0deg
MATCHED: 2015-07-14T19:33:49Z -> data/sisbra_all_w24/20150714T193349_usp2015nryi_row2901 picks=4
[922/3570] SISBRA 2015-08-04T16:16:15 lat=-14.160 lon=-47.730 mag=2.5 window=+/-120.0s r=1.0deg
MATCHED: 2015-07-06T20:57:47Z -> data/sisbra_all_w24/20150706T205747_usp2015ndlb_row2893 picks=4
[923/3570] SISBRA 2015-08-04T19:26:33 lat=-21.490 lon=-44.880 mag=2.3 window=+/-120.0s r=1.0deg
  candidates=1 scored=1
  best=smi:org.gfz-potsdam.de/geofon/usp2015nrvg dt_s=0.253 dist_km=0.294 picks<=400.0km=3
  candidates=1 scored=1
  best=smi:org.gfz-potsdam.de/geofon/usp2015omkl dt_s=0.615 dist_km=0.274 picks<=400.0km=4
MATCHED: 2015-07-14T18:00:30Z -> data/sisbra_all_w24/20150714T180030_usp2015nrvg_row2900 picks=3
[924/3570] SISBRA 2015-08-05T23:04:39 lat=-21.050 lon=-48.500 mag=0.6 window=+/-120.0s r=1.0deg
  candidates=1 scored=1
  best=smi:org.gfz-potsdam.de/geofon/usp2015oucr dt_s=0.000 dist_km=0.607 picks<=400.0km=2
MATCHED: 2015-07-26T00:24:40Z -> data/sisbra_all_w24/20150726T002440_usp2015omkl_row2905 picks=4
[925/3570] SISBRA 2015-08-06T10:21:28 lat=-21.050 lon=-48.500 mag=0.2 window=+/-120.0s r=1.0deg
MATCHED: 2015-07-30T05:34:41Z -> data/sisbra_all_w24/20150730T053441_usp2015oucr_row2911 picks=2
[926/3570] SISBRA 2015-08-06T21:36:59 lat=0.840 lon=-28.800 mag=4.9 window=+/-120.0s r=1.0deg
  candidates=1 scored=1
  best=smi:org.gfz-potsdam.de/geofon/usp2015nilq dt_s=0.384 dist_km=67.812 picks<=400.0km=5
MATCHED: 2015-07-09T14:56:30Z -> data/sisbra_all_w24/20150709T145630_usp2015nilq_row2897 picks=5
[927/3570] SISBRA 2015-08-07T11:01:17 lat=-16.730 lon=-43.860 mag=1.2 window=+/-120.0s r=1.0deg
  candidates=1 scored=1
  best=smi:org.gfz-potsdam.de/geofon/usp2015oekb dt_s=0.776 dist_km=0.607 picks<=400.0km=2
  candidates=1 scored=1
  best=smi:org.gfz-potsdam.de/geofon/usp2015pdjx dt_s=0.000 dist_km=0.334 picks<=400.0km=1
MATCHED: 2015-08-04T07:26:29Z -> data/sisbra_all_w24/20150804T072629_usp2015pdjx_row2916 picks=1
[928/3570] SISBRA 2015-08-08T12:12:21 lat=-16.680 lon=-43.860 mag=1.7 window=+/-120.0s r=1.0deg
  candidates=1 scored=1
MATCHED: 2015-07-21T15:08:56Z -> data/sisbra_all_w24/20150721T150856_usp2015oekb_row2903 picks=2
[929/3570] SISBRA 2015-08-14T23:38:18 lat=-6.170 lon=-50.570 mag=2.8 window=+/-120.0s r=1.0deg
  best=smi:org.gfz-potsdam.de/geofon/usp2015ncax dt_s=0.939 dist_km=0.174 picks<=400.0km=5
  candidates=1 scored=1
MATCHED: 2015-07-06T02:42:08Z -> data/sisbra_all_w24/20150706T024208_usp2015ncax_row2891 picks=5
[930/3570] SISBRA 2015-08-16T01:59:44 lat=-29.220 lon=-51.160 mag=1.7 window=+/-120.0s r=1.0deg
  best=smi:org.gfz-potsdam.de/geofon/usp2015mwnk dt_s=0.020 dist_km=1.451 picks<=400.0km=0
  candidates=1 scored=1
  best=smi:org.gfz-potsdam.de/geofon/usp2015phgr dt_s=0.000 dist_km=0.266 picks<=400.0km=1
  candidates=1 scored=1
  best=smi:org.gfz-potsdam.de/geofon/usp2015pgki dt_s=0.000 dist_km=0.607 picks<=400.0km=2
MATCHED: 2015-07-03T02:12:55Z -> data/sisbra_all_w24/20150703T021254_usp2015mwnk_row2888 picks=0
[931/3570] SISBRA 2015-08-16T19:47:10 lat=-13.110 lon=-52.110 mag=2.4 window=+/-120.0s r=1.0deg
MATCHED: 2015-08-06T10:21:28Z -> data/sisbra_all_w24/20150806T102128_usp2015phgr_row2921 picks=1
[932/3570] SISBRA 2015-08-17T15:12:04 lat=-16.690 lon=-44.060 mag=2.1 window=+/-120.0s r=1.0deg
MATCHED: 2015-08-05T23:04:39Z -> data/sisbra_all_w24/20150805T230439_usp2015pgki_row2920 picks=2
[933/3570] SISBRA 2015-08-17T18:09:01 lat=-3.850 lon=-54.740 mag=3.0 window=+/-120.0s r=1.0deg
  candidates=1 scored=1
  best=smi:org.gfz-potsdam.de/geofon/usp2015pdgs dt_s=0.000 dist_km=0.111 picks<=400.0km=1
  candidates=1 scored=1
  best=smi:org.gfz-potsdam.de/geofon/usp2015pdnu dt_s=0.000 dist_km=0.569 picks<=400.0km=2
  candidates=1 scored=1
  best=smi:org.gfz-potsdam.de/geofon/usp2015loms dt_s=0.391 dist_km=0.091 picks<=400.0km=2
  candidates=1 scored=1
  best=smi:org.gfz-potsdam.de/geofon/usp2015osqf dt_s=0.406 dist_km=11.726 picks<=400.0km=3
MATCHED: 2015-08-04T09:25:18Z -> data/sisbra_all_w24/20150804T092518_usp2015pdnu_row2917 picks=2
[934/3570] SISBRA 2015-08-29T13:30:58 lat=-19.580 lon=-43.350 mag=2.6 window=+/-120.0s r=1.0deg
NO_MATCH: 2015-08-16T19:47:10Z -> data/sisbra_all_w24/20150816T194710_row2927
[935/3570] SISBRA 2015-08-30T03:29:40 lat=-18.670 lon=-40.740 mag=2.1 window=+/-120.0s r=1.0deg
MATCHED: 2015-08-04T05:50:46Z -> data/sisbra_all_w24/20150804T055046_usp2015pdgs_row2915 picks=1
[936/3570] SISBRA 2015-09-03T12:50:52 lat=-29.210 lon=-51.160 mag=2.0 window=+/-120.0s r=1.0deg
MATCHED: 2015-06-14T11:13:37Z -> data/sisbra_all_w24/20150614T111337_usp2015loms_row2874 picks=2
[937/3570] SISBRA 2015-09-07T04:21:25 lat=-6.900 lon=-71.790 mag=3.8 window=+/-120.0s r=1.0deg
MATCHED: 2015-07-29T10:08:42Z -> data/sisbra_all_w24/20150729T100841_usp2015osqf_row2909 picks=3
[938/3570] SISBRA 2015-09-10T23:28:53 lat=-3.820 lon=-39.910 mag=2.3 window=+/-120.0s r=1.0deg
  candidates=1 scored=1
  best=smi:org.gfz-potsdam.de/geofon/usp2015pjdm dt_s=0.327 dist_km=0.439 picks<=400.0km=2
  candidates=1 scored=1
  best=smi:org.gfz-potsdam.de/geofon/usp2015nhmd dt_s=0.244 dist_km=0.266 picks<=400.0km=4
  candidates=1 scored=1
  best=smi:org.gfz-potsdam.de/geofon/usp2015pcdi dt_s=0.341 dist_km=0.631 picks<=400.0km=4
MATCHED: 2015-08-07T11:01:17Z -> data/sisbra_all_w24/20150807T110117_usp2015pjdm_row2923 picks=2
[939/3570] SISBRA 2015-09-10T23:33:00 lat=-3.790 lon=-39.890 mag=1.3 window=+/-120.0s r=1.0deg
MATCHED: 2015-07-09T02:07:28Z -> data/sisbra_all_w24/20150709T020728_usp2015nhmd_row2896 picks=4
[940/3570] SISBRA 2015-09-12T22:50:05 lat=2.200 lon=-32.150 mag=4.2 window=+/-120.0s r=1.0deg
MATCHED: 2015-08-03T14:59:45Z -> data/sisbra_all_w24/20150803T145945_usp2015pcdi_row2914 picks=4
[941/3570] SISBRA 2015-09-14T01:29:38 lat=-3.830 lon=-39.790 mag=1.7 window=+/-120.0s r=1.0deg
  candidates=1 scored=1
  best=smi:org.gfz-potsdam.de/geofon/usp2015ouvi dt_s=0.292 dist_km=0.314 picks<=400.0km=7
  candidates=1 scored=1
  best=smi:org.gfz-potsdam.de/geofon/usp2015opqs dt_s=0.398 dist_km=0.550 picks<=400.0km=6
MATCHED: 2015-07-30T14:59:25Z -> data/sisbra_all_w24/20150730T145925_usp2015ouvi_row2912 picks=7
[942/3570] SISBRA 2015-09-15T21:27:03 lat=-14.540 lon=-50.730 mag=3.4 window=+/-120.0s r=1.0deg
  candidates=1 scored=1
  best=smi:org.gfz-potsdam.de/geofon/usp2015nazp dt_s=0.895 dist_km=0.522 picks<=400.0km=10
  candidates=1 scored=1
  best=smi:org.gfz-potsdam.de/geofon/usp2015pwwz dt_s=0.724 dist_km=0.210 picks<=400.0km=2
MATCHED: 2015-07-27T18:58:32Z -> data/sisbra_all_w24/20150727T185832_usp2015opqs_row2906 picks=6
[943/3570] SISBRA 2015-09-15T21:38:23 lat=-3.800 lon=-39.930 mag=2.5 window=+/-120.0s r=1.0deg
MATCHED: 2015-08-14T23:38:18Z -> data/sisbra_all_w24/20150814T233818_usp2015pwwz_row2925 picks=2
[944/3570] SISBRA 2015-09-17T10:24:47 lat=-14.870 lon=-51.580 mag=3.2 window=+/-120.0s r=1.0deg
  candidates=1 scored=1
  best=smi:org.gfz-potsdam.de/geofon/usp2015pebj dt_s=0.974 dist_km=0.606 picks<=400.0km=3
  candidates=1 scored=1
  best=smi:org.gfz-potsdam.de/geofon/usp2015plbi dt_s=0.379 dist_km=0.405 picks<=400.0km=6
MATCHED: 2015-07-05T12:54:08Z -> data/sisbra_all_w24/20150705T125408_usp2015nazp_row2889 picks=10
[945/3570] SISBRA 2015-09-20T11:49:19 lat=-5.480 lon=-35.760 mag=3.1 window=+/-120.0s r=1.0deg
MATCHED: 2015-08-04T16:16:15Z -> data/sisbra_all_w24/20150804T161615_usp2015pebj_row2918 picks=3
[946/3570] SISBRA 2015-09-20T17:03:04 lat=-29.030 lon=-51.190 mag=2.5 window=+/-120.0s r=1.0deg
MATCHED: 2015-08-08T12:12:21Z -> data/sisbra_all_w24/20150808T121221_usp2015plbi_row2924 picks=6
[947/3570] SISBRA 2015-09-20T17:04:39 lat=-29.030 lon=-51.190 mag=2.4 window=+/-120.0s r=1.0deg
NO_MATCH: 2015-09-17T10:24:47Z -> data/sisbra_all_w24/20150917T102447_row2940
[948/3570] SISBRA 2015-09-21T22:13:54 lat=-10.560 lon=-51.820 mag=2.2 window=+/-120.0s r=1.0deg
  candidates=1 scored=1
  best=smi:org.gfz-potsdam.de/geofon/usp2015nphy dt_s=0.650 dist_km=0.430 picks<=400.0km=6
MATCHED: 2015-07-13T09:01:36Z -> data/sisbra_all_w24/20150713T090136_usp2015nphy_row2899 picks=6
[949/3570] SISBRA 2015-09-21T22:28:33 lat=-28.340 lon=-50.220 mag=2.9 window=+/-120.0s r=1.0deg
NO_MATCH: 2015-09-21T22:13:54Z -> data/sisbra_all_w24/20150921T221354_row2944
[950/3570] SISBRA 2015-09-23T04:30:56 lat=-5.510 lon=-35.730 mag=2.1 window=+/-120.0s r=1.0deg
  candidates=1 scored=1
  best=smi:org.gfz-potsdam.de/geofon/usp2015oqoy dt_s=0.213 dist_km=0.463 picks<=400.0km=4
MATCHED: 2015-07-28T07:13:51Z -> data/sisbra_all_w24/20150728T071351_usp2015oqoy_row2907 picks=4
[951/3570] SISBRA 2015-09-23T12:49:02 lat=-5.510 lon=-35.750 mag=2.5 window=+/-120.0s r=1.0deg
  candidates=1 scored=1
  best=smi:org.gfz-potsdam.de/geofon/usp2015rufk dt_s=0.796 dist_km=0.370 picks<=400.0km=4
  candidates=1 scored=1
  best=smi:org.gfz-potsdam.de/geofon/usp2015rzvt dt_s=0.951 dist_km=0.642 picks<=400.0km=4
MATCHED: 2015-09-14T01:29:38Z -> data/sisbra_all_w24/20150914T012938_usp2015rzvt_row2937 picks=4
[952/3570] SISBRA 2015-09-27T07:15:10 lat=-5.610 lon=-46.730 mag=2.3 window=+/-120.0s r=1.0deg
MATCHED: 2015-09-10T23:33:00Z -> data/sisbra_all_w24/20150910T233300_usp2015rufk_row2935 picks=4
[953/3570] SISBRA 2015-09-27T17:41:59 lat=-13.790 lon=-52.683 mag=2.8 window=+/-120.0s r=1.0deg
  candidates=1 scored=1
  best=smi:org.gfz-potsdam.de/geofon/usp2015qbsu dt_s=0.189 dist_km=0.613 picks<=400.0km=4
  candidates=1 scored=1
  best=smi:org.gfz-potsdam.de/geofon/usp2015odce dt_s=0.362 dist_km=1.413 picks<=400.0km=5
MATCHED: 2015-08-17T15:12:04Z -> data/sisbra_all_w24/20150817T151204_usp2015qbsu_row2928 picks=4
[954/3570] SISBRA 2015-09-28T07:41:50 lat=3.510 lon=-27.780 mag=4.1 window=+/-120.0s r=1.0deg
  candidates=1 scored=1
  best=smi:org.gfz-potsdam.de/geofon/usp2015pehq dt_s=0.500 dist_km=0.597 picks<=400.0km=5
  candidates=1 scored=1
  best=smi:org.gfz-potsdam.de/geofon/usp2015rgpr dt_s=0.106 dist_km=0.375 picks<=400.0km=3
MATCHED: 2015-07-20T22:00:42Z -> data/sisbra_all_w24/20150720T220042_usp2015odce_row2902 picks=5
[955/3570] SISBRA 2015-10-02T03:49:32 lat=1.080 lon=-27.780 mag=4.1 window=+/-120.0s r=1.0deg
NO_MATCH: 2015-09-27T07:15:10Z -> data/sisbra_all_w24/20150927T071510_row2948
[956/3570] SISBRA 2015-10-03T18:44:13 lat=-19.570 lon=-43.390 mag=3.5 window=+/-120.0s r=1.0deg
MATCHED: 2015-08-04T19:26:33Z -> data/sisbra_all_w24/20150804T192632_usp2015pehq_row2919 picks=5
[957/3570] SISBRA 2015-10-06T03:48:28 lat=6.500 lon=-36.940 mag=4.3 window=+/-120.0s r=1.0deg
MATCHED: 2015-09-03T12:50:52Z -> data/sisbra_all_w24/20150903T125052_usp2015rgpr_row2932 picks=3
[958/3570] SISBRA 2015-10-08T16:58:31 lat=-3.810 lon=-39.910 mag=2.5 window=+/-120.0s r=1.0deg
NO_MATCH: 2015-09-28T07:41:50Z -> data/sisbra_all_w24/20150928T074150_row2950
[959/3570] SISBRA 2015-10-08T18:25:41 lat=-15.910 lon=-49.810 mag=2.7 window=+/-120.0s r=1.0deg
  candidates=1 scored=1
  best=smi:org.gfz-potsdam.de/geofon/usp2015pyxd dt_s=0.168 dist_km=0.425 picks<=400.0km=6
  candidates=1 scored=1
  best=smi:org.gfz-potsdam.de/geofon/usp2015qbyq dt_s=0.213 dist_km=0.657 picks<=400.0km=4
  candidates=1 scored=1
  best=smi:org.gfz-potsdam.de/geofon/usp2015qype dt_s=0.484 dist_km=0.278 picks<=400.0km=7
MATCHED: 2015-08-30T03:29:40Z -> data/sisbra_all_w24/20150830T032940_usp2015qype_row2931 picks=7
[960/3570] SISBRA 2015-10-08T19:58:36 lat=-7.550 lon=-38.970 mag=2.4 window=+/-120.0s r=1.0deg
MATCHED: 2015-08-16T01:59:44Z -> data/sisbra_all_w24/20150816T015944_usp2015pyxd_row2926 picks=6
[961/3570] SISBRA 2015-10-09T15:10:14 lat=-5.370 lon=-38.920 mag=2.3 window=+/-120.0s r=1.0deg
MATCHED: 2015-08-17T18:09:01Z -> data/sisbra_all_w24/20150817T180901_usp2015qbyq_row2929 picks=4
[962/3570] SISBRA 2015-10-09T15:12:49 lat=-13.490 lon=-48.690 mag=2.7 window=+/-120.0s r=1.0deg
  candidates=1 scored=1
  best=smi:org.gfz-potsdam.de/geofon/usp2015omfc dt_s=0.052 dist_km=0.567 picks<=400.0km=7
NO_MATCH: 2015-10-08T18:25:41Z -> data/sisbra_all_w24/20151008T182541_row2955
[963/3570] SISBRA 2015-10-12T03:21:25 lat=-12.730 lon=-46.430 mag=2.4 window=+/-120.0s r=1.0deg
MATCHED: 2015-07-25T21:42:50Z -> data/sisbra_all_w24/20150725T214250_usp2015omfc_row2904 picks=7
[964/3570] SISBRA 2015-10-13T05:51:22 lat=-8.740 lon=-73.980 mag=4.2 window=+/-120.0s r=1.0deg
  candidates=1 scored=1
  best=smi:org.gfz-potsdam.de/geofon/usp2015sdfd dt_s=0.637 dist_km=0.296 picks<=400.0km=5
NO_MATCH: 2015-10-12T03:21:25Z -> data/sisbra_all_w24/20151012T032125_row2959
[965/3570] SISBRA 2015-10-16T19:45:44 lat=-3.820 lon=-40.520 mag=1.3 window=+/-120.0s r=1.0deg
MATCHED: 2015-09-15T21:38:23Z -> data/sisbra_all_w24/20150915T213823_usp2015sdfd_row2939 picks=5
[966/3570] SISBRA 2015-10-20T01:04:03 lat=-3.820 lon=-40.190 mag=1.5 window=+/-120.0s r=1.0deg
  candidates=1 scored=1
  best=smi:org.gfz-potsdam.de/geofon/usp2015syvj dt_s=0.188 dist_km=2.159 picks<=400.0km=2
MATCHED: 2015-09-27T17:41:59Z -> data/sisbra_all_w24/20150927T174158_usp2015syvj_row2949 picks=2
[967/3570] SISBRA 2015-10-22T11:09:48 lat=0.400 lon=-19.500 mag=4.6 window=+/-120.0s r=1.0deg
  candidates=1 scored=1
  best=smi:org.gfz-potsdam.de/geofon/usp2015rufg dt_s=0.081 dist_km=0.592 picks<=400.0km=4
MATCHED: 2015-09-10T23:28:53Z -> data/sisbra_all_w24/20150910T232853_usp2015rufg_row2934 picks=4
[968/3570] SISBRA 2015-10-23T06:53:11 lat=-24.730 lon=-48.120 mag=3.3 window=+/-120.0s r=1.0deg
  candidates=2 scored=2
  best=smi:org.gfz-potsdam.de/geofon/usp2015slzp dt_s=0.173 dist_km=0.548 picks<=400.0km=4
MATCHED: 2015-09-20T17:04:39Z -> data/sisbra_all_w24/20150920T170439_usp2015slzp_row2943 picks=4
[969/3570] SISBRA 2015-10-24T20:02:28 lat=-11.930 lon=-48.700 mag=2.3 window=+/-120.0s r=1.0deg
  candidates=1 scored=1
  best=smi:org.gfz-potsdam.de/geofon/usp2015slpf dt_s=0.474 dist_km=0.349 picks<=400.0km=7
MATCHED: 2015-09-20T11:49:19Z -> data/sisbra_all_w24/20150920T114919_usp2015slpf_row2941 picks=7
[970/3570] SISBRA 2015-10-25T05:15:51 lat=-3.270 lon=-40.580 mag=2.0 window=+/-120.0s r=1.0deg
NO_MATCH: 2015-10-24T20:02:28Z -> data/sisbra_all_w24/20151024T200228_row2965
[971/3570] SISBRA 2015-10-25T05:16:19 lat=-3.290 lon=-40.590 mag=2.8 window=+/-120.0s r=1.0deg
  candidates=1 scored=1
  best=smi:org.gfz-potsdam.de/geofon/usp2015uhrz dt_s=0.351 dist_km=0.393 picks<=400.0km=3
  candidates=1 scored=1
  best=smi:org.gfz-potsdam.de/geofon/usp2015sqng dt_s=0.458 dist_km=0.675 picks<=400.0km=7
MATCHED: 2015-10-16T19:45:44Z -> data/sisbra_all_w24/20151016T194544_usp2015uhrz_row2961 picks=3
[972/3570] SISBRA 2015-10-25T05:19:50 lat=-3.320 lon=-40.580 mag=2.3 window=+/-120.0s r=1.0deg
MATCHED: 2015-09-23T04:30:56Z -> data/sisbra_all_w24/20150923T043056_usp2015sqng_row2946 picks=7
[973/3570] SISBRA 2015-10-25T05:22:31 lat=-3.270 lon=-40.590 mag=2.5 window=+/-120.0s r=1.0deg
  candidates=1 scored=1
  best=smi:org.gfz-potsdam.de/geofon/usp2015tuom dt_s=0.756 dist_km=0.552 picks<=400.0km=2
  candidates=2 scored=2
  best=smi:org.gfz-potsdam.de/geofon/usp2015slzo dt_s=0.224 dist_km=0.540 picks<=400.0km=4
MATCHED: 2015-10-09T15:12:49Z -> data/sisbra_all_w24/20151009T151249_usp2015tuom_row2958 picks=2
[974/3570] SISBRA 2015-10-27T19:40:17 lat=-19.080 lon=-40.860 mag=2.1 window=+/-120.0s r=1.0deg
MATCHED: 2015-09-20T17:03:04Z -> data/sisbra_all_w24/20150920T170304_usp2015slzo_row2942 picks=4
[975/3570] SISBRA 2015-10-28T17:10:55 lat=-9.640 lon=-71.220 mag=4.5 window=+/-120.0s r=1.0deg
  candidates=1 scored=1
  best=smi:org.gfz-potsdam.de/geofon/usp2015rxuz dt_s=0.216 dist_km=0.482 picks<=400.0km=0
MATCHED: 2015-09-12T22:50:05Z -> data/sisbra_all_w24/20150912T225005_usp2015rxuz_row2936 picks=0
[976/3570] SISBRA 2015-11-03T11:27:28 lat=2.800 lon=-33.270 mag=4.2 window=+/-120.0s r=1.0deg
  candidates=1 scored=1
  best=smi:org.gfz-potsdam.de/geofon/usp2015unpa dt_s=0.370 dist_km=0.487 picks<=400.0km=3
  candidates=1 scored=1
  best=smi:org.gfz-potsdam.de/geofon/usp2015tgxk dt_s=0.166 dist_km=0.439 picks<=400.0km=0
  candidates=1 scored=1
  best=smi:org.gfz-potsdam.de/geofon/usp2015tuok dt_s=0.071 dist_km=0.115 picks<=400.0km=7
MATCHED: 2015-10-20T01:04:03Z -> data/sisbra_all_w24/20151020T010403_usp2015unpa_row2962 picks=3
[977/3570] SISBRA 2015-11-05T16:12:16 lat=-20.209 lon=-43.453 mag=2.4 window=+/-120.0s r=1.0deg
MATCHED: 2015-10-02T03:49:32Z -> data/sisbra_all_w24/20151002T034932_usp2015tgxk_row2951 picks=0
[978/3570] SISBRA 2015-11-05T16:13:51 lat=-20.208 lon=-43.453 mag=2.6 window=+/-120.0s r=1.0deg
MATCHED: 2015-10-09T15:10:14Z -> data/sisbra_all_w24/20151009T151014_usp2015tuok_row2957 picks=7
[979/3570] SISBRA 2015-11-05T16:16:02 lat=-20.211 lon=-43.455 mag=1.4 window=+/-120.0s r=1.0deg
  candidates=1 scored=1
  best=smi:org.gfz-potsdam.de/geofon/usp2015uxav dt_s=0.634 dist_km=0.504 picks<=400.0km=5
  candidates=1 scored=1
  best=smi:org.gfz-potsdam.de/geofon/usp2015rngx dt_s=0.683 dist_km=0.264 picks<=400.0km=2
MATCHED: 2015-10-25T05:15:51Z -> data/sisbra_all_w24/20151025T051551_usp2015uxav_row2966 picks=5
[980/3570] SISBRA 2015-11-05T17:56:42 lat=-20.210 lon=-43.450 mag=1.5 window=+/-120.0s r=1.0deg
  candidates=1 scored=1
  best=smi:org.gfz-potsdam.de/geofon/usp2015uxaw dt_s=0.935 dist_km=0.479 picks<=400.0km=5
NO_MATCH: 2015-11-05T16:16:02Z -> data/sisbra_all_w24/20151105T161602_row2975
[981/3570] SISBRA 2015-11-05T17:59:28 lat=-20.210 lon=-43.450 mag=1.7 window=+/-120.0s r=1.0deg
MATCHED: 2015-10-25T05:16:19Z -> data/sisbra_all_w24/20151025T051619_usp2015uxaw_row2967 picks=5
[982/3570] SISBRA 2015-11-05T18:23:31 lat=-20.480 lon=-56.250 mag=1.7 window=+/-120.0s r=1.0deg
MATCHED: 2015-09-07T04:21:25Z -> data/sisbra_all_w24/20150907T042125_usp2015rngx_row2933 picks=2
[983/3570] SISBRA 2015-11-06T03:47:10.700000 lat=-19.410 lon=-56.360 mag=4.1 window=+/-120.0s r=1.0deg
  candidates=1 scored=1
  candidates=1 scored=1
  best=smi:org.gfz-potsdam.de/geofon/usp2015sdet dt_s=0.239 dist_km=0.543 picks<=400.0km=4
  best=smi:org.gfz-potsdam.de/geofon/usp2015qxnm dt_s=0.613 dist_km=0.211 picks<=400.0km=16
MATCHED: 2015-09-15T21:27:03Z -> data/sisbra_all_w24/20150915T212703_usp2015sdet_row2938 picks=4
[984/3570] SISBRA 2015-11-06T03:55:36 lat=-19.400 lon=-56.310 mag=2.2 window=+/-120.0s r=1.0deg
NO_MATCH: 2015-11-05T17:59:28Z -> data/sisbra_all_w24/20151105T175928_row2977
[985/3570] SISBRA 2015-11-06T03:56:55.200000 lat=-19.420 lon=-56.350 mag=3.1 window=+/-120.0s r=1.0deg
MATCHED: 2015-08-29T13:30:58Z -> data/sisbra_all_w24/20150829T133058_usp2015qxnm_row2930 picks=16
[986/3570] SISBRA 2015-11-06T04:20:37 lat=-14.720 lon=-40.120 mag=3.2 window=+/-120.0s r=1.0deg
  candidates=1 scored=1
  best=smi:org.gfz-potsdam.de/geofon/usp2015tswl dt_s=0.778 dist_km=0.238 picks<=400.0km=5
  candidates=1 scored=1
  best=smi:org.gfz-potsdam.de/geofon/usp2015vsdj dt_s=0.000 dist_km=0.366 picks<=400.0km=2
MATCHED: 2015-10-08T16:58:31Z -> data/sisbra_all_w24/20151008T165831_usp2015tswl_row2954 picks=5
[987/3570] SISBRA 2015-11-06T10:48:36 lat=-19.400 lon=-56.330 mag=2.9 window=+/-120.0s r=1.0deg
MATCHED: 2015-11-05T18:23:31Z -> data/sisbra_all_w24/20151105T182331_usp2015vsdj_row2978 picks=2
[988/3570] SISBRA 2015-11-08T18:00:23 lat=-20.200 lon=-43.480 mag=1.5 window=+/-120.0s r=1.0deg
  candidates=1 scored=1
  best=smi:org.gfz-potsdam.de/geofon/usp2015urzz dt_s=0.959 dist_km=0.113 picks<=400.0km=0
MATCHED: 2015-10-22T11:09:48Z -> data/sisbra_all_w24/20151022T110948_usp2015urzz_row2963 picks=0
[989/3570] SISBRA 2015-11-09T11:19:37 lat=-19.760 lon=-44.610 mag=2.2 window=+/-120.0s r=1.0deg
  candidates=1 scored=1
  best=smi:org.gfz-potsdam.de/geofon/usp2015owvk dt_s=0.775 dist_km=4.686 picks<=400.0km=1
  candidates=1 scored=1
  best=smi:org.gfz-potsdam.de/geofon/usp2015vbuj dt_s=0.882 dist_km=0.117 picks<=400.0km=6
MATCHED: 2015-07-31T17:17:56Z -> data/sisbra_all_w24/20150731T171756_usp2015owvk_row2913 picks=1
[990/3570] SISBRA 2015-11-09T12:06:14 lat=-18.360 lon=-40.060 mag=2.5 window=+/-120.0s r=1.0deg
  candidates=1 scored=1
  best=smi:org.gfz-potsdam.de/geofon/usp2015uxay dt_s=0.305 dist_km=0.174 picks<=400.0km=5
MATCHED: 2015-10-27T19:40:17Z -> data/sisbra_all_w24/20151027T194017_usp2015vbuj_row2970 picks=6
[991/3570] SISBRA 2015-11-09T17:49:34 lat=-14.220 lon=-49.470 mag=2.9 window=+/-120.0s r=1.0deg
  candidates=1 scored=1
  candidates=1 scored=1
  best=smi:org.gfz-potsdam.de/geofon/usp2015ttcl dt_s=0.492 dist_km=0.598 picks<=400.0km=8
MATCHED: 2015-10-25T05:19:50Z -> data/sisbra_all_w24/20151025T051950_usp2015uxay_row2968 picks=5
[992/3570] SISBRA 2015-11-09T21:11:07.100000 lat=-19.410 lon=-56.350 mag=3.2 window=+/-120.0s r=1.0deg
  best=smi:org.gfz-potsdam.de/geofon/usp2015srdr dt_s=0.912 dist_km=0.089 picks<=400.0km=6
MATCHED: 2015-09-23T12:49:02Z -> data/sisbra_all_w24/20150923T124902_usp2015srdr_row2947 picks=6
[993/3570] SISBRA 2015-11-10T06:17:02 lat=-20.211 lon=-43.455 mag=1.9 window=+/-120.0s r=1.0deg
MATCHED: 2015-10-08T19:58:36Z -> data/sisbra_all_w24/20151008T195836_usp2015ttcl_row2956 picks=8
[994/3570] SISBRA 2015-11-10T07:45:59 lat=-20.212 lon=-43.454 mag=2.1 window=+/-120.0s r=1.0deg
  candidates=1 scored=1
  best=smi:org.gfz-potsdam.de/geofon/usp2015vswf dt_s=0.888 dist_km=0.494 picks<=400.0km=3
  candidates=1 scored=1
  best=smi:org.gfz-potsdam.de/geofon/usp2015sofu dt_s=0.997 dist_km=0.224 picks<=400.0km=4
  candidates=1 scored=1
  best=smi:org.gfz-potsdam.de/geofon/usp2015vxpc dt_s=0.557 dist_km=8.126 picks<=400.0km=9
MATCHED: 2015-11-06T03:55:36Z -> data/sisbra_all_w24/20151106T035536_usp2015vswf_row2980 picks=3
[995/3570] SISBRA 2015-11-13T01:52:23 lat=-15.150 lon=-43.880 mag=2.8 window=+/-120.0s r=1.0deg
  candidates=1 scored=1
  best=smi:org.gfz-potsdam.de/geofon/usp2015vyxj dt_s=0.411 dist_km=0.207 picks<=400.0km=1
MATCHED: 2015-09-21T22:28:33Z -> data/sisbra_all_w24/20150921T222833_usp2015sofu_row2945 picks=4
[996/3570] SISBRA 2015-11-13T02:04:31 lat=-15.160 lon=-43.900 mag=2.4 window=+/-120.0s r=1.0deg
MATCHED: 2015-11-09T11:19:37Z -> data/sisbra_all_w24/20151109T111937_usp2015vyxj_row2985 picks=1
[997/3570] SISBRA 2015-11-13T02:07:04 lat=-15.180 lon=-43.840 mag=2.7 window=+/-120.0s r=1.0deg
  candidates=1 scored=1
  best=smi:org.gfz-potsdam.de/geofon/usp2015vscm dt_s=0.074 dist_km=5.531 picks<=400.0km=6
MATCHED: 2015-11-08T18:00:23Z -> data/sisbra_all_w24/20151108T180023_usp2015vxpc_row2984 picks=9
[998/3570] SISBRA 2015-11-13T19:37:15 lat=-9.220 lon=-36.010 mag=2.2 window=+/-120.0s r=1.0deg
  candidates=1 scored=1
MATCHED: 2015-11-05T17:56:42Z -> data/sisbra_all_w24/20151105T175642_usp2015vscm_row2976 picks=6
[999/3570] SISBRA 2015-11-14T05:25:35 lat=7.070 lon=-34.280 mag=5.0 window=+/-120.0s r=1.0deg
  best=smi:org.gfz-potsdam.de/geofon/usp2015tjwk dt_s=0.096 dist_km=0.306 picks<=400.0km=15
  candidates=1 scored=1
  best=smi:org.gfz-potsdam.de/geofon/usp2015ubdz dt_s=0.396 dist_km=0.533 picks<=400.0km=1
MATCHED: 2015-10-03T18:44:13Z -> data/sisbra_all_w24/20151003T184413_usp2015tjwk_row2952 picks=15
[1000/3570] SISBRA 2015-11-14T15:31:42.700000 lat=-19.410 lon=-56.360 mag=2.4 window=+/-120.0s r=1.0deg
MATCHED: 2015-10-13T05:51:22Z -> data/sisbra_all_w24/20151013T055122_usp2015ubdz_row2960 picks=1
[1001/3570] SISBRA 2015-11-14T21:53:22 lat=0.310 lon=-30.080 mag=4.1 window=+/-120.0s r=1.0deg
  candidates=1 scored=1
  best=smi:org.gfz-potsdam.de/geofon/usp2015vzkg dt_s=0.282 dist_km=0.573 picks<=400.0km=4
  candidates=1 scored=1
  best=smi:org.gfz-potsdam.de/geofon/usp2015uxbb dt_s=0.904 dist_km=0.280 picks<=400.0km=5
MATCHED: 2015-11-09T17:49:34Z -> data/sisbra_all_w24/20151109T174934_usp2015vzkg_row2987 picks=4
[1002/3570] SISBRA 2015-11-15T10:55:08 lat=-12.280 lon=-48.460 mag=2.9 window=+/-120.0s r=1.0deg
MATCHED: 2015-10-25T05:22:31Z -> data/sisbra_all_w24/20151025T052231_usp2015uxbb_row2969 picks=5
[1003/3570] SISBRA 2015-11-16T05:34:44 lat=-15.220 lon=-43.950 mag=1.9 window=+/-120.0s r=1.0deg
  candidates=1 scored=1
  best=smi:org.gfz-potsdam.de/geofon/usp2015wijf dt_s=1.107 dist_km=10.512 picks<=400.0km=2
MATCHED: 2015-11-14T15:31:42.700000Z -> data/sisbra_all_w24/20151114T153143_usp2015wijf_row2996 picks=2
[1004/3570] SISBRA 2015-11-16T05:37:52 lat=-15.230 lon=-43.980 mag=2.3 window=+/-120.0s r=1.0deg
  candidates=1 scored=1
  candidates=1 scored=1
  best=smi:org.gfz-potsdam.de/geofon/usp2015vnyq dt_s=0.506 dist_km=0.269 picks<=400.0km=0
  best=smi:org.gfz-potsdam.de/geofon/usp2015picy dt_s=0.116 dist_km=0.334 picks<=400.0km=0
MATCHED: 2015-11-03T11:27:28Z -> data/sisbra_all_w24/20151103T112728_usp2015vnyq_row2972 picks=0
[1005/3570] SISBRA 2015-11-18T23:42:50 lat=-20.208 lon=-43.453 mag=2.1 window=+/-120.0s r=1.0deg
MATCHED: 2015-08-06T21:36:59Z -> data/sisbra_all_w24/20150806T213659_usp2015picy_row2922 picks=0
[1006/3570] SISBRA 2015-11-20T06:35:34 lat=-7.850 lon=-73.230 mag=4.1 window=+/-120.0s r=1.0deg
  candidates=1 scored=1
  best=smi:org.gfz-potsdam.de/geofon/usp2015wjvp dt_s=0.493 dist_km=0.398 picks<=400.0km=3
  candidates=2 scored=2
  best=smi:org.gfz-potsdam.de/geofon/usp2015vrzb dt_s=1.033 dist_km=2.858 picks<=400.0km=12
MATCHED: 2015-11-15T10:55:08Z -> data/sisbra_all_w24/20151115T105508_usp2015wjvp_row2998 picks=3
[1007/3570] SISBRA 2015-11-21T21:50:32 lat=7.360 lon=-38.150 mag=4.4 window=+/-120.0s r=1.0deg
  candidates=1 scored=1
  best=smi:org.gfz-potsdam.de/geofon/usp2015wlgn dt_s=0.045 dist_km=0.737 picks<=400.0km=3
MATCHED: 2015-11-05T16:13:51Z -> data/sisbra_all_w24/20151105T161352_usp2015vrzb_row2974 picks=12
[1008/3570] SISBRA 2015-11-24T18:10:07 lat=-10.480 lon=-70.950 mag=4.0 window=+/-120.0s r=1.0deg
MATCHED: 2015-11-16T05:34:44Z -> data/sisbra_all_w24/20151116T053444_usp2015wlgn_row2999 picks=3
[1009/3570] SISBRA 2015-11-24T22:45:37 lat=-10.670 lon=-71.130 mag=7.0 window=+/-120.0s r=1.0deg
  candidates=1 scored=1
  best=smi:org.gfz-potsdam.de/geofon/usp2015wfne dt_s=0.827 dist_km=0.488 picks<=400.0km=5
  candidates=1 scored=1
  best=smi:org.gfz-potsdam.de/geofon/usp2015vyyx dt_s=0.192 dist_km=0.440 picks<=400.0km=6
MATCHED: 2015-11-13T02:07:04Z -> data/sisbra_all_w24/20151113T020704_usp2015wfne_row2993 picks=5
[1010/3570] SISBRA 2015-11-24T22:50:50 lat=-10.160 lon=-71.470 mag=7.5 window=+/-120.0s r=1.0deg
MATCHED: 2015-11-09T12:06:14Z -> data/sisbra_all_w24/20151109T120614_usp2015vyyx_row2986 picks=6
[1011/3570] SISBRA 2015-11-24T23:44:14 lat=-10.610 lon=-71.100 mag=4.4 window=+/-120.0s r=1.0deg
  candidates=1 scored=1
  best=smi:org.gfz-potsdam.de/geofon/usp2015waix dt_s=0.210 dist_km=1.954 picks<=400.0km=6
  candidates=1 scored=1
  best=smi:org.gfz-potsdam.de/geofon/usp2015vzqx dt_s=1.058 dist_km=15.962 picks<=400.0km=3
MATCHED: 2015-11-10T06:17:02Z -> data/sisbra_all_w24/20151110T061702_usp2015waix_row2989 picks=6
[1012/3570] SISBRA 2015-11-24T23:55:20 lat=-10.360 lon=-70.920 mag=4.2 window=+/-120.0s r=1.0deg
  candidates=1 scored=1
  best=smi:org.gfz-potsdam.de/geofon/usp2015vsxb dt_s=1.333 dist_km=7.680 picks<=400.0km=4
  candidates=1 scored=1
  best=smi:org.gfz-potsdam.de/geofon/usp2015walv dt_s=0.872 dist_km=2.566 picks<=400.0km=8
MATCHED: 2015-11-09T21:11:07.100000Z -> data/sisbra_all_w24/20151109T211108_usp2015vzqx_row2988 picks=3
[1013/3570] SISBRA 2015-11-25T01:05:00 lat=-9.870 lon=-71.230 mag=4.1 window=+/-120.0s r=1.0deg
MATCHED: 2015-11-06T04:20:37Z -> data/sisbra_all_w24/20151106T042035_usp2015vsxb_row2982 picks=4
[1014/3570] SISBRA 2015-11-25T04:30:30 lat=-10.070 lon=-71.030 mag=4.0 window=+/-120.0s r=1.0deg
MATCHED: 2015-11-10T07:45:59Z -> data/sisbra_all_w24/20151110T074558_usp2015walv_row2990 picks=8
[1015/3570] SISBRA 2015-11-25T09:26:22 lat=-8.670 lon=-71.420 mag=4.9 window=+/-120.0s r=1.0deg
  candidates=1 scored=1
  candidates=1 scored=1
  best=smi:org.gfz-potsdam.de/geofon/usp2015vswg dt_s=0.264 dist_km=7.284 picks<=400.0km=3
  best=smi:org.gfz-potsdam.de/geofon/usp2015vdkv dt_s=0.933 dist_km=0.488 picks<=400.0km=1
MATCHED: 2015-11-06T03:56:55.200000Z -> data/sisbra_all_w24/20151106T035654_usp2015vswg_row2981 picks=3
[1016/3570] SISBRA 2015-11-25T09:45:47 lat=8.510 lon=-40.570 mag=4.5 window=+/-120.0s r=1.0deg
  candidates=1 scored=1
  best=smi:org.gfz-potsdam.de/geofon/usp2015vtjv dt_s=0.160 dist_km=0.485 picks<=400.0km=2
MATCHED: 2015-10-28T17:10:55Z -> data/sisbra_all_w24/20151028T171055_usp2015vdkv_row2971 picks=1
[1017/3570] SISBRA 2015-11-25T18:47:55 lat=-10.380 lon=-70.590 mag=4.7 window=+/-120.0s r=1.0deg
MATCHED: 2015-11-06T10:48:36Z -> data/sisbra_all_w24/20151106T104836_usp2015vtjv_row2983 picks=2
[1018/3570] SISBRA 2015-11-25T20:19:07 lat=-13.300 lon=-49.440 mag=2.6 window=+/-120.0s r=1.0deg
  candidates=2 scored=2
  best=smi:org.gfz-potsdam.de/geofon/usp2015vrza dt_s=0.925 dist_km=15.258 picks<=400.0km=14
MATCHED: 2015-11-05T16:12:16Z -> data/sisbra_all_w24/20151105T161215_usp2015vrza_row2973 picks=14
[1019/3570] SISBRA 2015-11-25T23:49:34 lat=-10.460 lon=-71.160 mag=4.2 window=+/-120.0s r=1.0deg
NO_MATCH: 2015-11-25T20:19:07Z -> data/sisbra_all_w24/20151125T201907_row3014
[1020/3570] SISBRA 2015-11-26T05:45:17 lat=-9.260 lon=-71.340 mag=6.4 window=+/-120.0s r=1.0deg
  candidates=1 scored=1
  best=smi:org.gfz-potsdam.de/geofon/usp2015tofk dt_s=0.598 dist_km=0.638 picks<=400.0km=0
  candidates=1 scored=1
MATCHED: 2015-10-06T03:48:28Z -> data/sisbra_all_w24/20151006T034828_usp2015tofk_row2953 picks=0
[1021/3570] SISBRA 2015-11-26T05:45:18 lat=-9.270 lon=-71.330 mag=6.2 window=+/-120.0s r=1.0deg
  best=smi:org.gfz-potsdam.de/geofon/usp2015wfmr dt_s=0.108 dist_km=0.327 picks<=400.0km=5
  candidates=1 scored=1
  best=smi:org.gfz-potsdam.de/geofon/usp2015wgvt dt_s=0.647 dist_km=5.339 picks<=400.0km=8
MATCHED: 2015-11-13T01:52:23Z -> data/sisbra_all_w24/20151113T015223_usp2015wfmr_row2991 picks=5
[1022/3570] SISBRA 2015-11-26T06:01:23 lat=-9.270 lon=-71.270 mag=4.8 window=+/-120.0s r=1.0deg
  candidates=1 scored=1
  best=smi:org.gfz-potsdam.de/geofon/usp2015wfnb dt_s=0.273 dist_km=0.476 picks<=400.0km=5
MATCHED: 2015-11-13T19:37:15Z -> data/sisbra_all_w24/20151113T193715_usp2015wgvt_row2994 picks=8
[1023/3570] SISBRA 2015-11-26T13:42:24 lat=-9.820 lon=-71.140 mag=4.8 window=+/-120.0s r=1.0deg
MATCHED: 2015-11-13T02:04:31Z -> data/sisbra_all_w24/20151113T020431_usp2015wfnb_row2992 picks=5
[1024/3570] SISBRA 2015-11-26T20:50:48 lat=-10.440 lon=-70.920 mag=3.8 window=+/-120.0s r=1.0deg
  candidates=1 scored=1
  best=smi:org.gfz-potsdam.de/geofon/usp2015wqhk dt_s=1.129 dist_km=13.637 picks<=400.0km=2
MATCHED: 2015-11-18T23:42:50Z -> data/sisbra_all_w24/20151118T234251_usp2015wqhk_row3001 picks=2
[1025/3570] SISBRA 2015-11-27T00:52:54 lat=-9.380 lon=-71.180 mag=5.1 window=+/-120.0s r=1.0deg
  candidates=1 scored=1
  best=smi:org.gfz-potsdam.de/geofon/usp2015utna dt_s=0.955 dist_km=0.195 picks<=400.0km=6
MATCHED: 2015-10-23T06:53:11Z -> data/sisbra_all_w24/20151023T065311_usp2015utna_row2964 picks=6
[1026/3570] SISBRA 2015-11-29T10:41:31 lat=-10.260 lon=-71.290 mag=4.1 window=+/-120.0s r=1.0deg
  candidates=1 scored=1
  best=smi:org.gfz-potsdam.de/geofon/usp2015xavm dt_s=0.261 dist_km=0.340 picks<=400.0km=1
MATCHED: 2015-11-24T18:10:07Z -> data/sisbra_all_w24/20151124T181007_usp2015xavm_row3004 picks=1
[1027/3570] SISBRA 2015-12-02T01:41:15 lat=-21.980 lon=-49.840 mag=2.8 window=+/-120.0s r=1.0deg
  candidates=1 scored=1
  best=smi:org.gfz-potsdam.de/geofon/usp2015wivu dt_s=0.578 dist_km=0.425 picks<=400.0km=0
MATCHED: 2015-11-14T21:53:22Z -> data/sisbra_all_w24/20151114T215322_usp2015wivu_row2997 picks=0
[1028/3570] SISBRA 2015-12-07T21:08:03 lat=-10.620 lon=-55.280 mag=3.2 window=+/-120.0s r=1.0deg
  candidates=1 scored=1
  best=smi:org.gfz-potsdam.de/geofon/usp2015wlgq dt_s=0.378 dist_km=0.330 picks<=400.0km=3
MATCHED: 2015-11-16T05:37:52Z -> data/sisbra_all_w24/20151116T053752_usp2015wlgq_row3000 picks=3
[1029/3570] SISBRA 2015-12-09T14:49:53 lat=-10.680 lon=-43.860 mag=3.8 window=+/-120.0s r=1.0deg
  candidates=1 scored=1
  best=smi:org.gfz-potsdam.de/geofon/usp2015xdol dt_s=0.195 dist_km=0.556 picks<=400.0km=1
MATCHED: 2015-11-26T06:01:23Z -> data/sisbra_all_w24/20151126T060123_usp2015xdol_row3018 picks=1
[1030/3570] SISBRA 2015-12-12T05:33:22 lat=-19.300 lon=-45.750 mag=2.3 window=+/-120.0s r=1.0deg
  candidates=1 scored=1
  best=smi:org.gfz-potsdam.de/geofon/usp2015vsvy dt_s=1.374 dist_km=10.473 picks<=400.0km=0
MATCHED: 2015-11-06T03:47:10.700000Z -> data/sisbra_all_w24/20151106T034709_usp2015vsvy_row2979 picks=0
[1031/3570] SISBRA 2015-12-12T08:51:14 lat=-18.820 lon=-44.810 mag=2.6 window=+/-120.0s r=1.0deg
  candidates=1 scored=1
  best=smi:org.gfz-potsdam.de/geofon/usp2015wsqo dt_s=0.375 dist_km=0.423 picks<=400.0km=1
MATCHED: 2015-11-20T06:35:34Z -> data/sisbra_all_w24/20151120T063534_usp2015wsqo_row3002 picks=1
[1032/3570] SISBRA 2015-12-12T23:30:33 lat=0.730 lon=-24.940 mag=4.4 window=+/-120.0s r=1.0deg
  candidates=1 scored=1
  best=smi:org.gfz-potsdam.de/geofon/usp2015wvqf dt_s=0.966 dist_km=0.176 picks<=400.0km=0
MATCHED: 2015-11-21T21:50:32Z -> data/sisbra_all_w24/20151121T215032_usp2015wvqf_row3003 picks=0
[1033/3570] SISBRA 2015-12-13T17:46:19 lat=-8.080 lon=-50.280 mag=3.3 window=+/-120.0s r=1.0deg
  candidates=1 scored=1
  best=smi:org.gfz-potsdam.de/geofon/usp2015xbzr dt_s=0.712 dist_km=0.451 picks<=400.0km=1
MATCHED: 2015-11-25T09:26:22Z -> data/sisbra_all_w24/20151125T092622_usp2015xbzr_row3011 picks=1
[1034/3570] SISBRA 2015-12-13T18:37:34 lat=-3.740 lon=-38.810 mag=2.4 window=+/-120.0s r=1.0deg
  candidates=1 scored=1
  candidates=1 scored=1
  best=smi:org.gfz-potsdam.de/geofon/usp2015xeru dt_s=0.259 dist_km=0.694 picks<=400.0km=1
  best=smi:org.gfz-potsdam.de/geofon/usp2015xbpy dt_s=0.187 dist_km=0.500 picks<=400.0km=1
MATCHED: 2015-11-26T20:50:48Z -> data/sisbra_all_w24/20151126T205048_usp2015xeru_row3020 picks=1
[1035/3570] SISBRA 2015-12-14T07:19:55 lat=-26.040 lon=-57.100 mag=2.8 window=+/-120.0s r=1.0deg
  candidates=1 scored=1
  best=smi:org.gfz-potsdam.de/geofon/usp2015xyuw dt_s=0.481 dist_km=0.334 picks<=400.0km=3
MATCHED: 2015-11-25T04:30:30Z -> data/sisbra_all_w24/20151125T043030_usp2015xbpy_row3010 picks=1
[1036/3570] SISBRA 2015-12-14T08:16:06 lat=-23.330 lon=-51.150 mag=1.8 window=+/-120.0s r=1.0deg
MATCHED: 2015-12-07T21:08:03Z -> data/sisbra_all_w24/20151207T210803_usp2015xyuw_row3024 picks=3
[1037/3570] SISBRA 2015-12-15T14:02:39 lat=-24.380 lon=-50.640 mag=1.8 window=+/-120.0s r=1.0deg
  candidates=1 scored=1
  best=smi:org.gfz-potsdam.de/geofon/usp2015xoew dt_s=0.261 dist_km=0.422 picks<=400.0km=8
  candidates=1 scored=1
  best=smi:org.gfz-potsdam.de/geofon/usp2015xdce dt_s=0.376 dist_km=0.621 picks<=400.0km=2
MATCHED: 2015-12-02T01:41:15Z -> data/sisbra_all_w24/20151202T014115_usp2015xoew_row3023 picks=8
[1038/3570] SISBRA 2015-12-15T19:57:10 lat=-11.660 lon=-56.640 mag=1.2 window=+/-120.0s r=1.0deg
MATCHED: 2015-11-25T23:49:34Z -> data/sisbra_all_w24/20151125T234934_usp2015xdce_row3015 picks=2
[1039/3570] SISBRA 2015-12-16T03:12:42 lat=-12.920 lon=-49.150 mag=3.1 window=+/-120.0s r=1.0deg
  candidates=1 scored=1
  best=smi:org.gfz-potsdam.de/geofon/usp2015xjke dt_s=0.539 dist_km=0.532 picks<=400.0km=1
  candidates=1 scored=1
  best=smi:org.gfz-potsdam.de/geofon/usp2015ygto dt_s=0.340 dist_km=0.483 picks<=400.0km=2
  candidates=1 scored=1
  candidates=1 scored=1
MATCHED: 2015-12-12T05:33:22Z -> data/sisbra_all_w24/20151212T053322_usp2015ygto_row3026 picks=2
[1040/3570] SISBRA 2015-12-16T18:59:30 lat=-14.650 lon=-50.920 mag=2.7 window=+/-120.0s r=1.0deg
  best=smi:org.gfz-potsdam.de/geofon/usp2015xbem dt_s=0.150 dist_km=0.507 picks<=400.0km=1
NO_MATCH: 2015-12-16T03:12:42Z -> data/sisbra_all_w24/20151216T031242_row3035
[1041/3570] SISBRA 2015-12-19T07:04:27 lat=-15.070 lon=-43.830 mag=2.3 window=+/-120.0s r=1.0deg
  best=smi:org.gfz-potsdam.de/geofon/usp2015xbes dt_s=0.044 dist_km=0.343 picks<=400.0km=1
MATCHED: 2015-11-29T10:41:31Z -> data/sisbra_all_w24/20151129T104131_usp2015xjke_row3022 picks=1
[1042/3570] SISBRA 2015-12-19T07:22:57 lat=-15.050 lon=-44.750 mag=2.0 window=+/-120.0s r=1.0deg
  candidates=1 scored=1
  best=smi:org.gfz-potsdam.de/geofon/usp2015xcai dt_s=0.293 dist_km=0.601 picks<=400.0km=0
  candidates=1 scored=1
MATCHED: 2015-11-24T22:45:37Z -> data/sisbra_all_w24/20151124T224537_usp2015xbem_row3005 picks=1
[1043/3570] SISBRA 2015-12-19T09:57:02 lat=-15.290 lon=-43.950 mag=2.3 window=+/-120.0s r=1.0deg
MATCHED: 2015-11-24T22:50:50Z -> data/sisbra_all_w24/20151124T225050_usp2015xbes_row3006 picks=1
[1044/3570] SISBRA 2015-12-20T00:08:43 lat=-8.790 lon=-71.210 mag=4.2 window=+/-120.0s r=1.0deg
  candidates=1 scored=1
  best=smi:org.gfz-potsdam.de/geofon/usp2015ykpy dt_s=0.979 dist_km=2.206 picks<=400.0km=4
  best=smi:org.gfz-potsdam.de/geofon/usp2015xbgw dt_s=0.417 dist_km=0.471 picks<=400.0km=1
MATCHED: 2015-11-25T09:45:47Z -> data/sisbra_all_w24/20151125T094547_usp2015xcai_row3012 picks=0
[1045/3570] SISBRA 2015-12-25T11:52:16 lat=-3.820 lon=-39.830 mag=3.5 window=+/-120.0s r=1.0deg
MATCHED: 2015-12-14T08:16:06Z -> data/sisbra_all_w24/20151214T081606_usp2015ykpy_row3032 picks=4
[1046/3570] SISBRA 2015-12-25T18:10:14 lat=-12.590 lon=-47.400 mag=2.4 window=+/-120.0s r=1.0deg
  candidates=1 scored=1
  best=smi:org.gfz-potsdam.de/geofon/usp2015ybzk dt_s=0.110 dist_km=0.268 picks<=400.0km=1
MATCHED: 2015-11-24T23:55:20Z -> data/sisbra_all_w24/20151124T235520_usp2015xbgw_row3008 picks=1
[1047/3570] SISBRA 2015-12-27T22:48:40 lat=8.790 lon=-39.990 mag=4.5 window=+/-120.0s r=1.0deg
  candidates=1 scored=1
  best=smi:org.gfz-potsdam.de/geofon/usp2015ymww dt_s=0.984 dist_km=0.474 picks<=400.0km=4
MATCHED: 2015-12-09T14:49:53Z -> data/sisbra_all_w24/20151209T144953_usp2015ybzk_row3025 picks=1
[1048/3570] SISBRA 2015-12-28T19:24:17 lat=-0.410 lon=-19.740 mag=4.8 window=+/-120.0s r=1.0deg
  candidates=1 scored=1
  best=smi:org.gfz-potsdam.de/geofon/usp2015yjoy dt_s=0.182 dist_km=0.324 picks<=400.0km=4
MATCHED: 2015-12-15T14:02:39Z -> data/sisbra_all_w24/20151215T140239_usp2015ymww_row3033 picks=4
[1049/3570] SISBRA 2016-01-01T00:00:29 lat=-19.930 lon=-43.330 mag=1.7 window=+/-120.0s r=1.0deg
MATCHED: 2015-12-13T18:37:34Z -> data/sisbra_all_w24/20151213T183734_usp2015yjoy_row3030 picks=4
[1050/3570] SISBRA 2016-01-01T03:43:39 lat=-19.600 lon=-43.300 mag=1.9 window=+/-120.0s r=1.0deg
NO_MATCH: 2015-12-25T18:10:14Z -> data/sisbra_all_w24/20151225T181014_row3042
[1051/3570] SISBRA 2016-01-01T15:25:25 lat=-14.490 lon=-43.160 mag=2.8 window=+/-120.0s r=1.0deg
NO_MATCH: 2016-01-01T00:00:29Z -> data/sisbra_all_w24/20160101T000029_row3045
[1052/3570] SISBRA 2016-01-01T18:49:34 lat=-23.330 lon=-51.140 mag=1.9 window=+/-120.0s r=1.0deg
  candidates=1 scored=1
  best=smi:org.gfz-potsdam.de/geofon/usp2015ykob dt_s=0.635 dist_km=0.505 picks<=400.0km=2
NO_MATCH: 2016-01-01T03:43:39Z -> data/sisbra_all_w24/20160101T034339_row3046
[1053/3570] SISBRA 2016-01-03T00:25:36 lat=-2.520 lon=-45.090 mag=2.9 window=+/-120.0s r=1.0deg
MATCHED: 2015-12-14T07:19:55Z -> data/sisbra_all_w24/20151214T071955_usp2015ykob_row3031 picks=2
[1054/3570] SISBRA 2016-01-03T11:08:33 lat=-10.810 lon=-70.720 mag=4.4 window=+/-120.0s r=1.0deg
  candidates=1 scored=1
  best=smi:org.gfz-potsdam.de/geofon/usp2015ynio dt_s=0.884 dist_km=0.422 picks<=400.0km=4
MATCHED: 2015-12-15T19:57:10Z -> data/sisbra_all_w24/20151215T195710_usp2015ynio_row3034 picks=4
[1055/3570] SISBRA 2016-01-04T11:22:37 lat=-19.780 lon=-44.580 mag=2.1 window=+/-120.0s r=1.0deg
  candidates=1 scored=1
  best=smi:org.gfz-potsdam.de/geofon/usp2015xbjd dt_s=0.972 dist_km=0.675 picks<=400.0km=2
NO_MATCH: 2016-01-04T11:22:37Z -> data/sisbra_all_w24/20160104T112237_row3051
[1056/3570] SISBRA 2016-01-05T02:25:24 lat=-8.140 lon=-74.070 mag=4.4 window=+/-120.0s r=1.0deg
MATCHED: 2015-11-25T01:05:00Z -> data/sisbra_all_w24/20151125T010500_usp2015xbjd_row3009 picks=2
[1057/3570] SISBRA 2016-01-06T20:38:42 lat=-3.780 lon=-39.890 mag=2.6 window=+/-120.0s r=1.0deg
  candidates=1 scored=1
  best=smi:org.gfz-potsdam.de/geofon/usp2016aben dt_s=0.219 dist_km=0.570 picks<=400.0km=4
  candidates=1 scored=1
MATCHED: 2016-01-01T15:25:25Z -> data/sisbra_all_w24/20160101T152525_usp2016aben_row3047 picks=4
[1058/3570] SISBRA 2016-01-06T20:39:11 lat=-3.830 lon=-39.920 mag=2.4 window=+/-120.0s r=1.0deg
  best=smi:org.gfz-potsdam.de/geofon/usp2015yidc dt_s=0.598 dist_km=0.388 picks<=400.0km=0
  candidates=1 scored=1
  best=smi:org.gfz-potsdam.de/geofon/usp2015yjng dt_s=0.217 dist_km=0.743 picks<=400.0km=2
MATCHED: 2015-12-12T23:30:33Z -> data/sisbra_all_w24/20151212T233033_usp2015yidc_row3028 picks=0
[1059/3570] SISBRA 2016-01-09T01:58:22 lat=-12.900 lon=-44.700 mag=2.5 window=+/-120.0s r=1.0deg
MATCHED: 2015-12-13T17:46:19Z -> data/sisbra_all_w24/20151213T174619_usp2015yjng_row3029 picks=2
[1060/3570] SISBRA 2016-01-10T08:11:07 lat=7.360 lon=-34.300 mag=4.2 window=+/-120.0s r=1.0deg
  candidates=1 scored=1
  best=smi:org.gfz-potsdam.de/geofon/usp2015ytrr dt_s=0.430 dist_km=0.402 picks<=400.0km=4
  candidates=1 scored=1
  best=smi:org.gfz-potsdam.de/geofon/usp2016ablg dt_s=0.969 dist_km=6.005 picks<=400.0km=3
MATCHED: 2015-12-19T07:22:57Z -> data/sisbra_all_w24/20151219T072257_usp2015ytrr_row3038 picks=4
[1061/3570] SISBRA 2016-01-10T14:03:09 lat=-15.130 lon=-39.730 mag=3.0 window=+/-120.0s r=1.0deg
MATCHED: 2016-01-01T18:49:34Z -> data/sisbra_all_w24/20160101T184934_usp2016ablg_row3048 picks=3
[1062/3570] SISBRA 2016-01-11T02:39:36.600000 lat=-23.332 lon=-51.144 mag=1.6 window=+/-120.0s r=1.0deg
  candidates=1 scored=1
  candidates=1 scored=1
  best=smi:org.gfz-potsdam.de/geofon/usp2015yhac dt_s=0.990 dist_km=0.687 picks<=400.0km=6
  best=smi:org.gfz-potsdam.de/geofon/usp2015zlba dt_s=0.510 dist_km=0.238 picks<=400.0km=0
  candidates=2 scored=2
  best=smi:org.gfz-potsdam.de/geofon/usp2016aksj dt_s=0.370 dist_km=0.598 picks<=400.0km=2
  candidates=1 scored=1
  best=smi:org.gfz-potsdam.de/geofon/usp2015ypce dt_s=0.363 dist_km=0.251 picks<=400.0km=3
MATCHED: 2015-12-12T08:51:14Z -> data/sisbra_all_w24/20151212T085114_usp2015yhac_row3027 picks=6
[1063/3570] SISBRA 2016-01-11T03:31:06 lat=-15.150 lon=-39.820 mag=2.1 window=+/-120.0s r=1.0deg
MATCHED: 2015-12-28T19:24:17Z -> data/sisbra_all_w24/20151228T192417_usp2015zlba_row3044 picks=0
[1064/3570] SISBRA 2016-01-11T16:42:16.100000 lat=-23.330 lon=-51.145 mag=1.6 window=+/-120.0s r=1.0deg
MATCHED: 2016-01-06T20:39:11Z -> data/sisbra_all_w24/20160106T203911_usp2016aksj_row3054 picks=2
[1065/3570] SISBRA 2016-01-11T17:21:35 lat=-3.810 lon=-39.880 mag=2.3 window=+/-120.0s r=1.0deg
MATCHED: 2015-12-16T18:59:30Z -> data/sisbra_all_w24/20151216T185930_usp2015ypce_row3036 picks=3
[1066/3570] SISBRA 2016-01-12T03:44:35 lat=-22.880 lon=-50.790 mag=2.0 window=+/-120.0s r=1.0deg
  candidates=1 scored=1
  best=smi:org.gfz-potsdam.de/geofon/usp2016adrw dt_s=0.497 dist_km=6.456 picks<=400.0km=1
  candidates=1 scored=1
MATCHED: 2016-01-03T00:25:36Z -> data/sisbra_all_w24/20160103T002536_usp2016adrw_row3049 picks=1
[1067/3570] SISBRA 2016-01-12T11:51:10 lat=-8.800 lon=-73.710 mag=4.5 window=+/-120.0s r=1.0deg
  best=smi:org.gfz-potsdam.de/geofon/usp2015xcsf dt_s=0.454 dist_km=0.411 picks<=400.0km=1
NO_MATCH: 2016-01-11T16:42:16.100000Z -> data/sisbra_all_w24/20160111T164216_row3060
[1068/3570] SISBRA 2016-01-12T12:42:09.400000 lat=-23.341 lon=-51.139 mag=1.6 window=+/-120.0s r=1.0deg
  candidates=1 scored=1
  best=smi:org.gfz-potsdam.de/geofon/usp2016asmh dt_s=1.800 dist_km=6.555 picks<=400.0km=1
MATCHED: 2015-11-25T18:47:55Z -> data/sisbra_all_w24/20151125T184755_usp2015xcsf_row3013 picks=1
[1069/3570] SISBRA 2016-01-12T18:46:28 lat=-15.230 lon=-39.010 mag=1.8 window=+/-120.0s r=1.0deg
MATCHED: 2016-01-11T02:39:36.600000Z -> data/sisbra_all_w24/20160111T023934_usp2016asmh_row3058 picks=1
[1070/3570] SISBRA 2016-01-13T02:59:37 lat=-15.300 lon=-39.150 mag=1.6 window=+/-120.0s r=1.0deg
  candidates=1 scored=1
  best=smi:org.gfz-potsdam.de/geofon/usp2015zezp dt_s=0.649 dist_km=0.444 picks<=400.0km=0
  candidates=1 scored=1
  best=smi:org.gfz-potsdam.de/geofon/usp2015ytrc dt_s=0.360 dist_km=0.398 picks<=400.0km=4
MATCHED: 2015-12-25T11:52:16Z -> data/sisbra_all_w24/20151225T115216_usp2015zezp_row3041 picks=0
[1071/3570] SISBRA 2016-01-13T07:09:57 lat=-7.910 lon=-73.360 mag=3.8 window=+/-120.0s r=1.0deg
  candidates=1 scored=1
  best=smi:org.gfz-potsdam.de/geofon/usp2016avbr dt_s=0.191 dist_km=4.804 picks<=400.0km=5
  candidates=1 scored=1
  best=smi:org.gfz-potsdam.de/geofon/usp2016aoty dt_s=0.807 dist_km=0.330 picks<=400.0km=2
MATCHED: 2015-12-19T07:04:27Z -> data/sisbra_all_w24/20151219T070427_usp2015ytrc_row3037 picks=4
[1072/3570] SISBRA 2016-01-15T14:43:32 lat=-12.090 lon=-56.180 mag=2.8 window=+/-120.0s r=1.0deg
MATCHED: 2016-01-12T12:42:09.400000Z -> data/sisbra_all_w24/20160112T124209_usp2016avbr_row3064 picks=5
[1073/3570] SISBRA 2016-01-17T00:06:40 lat=-22.910 lon=-44.460 mag=2.5 window=+/-120.0s r=1.0deg
  candidates=1 scored=1
MATCHED: 2016-01-09T01:58:22Z -> data/sisbra_all_w24/20160109T015822_usp2016aoty_row3055 picks=2
[1074/3570] SISBRA 2016-01-17T01:53:05 lat=-17.080 lon=-43.160 mag=2.1 window=+/-120.0s r=1.0deg
  best=smi:org.gfz-potsdam.de/geofon/usp2015yuyw dt_s=0.258 dist_km=0.192 picks<=400.0km=0
  candidates=1 scored=1
  best=smi:org.gfz-potsdam.de/geofon/usp2016awdz dt_s=0.442 dist_km=0.331 picks<=400.0km=5
  candidates=1 scored=1
  best=smi:org.gfz-potsdam.de/geofon/usp2016atpk dt_s=0.402 dist_km=0.316 picks<=400.0km=4
MATCHED: 2015-12-20T00:08:43Z -> data/sisbra_all_w24/20151220T000843_usp2015yuyw_row3040 picks=0
[1075/3570] SISBRA 2016-01-17T07:19:06 lat=-20.260 lon=-43.970 mag=2.1 window=+/-120.0s r=1.0deg
MATCHED: 2016-01-13T02:59:37Z -> data/sisbra_all_w24/20160113T025937_usp2016awdz_row3066 picks=5
[1076/3570] SISBRA 2016-01-18T01:29:05 lat=-6.080 lon=-72.970 mag=4.4 window=+/-120.0s r=1.0deg
MATCHED: 2016-01-11T17:21:35Z -> data/sisbra_all_w24/20160111T172135_usp2016atpk_row3061 picks=4
[1077/3570] SISBRA 2016-01-18T03:19:02 lat=-3.800 lon=-39.900 mag=2.1 window=+/-120.0s r=1.0deg
NO_MATCH: 2016-01-17T01:53:05Z -> data/sisbra_all_w24/20160117T015305_row3070
[1078/3570] SISBRA 2016-01-18T18:29:12 lat=-14.300 lon=-50.700 mag=2.5 window=+/-120.0s r=1.0deg
  candidates=1 scored=1
  best=smi:org.gfz-potsdam.de/geofon/usp2016asnz dt_s=0.879 dist_km=0.663 picks<=400.0km=5
NO_MATCH: 2016-01-17T07:19:06Z -> data/sisbra_all_w24/20160117T071906_row3071
[1079/3570] SISBRA 2016-01-19T01:11:41 lat=-8.270 lon=-74.190 mag=4.0 window=+/-120.0s r=1.0deg
MATCHED: 2016-01-11T03:31:06Z -> data/sisbra_all_w24/20160111T033106_usp2016asnz_row3059 picks=5
[1080/3570] SISBRA 2016-01-19T09:58:01.300000 lat=-23.328 lon=-51.166 mag=1.5 window=+/-120.0s r=1.0deg
  candidates=1 scored=1
  candidates=1 scored=1
  best=smi:org.gfz-potsdam.de/geofon/usp2015ytwu dt_s=0.928 dist_km=0.440 picks<=400.0km=4
  best=smi:org.gfz-potsdam.de/geofon/usp2015xbgm dt_s=0.065 dist_km=0.241 picks<=400.0km=1
MATCHED: 2015-12-19T09:57:02Z -> data/sisbra_all_w24/20151219T095702_usp2015ytwu_row3039 picks=4
[1081/3570] SISBRA 2016-01-20T02:33:50 lat=1.630 lon=-60.910 mag=2.8 window=+/-120.0s r=1.0deg
  candidates=2 scored=2
  best=smi:org.gfz-potsdam.de/geofon/usp2016aksk dt_s=0.162 dist_km=0.574 picks<=400.0km=4
MATCHED: 2015-11-24T23:44:14Z -> data/sisbra_all_w24/20151124T234414_usp2015xbgm_row3007 picks=1
[1082/3570] SISBRA 2016-01-20T16:40:05 lat=-8.550 lon=-53.300 mag=3.4 window=+/-120.0s r=1.0deg
MATCHED: 2016-01-06T20:38:42Z -> data/sisbra_all_w24/20160106T203842_usp2016aksk_row3053 picks=4
[1083/3570] SISBRA 2016-01-21T16:13:09.500000 lat=-23.324 lon=-51.143 mag=1.9 window=+/-120.0s r=1.0deg
  candidates=1 scored=1
  best=smi:org.gfz-potsdam.de/geofon/usp2016avns dt_s=0.482 dist_km=0.498 picks<=400.0km=4
MATCHED: 2016-01-12T18:46:28Z -> data/sisbra_all_w24/20160112T184628_usp2016avns_row3065 picks=4
[1084/3570] SISBRA 2016-01-22T05:16:45 lat=-11.680 lon=-56.700 mag=2.7 window=+/-120.0s r=1.0deg
  candidates=1 scored=1
  best=smi:org.gfz-potsdam.de/geofon/usp2016bdgh dt_s=0.760 dist_km=6.714 picks<=400.0km=9
  candidates=1 scored=1
  best=smi:org.gfz-potsdam.de/geofon/usp2016bfem dt_s=0.318 dist_km=0.733 picks<=400.0km=1
MATCHED: 2016-01-17T00:06:40Z -> data/sisbra_all_w24/20160117T000640_usp2016bdgh_row3069 picks=9
[1085/3570] SISBRA 2016-01-26T14:21:43 lat=-26.860 lon=-52.020 mag=2.0 window=+/-120.0s r=1.0deg
MATCHED: 2016-01-18T01:29:05Z -> data/sisbra_all_w24/20160118T012905_usp2016bfem_row3072 picks=1
[1086/3570] SISBRA 2016-01-26T15:37:11 lat=0.290 lon=-30.340 mag=4.2 window=+/-120.0s r=1.0deg
  candidates=1 scored=1
  best=smi:org.gfz-potsdam.de/geofon/usp2016bhqu dt_s=0.240 dist_km=0.254 picks<=400.0km=1
MATCHED: 2016-01-19T09:58:01.300000Z -> data/sisbra_all_w24/20160119T095801_usp2016bhqu_row3076 picks=1
[1087/3570] SISBRA 2016-01-27T15:11:28 lat=0.350 lon=-28.900 mag=5.0 window=+/-120.0s r=1.0deg
  candidates=1 scored=1
  best=smi:org.gfz-potsdam.de/geofon/usp2016aujy dt_s=0.193 dist_km=0.383 picks<=400.0km=6
  candidates=1 scored=1
  best=smi:org.gfz-potsdam.de/geofon/usp2016arbs dt_s=0.392 dist_km=0.288 picks<=400.0km=0
  candidates=1 scored=1
MATCHED: 2016-01-12T03:44:35Z -> data/sisbra_all_w24/20160112T034435_usp2016aujy_row3062 picks=6
[1088/3570] SISBRA 2016-01-28T01:36:01 lat=-23.610 lon=-47.450 mag=2.4 window=+/-120.0s r=1.0deg
  best=smi:org.gfz-potsdam.de/geofon/usp2016auzz dt_s=0.590 dist_km=0.402 picks<=400.0km=1
MATCHED: 2016-01-10T08:11:07Z -> data/sisbra_all_w24/20160110T081107_usp2016arbs_row3056 picks=0
[1089/3570] SISBRA 2016-01-28T03:46:56 lat=1.010 lon=-28.640 mag=4.6 window=+/-120.0s r=1.0deg
  candidates=1 scored=1
  best=smi:org.gfz-potsdam.de/geofon/usp2016bgmd dt_s=0.535 dist_km=0.567 picks<=400.0km=4
MATCHED: 2016-01-12T11:51:10Z -> data/sisbra_all_w24/20160112T115110_usp2016auzz_row3063 picks=1
[1090/3570] SISBRA 2016-01-30T07:40:26 lat=-13.870 lon=-49.090 mag=2.7 window=+/-120.0s r=1.0deg
  candidates=1 scored=1
  best=smi:org.gfz-potsdam.de/geofon/usp2016aenb dt_s=1.209 dist_km=5.487 picks<=400.0km=0
MATCHED: 2016-01-18T18:29:12Z -> data/sisbra_all_w24/20160118T182912_usp2016bgmd_row3074 picks=4
[1091/3570] SISBRA 2016-01-31T07:41:51 lat=-8.390 lon=-74.140 mag=5.0 window=+/-120.0s r=1.0deg
  candidates=1 scored=1
  best=smi:org.gfz-potsdam.de/geofon/usp2015zjmg dt_s=0.286 dist_km=0.489 picks<=400.0km=0
MATCHED: 2016-01-03T11:08:33Z  candidates=1 scored=1
  best=smi:org.gfz-potsdam.de/geofon/usp2016base dt_s=0.370 dist_km=0.547 picks<=400.0km=3
 -> data/sisbra_all_w24/20160103T110834_usp2016aenb_row3050 picks=0
[1092/3570] SISBRA 2016-02-02T14:08:58 lat=-22.970 lon=-43.730 mag=2.2 window=+/-120.0s r=1.0deg
MATCHED: 2015-12-27T22:48:40Z -> data/sisbra_all_w24/20151227T224840_usp2015zjmg_row3043 picks=0
[1093/3570] SISBRA 2016-02-03T02:55:55.300000 lat=-23.345 lon=-51.197 mag=1.5 window=+/-120.0s r=1.0deg
MATCHED: 2016-01-15T14:43:32Z -> data/sisbra_all_w24/20160115T144332_usp2016base_row3068 picks=3
[1094/3570] SISBRA 2016-02-03T07:54:11 lat=-13.420 lon=-49.710 mag=1.5 window=+/-120.0s r=1.0deg
  candidates=1 scored=1
  best=smi:org.gfz-potsdam.de/geofon/usp2016buwm dt_s=0.761 dist_km=0.342 picks<=400.0km=0
  candidates=1 scored=1
  candidates=1 scored=1
  best=smi:org.gfz-potsdam.de/geofon/usp2016bfid dt_s=0.116 dist_km=0.129 picks<=400.0km=5
  best=smi:org.gfz-potsdam.de/geofon/usp2016ahmv dt_s=0.065 dist_km=0.444 picks<=400.0km=1
MATCHED: 2016-01-26T15:37:11Z -> data/sisbra_all_w24/20160126T153711_usp2016buwm_row3082 picks=0
[1095/3570] SISBRA 2016-02-03T18:04:50 lat=-20.370 lon=-44.040 mag=2.5 window=+/-120.0s r=1.0deg
MATCHED: 2016-01-18T03:19:02Z -> data/sisbra_all_w24/20160118T031902_usp2016bfid_row3073 picks=5
[1096/3570] SISBRA 2016-02-05T02:41:44 lat=-13.110 lon=-39.490 mag=2.0 window=+/-120.0s r=1.0deg
MATCHED: 2016-01-05T02:25:24Z -> data/sisbra_all_w24/20160105T022524_usp2016ahmv_row3052 picks=1
[1097/3570] SISBRA 2016-02-06T19:02:00 lat=-16.260 lon=-44.160 mag=1.7 window=+/-120.0s r=1.0deg
  candidates=1 scored=1
NO_MATCH: 2016-02-03T07:54:11Z -> data/sisbra_all_w24/20160203T075411_row3090
[1098/3570] SISBRA 2016-02-08T20:53:39 lat=-20.590 lon=-42.410 mag=1.9 window=+/-120.0s r=1.0deg
  best=smi:org.gfz-potsdam.de/geofon/usp2015xedq dt_s=0.886 dist_km=0.570 picks<=400.0km=1
NO_MATCH: 2016-02-03T02:55:55.300000Z -> data/sisbra_all_w24/20160203T025555_row3089
[1099/3570] SISBRA 2016-02-10T02:16:08 lat=-18.470 lon=-40.760 mag=1.8 window=+/-120.0s r=1.0deg
MATCHED: 2015-11-26T13:42:24Z -> data/sisbra_all_w24/20151126T134224_usp2015xedq_row3019 picks=1
[1100/3570] SISBRA 2016-02-12T02:10:04 lat=-22.040 lon=-40.750 mag=1.9 window=+/-120.0s r=1.0deg
  candidates=1 scored=1
  candidates=1 scored=1
  best=smi:org.gfz-potsdam.de/geofon/usp2016bmua dt_s=0.187 dist_km=0.265 picks<=400.0km=2
  candidates=1 scored=1
  best=smi:org.gfz-potsdam.de/geofon/usp2016bixq dt_s=3.464 dist_km=16.155 picks<=400.0km=1
  best=smi:org.gfz-potsdam.de/geofon/usp2015whpf dt_s=0.018 dist_km=0.149 picks<=400.0km=0
NO_MATCH: 2016-02-08T20:53:39Z -> data/sisbra_all_w24/20160208T205339_row3094
[1101/3570] SISBRA 2016-02-13T09:02:50 lat=-10.410 lon=-50.050 mag=2.6 window=+/-120.0s r=1.0deg
MATCHED: 2016-01-22T05:16:45Z -> data/sisbra_all_w24/20160122T051645_usp2016bmua_row3080 picks=2
[1102/3570] SISBRA 2016-02-14T02:50:56 lat=-18.900 lon=-48.270 mag=2.1 window=+/-120.0s r=1.0deg
MATCHED: 2015-11-14T05:25:35Z -> data/sisbra_all_w24/20151114T052535_usp2015whpf_row2995 picks=0
[1103/3570] SISBRA 2016-02-14T05:10:18 lat=-15.140 lon=-43.900 mag=2.4 window=+/-120.0s r=1.0deg
MATCHED: 2016-01-20T02:33:50Z -> data/sisbra_all_w24/20160120T023346_usp2016bixq_row3077 picks=1
[1104/3570] SISBRA 2016-02-14T06:05:33 lat=-12.960 lon=-39.510 mag=2.1 window=+/-120.0s r=1.0deg
  candidates=1 scored=1
  best=smi:org.gfz-potsdam.de/geofon/usp2016cbou dt_s=0.772 dist_km=0.145 picks<=400.0km=2
  candidates=1 scored=1
  best=smi:org.gfz-potsdam.de/geofon/usp2016blue dt_s=1.026 dist_km=2.343 picks<=400.0km=3
  candidates=1 scored=1
  candidates=1 scored=1
  best=smi:org.gfz-potsdam.de/geofon/usp2016bgzl dt_s=0.484 dist_km=0.664 picks<=400.0km=1
MATCHED: 2016-01-30T07:40:26Z -> data/sisbra_all_w24/20160130T074026_usp2016cbou_row3086 picks=2
[1105/3570] SISBRA 2016-02-15T02:35:28 lat=-19.960 lon=-41.530 mag=2.6 window=+/-120.0s r=1.0deg
  best=smi:org.gfz-potsdam.de/geofon/usp2016awmf dt_s=0.208 dist_km=0.335 picks<=400.0km=1
  candidates=1 scored=1
  best=smi:org.gfz-potsdam.de/geofon/usp2016buua dt_s=0.053 dist_km=0.598 picks<=400.0km=3
NO_MATCH: 2016-02-14T06:05:33Z -> data/sisbra_all_w24/20160214T060533_row3100
[1106/3570] SISBRA 2016-02-18T11:52:01 lat=-27.180 lon=-51.510 mag=2.3 window=+/-120.0s r=1.0deg
MATCHED: 2016-01-21T16:13:09.500000Z -> data/sisbra_all_w24/20160121T161310_usp2016blue_row3079 picks=3
[1107/3570] SISBRA 2016-02-22T04:29:26 lat=-5.750 lon=-50.530 mag=2.2 window=+/-120.0s r=1.0deg
MATCHED: 2016-01-19T01:11:41Z -> data/sisbra_all_w24/20160119T011141_usp2016bgzl_row3075 picks=1
[1108/3570] SISBRA 2016-02-23T02:11:45 lat=-19.760 lon=-46.840 mag=1.9 window=+/-120.0s r=1.0deg
MATCHED: 2016-01-13T07:09:57Z -> data/sisbra_all_w24/20160113T070957_usp2016awmf_row3067 picks=1
[1109/3570] SISBRA 2016-02-23T02:50:40 lat=-9.560 lon=-37.360 mag=2.3 window=+/-120.0s r=1.0deg
MATCHED: 2016-01-26T14:21:43Z -> data/sisbra_all_w24/20160126T142143_usp2016buua_row3081 picks=3
[1110/3570] SISBRA 2016-02-23T14:38:00 lat=-8.320 lon=-36.140 mag=2.0 window=+/-120.0s r=1.0deg
NO_MATCH: 2016-02-22T04:29:26Z -> data/sisbra_all_w24/20160222T042926_row3103
[1111/3570] SISBRA 2016-02-23T15:12:03 lat=-8.320 lon=-36.130 mag=2.2 window=+/-120.0s r=1.0deg
NO_MATCH: 2016-02-23T02:11:45Z -> data/sisbra_all_w24/20160223T021145_row3104
[1112/3570] SISBRA 2016-02-23T15:13:08 lat=-8.320 lon=-36.130 mag=1.8 window=+/-120.0s r=1.0deg
  candidates=1 scored=1
  best=smi:org.gfz-potsdam.de/geofon/usp2016cpfu dt_s=0.086 dist_km=5.589 picks<=400.0km=3
MATCHED: 2016-02-06T19:02:00Z -> data/sisbra_all_w24/20160206T190159_usp2016cpfu_row3093 picks=3
[1113/3570] SISBRA 2016-02-23T16:27:26 lat=-8.320 lon=-36.140 mag=2.3 window=+/-120.0s r=1.0deg
  candidates=1 scored=1
  best=smi:org.gfz-potsdam.de/geofon/usp2016arni dt_s=0.313 dist_km=0.533 picks<=400.0km=4
MATCHED: 2016-01-10T14:03:09Z -> data/sisbra_all_w24/20160110T140309_usp2016arni_row3057 picks=4
[1114/3570] SISBRA 2016-02-23T18:35:26 lat=-8.330 lon=-36.160 mag=3.8 window=+/-120.0s r=1.0deg
  candidates=1 scored=1
  best=smi:org.gfz-potsdam.de/geofon/usp2016bjzo dt_s=0.709 dist_km=0.507 picks<=400.0km=2
  candidates=1 scored=1
  best=smi:org.gfz-potsdam.de/geofon/usp2016cjrk dt_s=0.364 dist_km=0.404 picks<=400.0km=8
MATCHED: 2016-01-20T16:40:05Z -> data/sisbra_all_w24/20160120T164005_usp2016bjzo_row3078 picks=2
[1115/3570] SISBRA 2016-02-23T18:44:01 lat=-8.310 lon=-36.150 mag=1.5 window=+/-120.0s r=1.0deg
MATCHED: 2016-02-03T18:04:50Z -> data/sisbra_all_w24/20160203T180450_usp2016cjrk_row3091 picks=8
[1116/3570] SISBRA 2016-02-23T18:44:34 lat=-8.320 lon=-36.140 mag=2.0 window=+/-120.0s r=1.0deg
  candidates=1 scored=1
  best=smi:org.gfz-potsdam.de/geofon/usp2016bxlt dt_s=0.578 dist_km=0.551 picks<=400.0km=5
  candidates=1 scored=1
  candidates=1 scored=1
  candidates=1 scored=1
  candidates=1 scored=1
  best=smi:org.gfz-potsdam.de/geofon/usp2016cvgp dt_s=0.096 dist_km=0.491 picks<=400.0km=6
  best=smi:org.gfz-potsdam.de/geofon/usp2016dekt dt_s=0.574 dist_km=0.263 picks<=400.0km=8
MATCHED: 2016-01-28T01:36:01Z -> data/sisbra_all_w24/20160128T013601_usp2016bxlt_row3084 picks=5
[1117/3570] SISBRA 2016-02-23T18:55:00 lat=-8.320 lon=-36.140 mag=2.1 window=+/-120.0s r=1.0deg
  best=smi:org.gfz-potsdam.de/geofon/usp2015xdnx dt_s=1.049 dist_km=1.416 picks<=400.0km=1
  best=smi:org.gfz-potsdam.de/geofon/usp2015xdnx dt_s=0.049 dist_km=0.445 picks<=400.0km=1
  candidates=1 scored=1
  best=smi:org.gfz-potsdam.de/geofon/usp2016cyxk dt_s=0.607 dist_km=6.367 picks<=400.0km=5
MATCHED: 2016-02-15T02:35:28Z -> data/sisbra_all_w24/20160215T023528_usp2016dekt_row3101 picks=8
[1118/3570] SISBRA 2016-02-23T19:21:51 lat=-8.300 lon=-36.150 mag=2.4 window=+/-120.0s r=1.0deg
MATCHED: 2015-11-26T05:45:17Z -> data/sisbra_all_w24/20151126T054518_usp2015xdnx_row3016 picks=1
[1119/3570] SISBRA 2016-02-23T19:34:01 lat=-8.310 lon=-36.140 mag=1.6 window=+/-120.0s r=1.0deg
MATCHED: 2016-02-10T02:16:08Z -> data/sisbra_all_w24/20160210T021608_usp2016cvgp_row3095 picks=6
[1120/3570] SISBRA 2016-02-23T19:56:53 lat=-8.320 lon=-36.150 mag=1.8 window=+/-120.0s r=1.0deg
MATCHED: 2016-02-12T02:10:04Z -> data/sisbra_all_w24/20160212T021004_usp2016cyxk_row3096MATCHED: 2015-11-26T05:45:18Z -> data/sisbra_all_w24/20151126T054518_usp2015xdnx_row3017 picks=1
[1121/3570] SISBRA 2016-02-24T14:00:33 lat=-11.980 lon=-48.260 mag=1.8 window=+/-120.0s r=1.0deg
 picks=5
[1122/3570] SISBRA 2016-02-25T01:48:06 lat=-8.290 lon=-36.120 mag=2.1 window=+/-120.0s r=1.0deg
  candidates=1 scored=1
  best=smi:org.gfz-potsdam.de/geofon/usp2016ducg dt_s=0.152 dist_km=0.425 picks<=400.0km=6
  candidates=1 scored=1
  best=smi:org.gfz-potsdam.de/geofon/usp2016dcpu dt_s=0.882 dist_km=0.229 picks<=400.0km=5
MATCHED: 2016-02-23T16:27:26Z -> data/sisbra_all_w24/20160223T162726_usp2016ducg_row3109 picks=6
[1123/3570] SISBRA 2016-02-25T04:14:17 lat=-8.300 lon=-36.110 mag=1.9 window=+/-120.0s r=1.0deg
MATCHED: 2016-02-14T02:50:56Z -> data/sisbra_all_w24/20160214T025056_usp2016dcpu_row3098 picks=5
[1124/3570] SISBRA 2016-02-25T05:03:58 lat=-8.300 lon=-36.120 mag=1.9 window=+/-120.0s r=1.0deg
  candidates=1 scored=1
  candidates=1 scored=1
  best=smi:org.gfz-potsdam.de/geofon/usp2016dkpq dt_s=0.034 dist_km=0.243 picks<=400.0km=4
  best=smi:org.gfz-potsdam.de/geofon/usp2016bwrd dt_s=0.000 dist_km=0.491 picks<=400.0km=0
  candidates=1 scored=1
  best=smi:org.gfz-potsdam.de/geofon/usp2016dcuj dt_s=0.924 dist_km=0.283 picks<=400.0km=3
MATCHED: 2016-02-18T11:52:01Z -> data/sisbra_all_w24/20160218T115201_usp2016dkpq_row3102 picks=4
[1125/3570] SISBRA 2016-02-25T16:51:33 lat=-8.290 lon=-36.110 mag=2.3 window=+/-120.0s r=1.0deg
  candidates=1 scored=1
MATCHED: 2016-01-27T15:11:28Z -> data/sisbra_all_w24/20160127T151128_usp2016bwrd_row3083 picks=0
[1126/3570] SISBRA 2016-02-26T02:42:27 lat=-8.310 lon=-36.140 mag=2.0 window=+/-120.0s r=1.0deg
  best=smi:org.gfz-potsdam.de/geofon/usp2016dtyq dt_s=0.346 dist_km=0.530 picks<=400.0km=6
  candidates=1 scored=1
  best=smi:org.gfz-potsdam.de/geofon/usp2016choc dt_s=0.180 dist_km=0.571 picks<=400.0km=6
MATCHED: 2016-02-14T05:10:18Z -> data/sisbra_all_w24/20160214T051018_usp2016dcuj_row3099 picks=3
[1127/3570] SISBRA 2016-02-26T05:08:03 lat=-21.410 lon=-48.500 mag=2.1 window=+/-120.0s r=1.0deg
MATCHED: 2016-02-23T14:38:00Z -> data/sisbra_all_w24/20160223T143800_usp2016dtyq_row3106 picks=6
[1128/3570] SISBRA 2016-02-26T05:29:39 lat=-9.010 lon=-58.620 mag=3.0 window=+/-120.0s r=1.0deg
MATCHED: 2016-02-02T14:08:58Z -> data/sisbra_all_w24/20160202T140858_usp2016choc_row3088 picks=6
[1129/3570] SISBRA 2016-02-26T20:01:07 lat=-22.240 lon=-45.920 mag=1.7 window=+/-120.0s r=1.0deg
  candidates=1 scored=1
  best=smi:org.gfz-potsdam.de/geofon/usp2016cmdy dt_s=0.013 dist_km=7.057 picks<=400.0km=6
  candidates=1 scored=1
  best=smi:org.gfz-potsdam.de/geofon/usp2016duhz dt_s=0.463 dist_km=0.549 picks<=400.0km=7
  candidates=1 scored=1
  best=smi:org.gfz-potsdam.de/geofon/usp2016dvsx dt_s=0.361 dist_km=0.057 picks<=400.0km=2
MATCHED: 2016-02-23T19:21:51Z -> data/sisbra_all_w24/20160223T192151_usp2016duhz_row3114 picks=7
[1130/3570] SISBRA 2016-03-01T12:25:06 lat=-8.310 lon=-36.140 mag=2.2 window=+/-120.0s r=1.0deg
MATCHED: 2016-02-05T02:41:44Z -> data/sisbra_all_w24/20160205T024144_usp2016cmdy_row3092 picks=6
[1131/3570] SISBRA 2016-03-01T18:01:58 lat=-20.300 lon=-44.070 mag=2.6 window=+/-120.0s r=1.0deg
MATCHED: 2016-02-24T14:00:33Z -> data/sisbra_all_w24/20160224T140033_usp2016dvsx_row3117 picks=2
[1132/3570] SISBRA 2016-03-02T05:19:17 lat=-8.320 lon=-36.170 mag=3.5 window=+/-120.0s r=1.0deg
  candidates=1 scored=1
  best=smi:org.gfz-potsdam.de/geofon/usp2016dtbh dt_s=0.059 dist_km=5.942 picks<=400.0km=7
  candidates=1 scored=1
  best=smi:org.gfz-potsdam.de/geofon/usp2016dzvu dt_s=0.686 dist_km=0.465 picks<=400.0km=3
MATCHED: 2016-02-23T02:50:40Z -> data/sisbra_all_w24/20160223T025039_usp2016dtbh_row3105 picks=7
[1133/3570] SISBRA 2016-03-02T06:59:14 lat=-11.540 lon=-56.730 mag=2.5 window=+/-120.0s r=1.0deg
MATCHED: 2016-02-26T20:01:07Z -> data/sisbra_all_w24/20160226T200107_usp2016dzvu_row3125 picks=3
[1134/3570] SISBRA 2016-03-03T16:51:20 lat=-1.540 lon=-59.000 mag=3.9 window=+/-120.0s r=1.0deg
  candidates=1 scored=1
  best=smi:org.gfz-potsdam.de/geofon/usp2016duik dt_s=0.465 dist_km=0.243 picks<=400.0km=6
MATCHED: 2016-02-23T19:34:01Z -> data/sisbra_all_w24/20160223T193401_usp2016duik_row3115 picks=6
[1135/3570] SISBRA 2016-03-04T00:10:56 lat=-9.640 lon=-36.840 mag=2.2 window=+/-120.0s r=1.0deg
  candidates=1 scored=1
  best=smi:org.gfz-potsdam.de/geofon/usp2016egot dt_s=0.836 dist_km=0.462 picks<=400.0km=7
MATCHED: 2016-03-01T12:25:06Z -> data/sisbra_all_w24/20160301T122506_usp2016egot_row3126 picks=7
[1136/3570] SISBRA 2016-03-04T00:56:30 lat=-8.360 lon=-36.120 mag=1.4 window=+/-120.0s r=1.0deg
  candidates=2 scored=2
  best=smi:org.gfz-potsdam.de/geofon/usp2016dtzt dt_s=0.422 dist_km=0.663 picks<=400.0km=6
MATCHED: 2016-02-23T15:12:03Z -> data/sisbra_all_w24/20160223T151203_usp2016dtzt_row3107 picks=6
[1137/3570] SISBRA 2016-03-04T10:47:23 lat=-19.430 lon=-56.350 mag=3.5 window=+/-120.0s r=1.0deg
  candidates=1 scored=1
  best=smi:org.gfz-potsdam.de/geofon/usp2016dwvb dt_s=0.830 dist_km=0.507 picks<=400.0km=7
  candidates=1 scored=1
  best=smi:org.gfz-potsdam.de/geofon/usp2016dysi dt_s=0.243 dist_km=0.224 picks<=400.0km=3
  candidates=2 scored=2
  best=smi:org.gfz-potsdam.de/geofon/usp2016dtzu dt_s=0.568 dist_km=0.529 picks<=400.0km=5
  candidates=1 scored=1
  best=smi:org.gfz-potsdam.de/geofon/usp2016dwws dt_s=0.070 dist_km=0.419 picks<=400.0km=7
MATCHED: 2016-02-25T04:14:17Z -> data/sisbra_all_w24/20160225T041417_usp2016dwvb_row3119 picks=7
[1138/3570] SISBRA 2016-03-05T20:41:54 lat=-8.280 lon=-36.100 mag=2.2 window=+/-120.0s r=1.0deg
MATCHED: 2016-02-26T05:08:03Z -> data/sisbra_all_w24/20160226T050803_usp2016dysi_row3123 picks=3
[1139/3570] SISBRA 2016-03-05T22:51:58 lat=-18.820 lon=-44.720 mag=2.3 window=+/-120.0s r=1.0deg
  candidates=1 scored=1
  best=smi:org.gfz-potsdam.de/geofon/usp2016dytb dt_s=0.963 dist_km=0.314 picks<=400.0km=2
MATCHED: 2016-02-23T15:13:08Z -> data/sisbra_all_w24/20160223T151308_usp2016dtzu_row3108 picks=5
[1140/3570] SISBRA 2016-03-06T00:02:38 lat=-16.100 lon=-41.740 mag=1.8 window=+/-120.0s r=1.0deg
MATCHED: 2016-02-25T05:03:58Z -> data/sisbra_all_w24/20160225T050358_usp2016dwws_row3120 picks=7
[1141/3570] SISBRA 2016-03-06T04:53:43 lat=-22.030 lon=-45.170 mag=2.0 window=+/-120.0s r=1.0deg
MATCHED: 2016-02-26T05:29:39Z -> data/sisbra_all_w24/20160226T052939_usp2016dytb_row3124 picks=2
[1142/3570] SISBRA 2016-03-06T20:02:32 lat=-5.860 lon=-38.840 mag=1.7 window=+/-120.0s r=1.0deg
  candidates=1 scored=1
  best=smi:org.gfz-potsdam.de/geofon/usp2016duhc dt_s=0.137 dist_km=0.413 picks<=400.0km=9
MATCHED: 2016-02-23T18:55:00Z -> data/sisbra_all_w24/20160223T185500_usp2016duhc_row3113 picks=9
[1143/3570] SISBRA 2016-03-06T20:08:45 lat=-5.870 lon=-38.880 mag=2.6 window=+/-120.0s r=1.0deg
  candidates=1 scored=1
  candidates=2 scored=2
  best=smi:org.gfz-potsdam.de/geofon/usp2016dynn dt_s=0.981 dist_km=0.573 picks<=400.0km=7
  best=smi:org.gfz-potsdam.de/geofon/usp2016dbgp dt_s=0.457 dist_km=0.475 picks<=400.0km=2
NO_MATCH: 2016-03-06T04:53:43Z -> data/sisbra_all_w24/20160306T045343_row3137
[1144/3570] SISBRA 2016-03-06T20:29:29 lat=-5.870 lon=-38.860 mag=2.8 window=+/-120.0s r=1.0deg
  candidates=1 scored=1
  best=smi:org.gfz-potsdam.de/geofon/usp2016dwqg dt_s=0.920 dist_km=0.447 picks<=400.0km=7
NO_MATCH: 2016-03-06T00:02:38Z -> data/sisbra_all_w24/20160306T000238_row3136
[1145/3570] SISBRA 2016-03-07T15:35:04 lat=-20.460 lon=-44.040 mag=2.5 window=+/-120.0s r=1.0deg
MATCHED: 2016-02-13T09:02:50Z -> data/sisbra_all_w24/20160213T090250_usp2016dbgp_row3097 picks=2
[1146/3570] SISBRA 2016-03-09T19:00:03 lat=-9.420 lon=-35.820 mag=2.6 window=+/-120.0s r=1.0deg
MATCHED: 2016-02-26T02:42:27Z -> data/sisbra_all_w24/20160226T024227_usp2016dynn_row3122 picks=7
[1147/3570] SISBRA 2016-03-10T14:38:01 lat=-1.520 lon=-58.890 mag=2.3 window=+/-120.0s r=1.0deg
  candidates=1 scored=1
  best=smi:org.gfz-potsdam.de/geofon/usp2015xezt dt_s=0.623 dist_km=0.266 picks<=400.0km=1
MATCHED: 2016-02-25T01:48:06Z -> data/sisbra_all_w24/20160225T014806_usp2016dwqg_row3118 picks=7
[1148/3570] SISBRA 2016-03-10T18:25:50 lat=-20.370 lon=-44.030 mag=2.5 window=+/-120.0s r=1.0deg
  candidates=1 scored=1
  best=smi:org.gfz-potsdam.de/geofon/usp2016ehzn dt_s=0.942 dist_km=0.552 picks<=400.0km=2  candidates=1 scored=1
  best=smi:org.gfz-potsdam.de/geofon/usp2016dujd dt_s=0.440 dist_km=0.574 picks<=400.0km=7

MATCHED: 2015-11-27T00:52:54Z -> data/sisbra_all_w24/20151127T005254_usp2015xezt_row3021 picks=1
[1149/3570] SISBRA 2016-03-11T02:48:19 lat=-23.440 lon=-46.430 mag=2.1 window=+/-120.0s r=1.0deg
  candidates=1 scored=1
  best=smi:org.gfz-potsdam.de/geofon/usp2016dxua dt_s=0.183 dist_km=0.496 picks<=400.0km=7
MATCHED: 2016-02-23T19:56:53Z -> data/sisbra_all_w24/20160223T195653_usp2016dujd_row3116 picks=7
[1150/3570] SISBRA 2016-03-12T00:14:05 lat=-7.500 lon=-73.400 mag=4.1 window=+/-120.0s r=1.0deg
MATCHED: 2016-03-02T06:59:14Z -> data/sisbra_all_w24/20160302T065914_usp2016ehzn_row3129 picks=2
[1151/3570] SISBRA 2016-03-12T05:37:35 lat=-21.370 lon=-48.570 mag=0.9 window=+/-120.0s r=1.0deg
NO_MATCH: 2016-03-10T14:38:01Z -> data/sisbra_all_w24/20160310T143801_row3143
[1152/3570] SISBRA 2016-03-12T07:31:13 lat=-21.370 lon=-48.570 mag=1.2 window=+/-120.0s r=1.0deg
MATCHED: 2016-02-25T16:51:33Z -> data/sisbra_all_w24/20160225T165133_usp2016dxua_row3121 picks=7
[1153/3570] SISBRA 2016-03-13T03:33:20 lat=-11.320 lon=-40.600 mag=2.4 window=+/-120.0s r=1.0deg
  candidates=2 scored=2
  best=smi:org.gfz-potsdam.de/geofon/usp2016dugt dt_s=0.419 dist_km=0.434 picks<=400.0km=5
MATCHED: 2016-02-23T18:44:01Z -> data/sisbra_all_w24/20160223T184401_usp2016dugt_row3111 picks=5
[1154/3570] SISBRA 2016-03-14T09:48:16 lat=-5.900 lon=-38.840 mag=3.4 window=+/-120.0s r=1.0deg
  candidates=1 scored=1
NO_MATCH: 2016-03-13T03:33:20Z -> data/sisbra_all_w24/20160313T033320_row3149
[1155/3570] SISBRA 2016-03-16T18:42:45 lat=-8.310 lon=-36.130 mag=2.1 window=+/-120.0s r=1.0deg
  best=smi:org.gfz-potsdam.de/geofon/usp2016bxqb dt_s=0.590 dist_km=0.556 picks<=400.0km=0
MATCHED: 2016-01-28T03:46:56Z -> data/sisbra_all_w24/20160128T034656_usp2016bxqb_row3085 picks=0
[1156/3570] SISBRA 2016-03-16T20:47:07 lat=-23.550 lon=-47.200 mag=2.2 window=+/-120.0s r=1.0deg
  candidates=2 scored=2
  best=smi:org.gfz-potsdam.de/geofon/usp2016dugu dt_s=0.376 dist_km=0.238 picks<=400.0km=6
  candidates=1 scored=1
  best=smi:org.gfz-potsdam.de/geofon/usp2016eqhj dt_s=0.371 dist_km=0.149 picks<=400.0km=7
MATCHED: 2016-03-06T20:02:32Z -> data/sisbra_all_w24/20160306T200232_usp2016eqhj_row3138 picks=7
[1157/3570] SISBRA 2016-03-16T20:48:25 lat=-23.540 lon=-47.180 mag=2.2 window=+/-120.0s r=1.0deg
MATCHED: 2016-02-23T18:44:34Z -> data/sisbra_all_w24/20160223T184434_usp2016dugu_row3112 picks=6
[1158/3570] SISBRA 2016-03-17T03:22:34 lat=-19.950 lon=-44.200 mag=2.3 window=+/-120.0s r=1.0deg
  candidates=1 scored=1
  best=smi:org.gfz-potsdam.de/geofon/usp2016eldb dt_s=0.167 dist_km=1.999 picks<=400.0km=7
MATCHED: 2016-03-04T00:10:56Z -> data/sisbra_all_w24/20160304T001055_usp2016eldb_row3131 picks=7
[1159/3570] SISBRA 2016-03-18T04:59:59 lat=-8.360 lon=-36.070 mag=2.0 window=+/-120.0s r=1.0deg
  candidates=1 scored=1
  candidates=1 scored=1
  best=smi:org.gfz-potsdam.de/geofon/usp2016fahp dt_s=0.000 dist_km=0.303 picks<=400.0km=2
  candidates=1 scored=1
  candidates=1 scored=1
  best=smi:org.gfz-potsdam.de/geofon/usp2016eone dt_s=0.045 dist_km=0.415 picks<=400.0km=7
  best=smi:org.gfz-potsdam.de/geofon/usp2016cdki dt_s=0.948 dist_km=0.391 picks<=400.0km=1
  best=smi:org.gfz-potsdam.de/geofon/usp2016eorl dt_s=1.218 dist_km=1.093 picks<=400.0km=4
MATCHED: 2016-03-12T07:31:13Z -> data/sisbra_all_w24/20160312T073113_usp2016fahp_row3148 picks=2
[1160/3570] SISBRA 2016-03-20T02:50:46 lat=-12.810 lon=-39.160 mag=2.1 window=+/-120.0s r=1.0deg
MATCHED: 2016-03-05T22:51:58Z -> data/sisbra_all_w24/20160305T225159_usp2016eorl_row3135 picks=4
[1161/3570] SISBRA 2016-03-21T08:12:05 lat=-21.380 lon=-48.580 mag=2.0 window=+/-120.0s r=1.0deg
  candidates=1 scored=1
  candidates=1 scored=1
  best=smi:org.gfz-potsdam.de/geofon/usp2016fadw dt_s=0.000 dist_km=0.634 picks<=400.0km=2
  best=smi:org.gfz-potsdam.de/geofon/usp2016dugl dt_s=0.807 dist_km=0.692 picks<=400.0km=6
MATCHED: 2016-01-31T07:41:51Z -> data/sisbra_all_w24/20160131T074151_usp2016cdki_row3087 picks=1
[1162/3570] SISBRA 2016-03-21T19:14:00 lat=-21.370 lon=-48.570 mag=1.3 window=+/-120.0s r=1.0deg
  candidates=1 scored=1
  best=smi:org.gfz-potsdam.de/geofon/usp2016eleo dt_s=0.842 dist_km=0.350 picks<=400.0km=6
MATCHED: 2016-03-05T20:41:54Z -> data/sisbra_all_w24/20160305T204154_usp2016eone_row3134 picks=7
[1163/3570] SISBRA 2016-03-22T13:45:58 lat=-15.220 lon=-43.950 mag=2.2 window=+/-120.0s r=1.0deg
NO_MATCH: 2016-03-18T04:59:59Z -> data/sisbra_all_w24/20160318T045959_row3155
[1164/3570] SISBRA 2016-03-23T01:38:14 lat=-15.210 lon=-43.960 mag=2.1 window=+/-120.0s r=1.0deg
  candidates=1 scored=1
MATCHED: 2016-02-23T18:35:26Z -> data/sisbra_all_w24/20160223T183526_usp2016dugl_row3110 picks=6
[1165/3570] SISBRA 2016-03-23T02:58:50 lat=-21.400 lon=-48.540 mag=1.8 window=+/-120.0s r=1.0deg
MATCHED: 2016-03-12T05:37:35Z -> data/sisbra_all_w24/20160312T053735_usp2016fadw_row3147 picks=2
[1166/3570] SISBRA 2016-03-23T08:26:19 lat=-8.300 lon=-36.150 mag=2.3 window=+/-120.0s r=1.0deg
  best=smi:org.gfz-potsdam.de/geofon/usp2016ekoo dt_s=0.923 dist_km=0.341 picks<=400.0km=1
NO_MATCH: 2016-03-20T02:50:46Z -> data/sisbra_all_w24/20160320T025046_row3156
[1167/3570] SISBRA 2016-03-24T01:49:43 lat=-19.560 lon=-44.070 mag=2.0 window=+/-120.0s r=1.0deg
  candidates=1 scored=1
  best=smi:org.gfz-potsdam.de/geofon/usp2016eyct dt_s=0.437 dist_km=0.478 picks<=400.0km=4
MATCHED: 2016-03-04T00:56:30Z -> data/sisbra_all_w24/20160304T005630_usp2016eleo_row3132 picks=6
[1168/3570] SISBRA 2016-03-24T03:14:18 lat=-7.660 lon=-73.930 mag=4.1 window=+/-120.0s r=1.0deg
MATCHED: 2016-03-03T16:51:20Z -> data/sisbra_all_w24/20160303T165120_usp2016ekoo_row3130 picks=1
[1169/3570] SISBRA 2016-03-24T08:05:26 lat=-19.370 lon=-44.270 mag=3.1 window=+/-120.0s r=1.0deg
MATCHED: 2016-03-11T02:48:19Z -> data/sisbra_all_w24/20160311T024819_usp2016eyct_row3145 picks=4
[1170/3570] SISBRA 2016-03-24T12:38:12 lat=-19.560 lon=-44.090 mag=2.6 window=+/-120.0s r=1.0deg
NO_MATCH: 2016-03-22T13:45:58Z -> data/sisbra_all_w24/20160322T134558_row3159
[1171/3570] SISBRA 2016-03-24T13:54:36 lat=-19.470 lon=-44.160 mag=2.6 window=+/-120.0s r=1.0deg
  candidates=1 scored=1
  best=smi:org.gfz-potsdam.de/geofon/usp2016elyb dt_s=0.293 dist_km=0.199 picks<=400.0km=3
MATCHED: 2016-03-04T10:47:23Z -> data/sisbra_all_w24/20160304T104723_usp2016elyb_row3133 picks=3
[1172/3570] SISBRA 2016-03-24T14:48:15 lat=-20.480 lon=-55.700 mag=0.7 window=+/-120.0s r=1.0deg
  candidates=1 scored=1
  best=smi:org.gfz-potsdam.de/geofon/usp2016egzx dt_s=0.497 dist_km=0.384 picks<=400.0km=9
  candidates=1 scored=1
  best=smi:org.gfz-potsdam.de/geofon/usp2016exme dt_s=0.869 dist_km=0.188 picks<=400.0km=10
MATCHED: 2016-03-10T18:25:50Z -> data/sisbra_all_w24/20160310T182550_usp2016exme_row3144 picks=10
[1173/3570] SISBRA 2016-03-24T16:33:58 lat=-15.320 lon=-43.880 mag=2.6 window=+/-120.0s r=1.0deg
MATCHED: 2016-03-01T18:01:58Z -> data/sisbra_all_w24/20160301T180158_usp2016egzx_row3127 picks=9
[1174/3570] SISBRA 2016-03-24T20:42:13 lat=-19.490 lon=-44.200 mag=1.9 window=+/-120.0s r=1.0deg
  candidates=1 scored=1
  best=smi:org.gfz-potsdam.de/geofon/usp2016frpw dt_s=0.000 dist_km=0.481 picks<=400.0km=1
NO_MATCH: 2016-03-24T16:33:58Z -> data/sisbra_all_w24/20160324T163358_row3169
[1175/3570] SISBRA 2016-03-25T19:35:39 lat=-26.530 lon=-57.840 mag=2.5 window=+/-120.0s r=1.0deg
NO_MATCH: 2016-03-24T20:42:13Z -> data/sisbra_all_w24/20160324T204213_row3170
[1176/3570] SISBRA 2016-03-26T15:50:22 lat=-21.370 lon=-57.060 mag=3.1 window=+/-120.0s r=1.0deg
  candidates=1 scored=1
  best=smi:org.gfz-potsdam.de/geofon/usp2016ezte dt_s=0.766 dist_km=0.489 picks<=400.0km=1
MATCHED: 2016-03-21T19:14:00Z -> data/sisbra_all_w24/20160321T191400_usp2016frpw_row3158 picks=1
[1177/3570] SISBRA 2016-03-27T11:07:22 lat=-21.970 lon=-50.380 mag=3.1 window=+/-120.0s r=1.0deg
MATCHED: 2016-03-12T00:14:05Z -> data/sisbra_all_w24/20160312T001405_usp2016ezte_row3146 picks=1
[1178/3570] SISBRA 2016-03-27T18:54:56 lat=-26.580 lon=-49.250 mag=2.4 window=+/-120.0s r=1.0deg
NO_MATCH: 2016-03-25T19:35:39Z -> data/sisbra_all_w24/20160325T193539_row3171
[1179/3570] SISBRA 2016-03-28T01:33:55 lat=-17.790 lon=-51.090 mag=2.3 window=+/-120.0s r=1.0deg
  candidates=1 scored=1
  best=smi:org.gfz-potsdam.de/geofon/usp2016fwub dt_s=0.000 dist_km=0.465 picks<=400.0km=1
MATCHED: 2016-03-24T14:48:15Z -> data/sisbra_all_w24/20160324T144815_usp2016fwub_row3168 picks=1
[1180/3570] SISBRA 2016-03-28T02:41:41 lat=-17.830 lon=-51.060 mag=2.5 window=+/-120.0s r=1.0deg
  candidates=2 scored=2
  candidates=1 scored=1
  best=smi:org.gfz-potsdam.de/geofon/usp2016fipx dt_s=0.000 dist_km=0.165 picks<=400.0km=5
  best=smi:org.gfz-potsdam.de/geofon/usp2016eqho dt_s=0.359 dist_km=0.707 picks<=400.0km=7
  candidates=1 scored=1
  best=smi:org.gfz-potsdam.de/geofon/usp2016fubd dt_s=0.248 dist_km=0.501 picks<=400.0km=2
MATCHED: 2016-03-16T20:48:25Z -> data/sisbra_all_w24/20160316T204825_usp2016fipx_row3153 picks=5
[1181/3570] SISBRA 2016-03-29T02:28:26 lat=-8.520 lon=-35.990 mag=1.5 window=+/-120.0s r=1.0deg
  candidates=1 scored=1
  best=smi:org.gfz-potsdam.de/geofon/usp2016fvuj dt_s=0.381 dist_km=0.411 picks<=400.0km=3
NO_MATCH: 2016-03-28T01:33:55Z -> data/sisbra_all_w24/20160328T013355_row3175
[1182/3570] SISBRA 2016-03-29T02:30:14 lat=-8.250 lon=-36.110 mag=1.5 window=+/-120.0s r=1.0deg
MATCHED: 2016-03-23T02:58:50Z -> data/sisbra_all_w24/20160323T025850_usp2016fubd_row3161 picks=2
[1183/3570] SISBRA 2016-03-29T03:35:20 lat=-13.700 lon=-49.070 mag=2.0 window=+/-120.0s r=1.0deg
MATCHED: 2016-03-24T01:49:43Z -> data/sisbra_all_w24/20160324T014943_usp2016fvuj_row3163 picks=3
[1184/3570] SISBRA 2016-03-29T10:09:57 lat=-23.690 lon=-42.680 mag=2.0 window=+/-120.0s r=1.0deg
  candidates=1 scored=1
  best=smi:org.gfz-potsdam.de/geofon/usp2016fqum dt_s=0.453 dist_km=0.510 picks<=400.0km=3
MATCHED: 2016-03-06T20:08:45Z -> data/sisbra_all_w24/20160306T200845_usp2016eqho_row3139 picks=7
[1185/3570] SISBRA 2016-04-01T02:31:03 lat=-8.510 lon=-36.040 mag=1.9 window=+/-120.0s r=1.0deg
MATCHED: 2016-03-21T08:12:05Z -> data/sisbra_all_w24/20160321T081205_usp2016fqum_row3157 picks=3
[1186/3570] SISBRA 2016-04-01T02:44:46 lat=-8.340 lon=-36.090 mag=1.8 window=+/-120.0s r=1.0deg
NO_MATCH: 2016-03-29T10:09:57Z -> data/sisbra_all_w24/20160329T100957_row3180
[1187/3570] SISBRA 2016-04-01T14:29:17 lat=-15.210 lon=-43.890 mag=2.7 window=+/-120.0s r=1.0deg
NO_MATCH: 2016-04-01T02:31:03Z -> data/sisbra_all_w24/20160401T023103_row3181
[1188/3570] SISBRA 2016-04-01T18:56:53 lat=-20.490 lon=-44.160 mag=2.4 window=+/-120.0s r=1.0deg
NO_MATCH: 2016-04-01T02:44:46Z -> data/sisbra_all_w24/20160401T024446_row3182
[1189/3570] SISBRA 2016-04-01T20:02:14 lat=-16.700 lon=-43.980 mag=2.1 window=+/-120.0s r=1.0deg
  candidates=1 scored=1
  best=smi:org.gfz-potsdam.de/geofon/usp2016evrv dt_s=0.383 dist_km=4.142 picks<=400.0km=7
  candidates=1 scored=1
  best=smi:org.gfz-potsdam.de/geofon/usp2016filt dt_s=0.815 dist_km=0.351 picks<=400.0km=6
  candidates=1 scored=1
  best=smi:org.gfz-potsdam.de/geofon/usp2016erub dt_s=0.103 dist_km=0.562 picks<=400.0km=8
MATCHED: 2016-03-09T19:00:03Z -> data/sisbra_all_w24/20160309T190003_usp2016evrv_row3142 picks=7
[1190/3570] SISBRA 2016-04-02T00:17:40 lat=-8.310 lon=-36.090 mag=1.6 window=+/-120.0s r=1.0deg
  candidates=2 scored=2
  best=smi:org.gfz-potsdam.de/geofon/usp2016fipw dt_s=0.281 dist_km=0.247 picks<=400.0km=6
MATCHED: 2016-03-16T18:42:45Z -> data/sisbra_all_w24/20160316T184245_usp2016filt_row3151 picks=6
[1191/3570] SISBRA 2016-04-04T18:23:14 lat=-23.360 lon=-46.510 mag=2.2 window=+/-120.0s r=1.0deg
MATCHED: 2016-03-16T20:47:07Z -> data/sisbra_all_w24/20160316T204707_usp2016fipw_row3152 picks=6
[1192/3570] SISBRA 2016-04-05T04:33:55 lat=-21.400 lon=-43.760 mag=2.1 window=+/-120.0s r=1.0deg
NO_MATCH: 2016-04-01T20:02:14Z -> data/sisbra_all_w24/20160401T200214_row3185
[1193/3570] SISBRA 2016-04-05T09:36:22 lat=-23.380 lon=-46.560 mag=2.2 window=+/-120.0s r=1.0deg
  candidates=1 scored=1
  best=smi:org.gfz-potsdam.de/geofon/usp2016fuly dt_s=0.173 dist_km=0.385 picks<=400.0km=4
MATCHED: 2016-03-07T15:35:04Z -> data/sisbra_all_w24/20160307T153504_usp2016erub_row3141 picks=8
[1194/3570] SISBRA 2016-04-06T00:27:58 lat=-19.470 lon=-44.130 mag=2.4 window=+/-120.0s r=1.0deg
NO_MATCH: 2016-04-02T00:17:40Z -> data/sisbra_all_w24/20160402T001740_row3186
[1195/3570] SISBRA 2016-04-06T00:47:35 lat=-19.480 lon=-44.100 mag=2.2 window=+/-120.0s r=1.0deg
MATCHED: 2016-03-23T08:26:19Z -> data/sisbra_all_w24/20160323T082619_usp2016fuly_row3162 picks=4
[1196/3570] SISBRA 2016-04-06T07:40:48 lat=-7.550 lon=-48.310 mag=2.2 window=+/-120.0s r=1.0deg
  candidates=1 scored=1
  best=smi:org.gfz-potsdam.de/geofon/usp2016ftym dt_s=0.439 dist_km=0.518 picks<=400.0km=3
MATCHED: 2016-03-23T01:38:14Z -> data/sisbra_all_w24/20160323T013814_usp2016ftym_row3160 picks=3
[1197/3570] SISBRA 2016-04-07T10:23:50 lat=-19.410 lon=-44.120 mag=2.1 window=+/-120.0s r=1.0deg
  candidates=1 scored=1
  best=smi:org.gfz-potsdam.de/geofon/usp2016ehwf dt_s=0.292 dist_km=0.319 picks<=400.0km=7
NO_MATCH: 2016-04-06T07:40:48Z -> data/sisbra_all_w24/20160406T074048_row3192
[1198/3570] SISBRA 2016-04-08T00:05:07 lat=-11.650 lon=-56.690 mag=2.7 window=+/-120.0s r=1.0deg
MATCHED: 2016-03-02T05:19:17Z -> data/sisbra_all_w24/20160302T051917_usp2016ehwf_row3128 picks=7
[1199/3570] SISBRA 2016-04-08T04:35:04 lat=-36.330 lon=-45.780 mag=4.4 window=+/-120.0s r=1.0deg
  candidates=2 scored=2
  best=smi:org.gfz-potsdam.de/geofon/usp2016eqih dt_s=0.393 dist_km=0.236 picks<=400.0km=11
NO_MATCH: 2016-04-07T10:23:50Z -> data/sisbra_all_w24/20160407T102350_row3193
[1200/3570] SISBRA 2016-04-08T06:59:07 lat=-4.940 lon=-38.100 mag=2.1 window=+/-120.0s r=1.0deg
AMBIGUOUS: 2016-03-06T20:29:29Z -> data/sisbra_all_w24/20160306T202929_usp2016eqih_row3140 picks=11
[1201/3570] SISBRA 2016-04-09T00:16:44 lat=-6.600 lon=-56.770 mag=2.4 window=+/-120.0s r=1.0deg
  candidates=2 scored=2
  best=smi:org.gfz-potsdam.de/geofon/usp2016gezf dt_s=0.995 dist_km=0.257 picks<=400.0km=4
  candidates=1 scored=1
  best=smi:org.gfz-potsdam.de/geofon/usp2016fwpt dt_s=0.283 dist_km=0.551 picks<=400.0km=6
MATCHED: 2016-03-29T02:30:14Z -> data/sisbra_all_w24/20160329T023014_usp2016gezf_row3178 picks=4
[1202/3570] SISBRA 2016-04-11T11:55:22 lat=-19.450 lon=-44.140 mag=3.3 window=+/-120.0s r=1.0deg
NO_MATCH: 2016-04-08T04:35:04Z -> data/sisbra_all_w24/20160408T043504_row3195
[1203/3570] SISBRA 2016-04-12T12:19:06 lat=-12.380 lon=-63.100 mag=2.6 window=+/-120.0s r=1.0deg
MATCHED: 2016-03-24T12:38:12Z -> data/sisbra_all_w24/20160324T123812_usp2016fwpt_row3166 picks=6
[1204/3570] SISBRA 2016-04-13T15:15:07 lat=-9.920 lon=-58.600 mag=2.5 window=+/-120.0s r=1.0deg
NO_MATCH: 2016-04-08T06:59:07Z -> data/sisbra_all_w24/20160408T065907_row3196
[1205/3570] SISBRA 2016-04-14T05:04:53 lat=-6.150 lon=-73.310 mag=3.9 window=+/-120.0s r=1.0deg
NO_MATCH: 2016-04-09T00:16:44Z -> data/sisbra_all_w24/20160409T001644_row3197
[1206/3570] SISBRA 2016-04-17T05:06:22 lat=-15.230 lon=-43.890 mag=2.3 window=+/-120.0s r=1.0deg
  candidates=1 scored=1
NO_MATCH: 2016-04-12T12:19:06Z -> data/sisbra_all_w24/20160412T121906_row3199
[1207/3570] SISBRA 2016-04-19T14:45:02 lat=-11.390 lon=-37.650 mag=1.8 window=+/-120.0s r=1.0deg
  best=smi:org.gfz-potsdam.de/geofon/usp2016fwgu dt_s=0.717 dist_km=0.404 picks<=400.0km=4
NO_MATCH: 2016-04-17T05:06:22Z -> data/sisbra_all_w24/20160417T050622_row3202
[1208/3570] SISBRA 2016-04-19T14:45:43 lat=-21.370 lon=-48.570 mag=1.5 window=+/-120.0s r=1.0deg
MATCHED: 2016-03-24T08:05:26Z -> data/sisbra_all_w24/20160324T080526_usp2016fwgu_row3165 picks=4
[1209/3570] SISBRA 2016-04-22T08:46:20 lat=-15.860 lon=-56.050 mag=3.0 window=+/-120.0s r=1.0deg
NO_MATCH: 2016-04-13T15:15:07Z -> data/sisbra_all_w24/20160413T151507_row3200
[1210/3570] SISBRA 2016-04-22T23:17:01 lat=-7.780 lon=-72.900 mag=4.0 window=+/-120.0s r=1.0deg
NO_MATCH: 2016-04-14T05:04:53Z -> data/sisbra_all_w24/20160414T050453_row3201
[1211/3570] SISBRA 2016-04-23T07:59:41 lat=-9.630 lon=-36.520 mag=2.8 window=+/-120.0s r=1.0deg
  candidates=1 scored=1
  best=smi:org.gfz-potsdam.de/geofon/usp2016gfbj dt_s=0.436 dist_km=0.365 picks<=400.0km=3
  candidates=1 scored=1
  best=smi:org.gfz-potsdam.de/geofon/usp2016gdec dt_s=0.275 dist_km=0.266 picks<=400.0km=1
  candidates=1 scored=1
  best=smi:org.gfz-potsdam.de/geofon/usp2016fwsh dt_s=0.395 dist_km=0.053 picks<=400.0km=8
  candidates=1 scored=1
NO_MATCH: 2016-04-19T14:45:43Z -> data/sisbra_all_w24/20160419T144543_row3204
[1212/3570] SISBRA 2016-04-24T06:42:47 lat=-15.170 lon=-43.940 mag=2.2 window=+/-120.0s r=1.0deg
  best=smi:org.gfz-potsdam.de/geofon/usp2016gbzh dt_s=0.960 dist_km=0.446 picks<=400.0km=8
MATCHED: 2016-03-29T03:35:20Z -> data/sisbra_all_w24/20160329T033520_usp2016gfbj_row3179 picks=3
[1213/3570] SISBRA 2016-04-26T09:34:18 lat=-23.470 lon=-43.700 mag=2.1 window=+/-120.0s r=1.0deg
MATCHED: 2016-03-28T02:41:41Z -> data/sisbra_all_w24/20160328T024141_usp2016gdec_row3176 picks=1
[1214/3570] SISBRA 2016-04-27T15:12:53 lat=-14.840 lon=-54.180 mag=3.7 window=+/-120.0s r=1.0deg
MATCHED: 2016-03-24T13:54:36Z -> data/sisbra_all_w24/20160324T135436_usp2016fwsh_row3167 picks=8
[1215/3570] SISBRA 2016-04-27T15:23:35 lat=-10.010 lon=-49.200 mag=2.7 window=+/-120.0s r=1.0deg
MATCHED: 2016-03-27T11:07:22Z -> data/sisbra_all_w24/20160327T110722_usp2016gbzh_row3173 picks=8
[1216/3570] SISBRA 2016-04-28T03:02:51 lat=-9.650 lon=-35.950 mag=1.3 window=+/-120.0s r=1.0deg
  candidates=1 scored=1
  best=smi:org.gfz-potsdam.de/geofon/usp2016ganc dt_s=0.751 dist_km=0.391 picks<=400.0km=1
  candidates=1 scored=1
  best=smi:org.gfz-potsdam.de/geofon/usp2016fjcx dt_s=0.437 dist_km=0.214 picks<=400.0km=9
NO_MATCH: 2016-04-26T09:34:18Z -> data/sisbra_all_w24/20160426T093418_row3209
[1217/3570] SISBRA 2016-04-28T06:47:27 lat=-15.100 lon=-43.870 mag=2.4 window=+/-120.0s r=1.0deg
MATCHED: 2016-03-26T15:50:22Z -> data/sisbra_all_w24/20160326T155022_usp2016ganc_row3172 picks=1
[1218/3570] SISBRA 2016-04-28T07:26:09 lat=-14.680 lon=-37.480 mag=2.8 window=+/-120.0s r=1.0deg
NO_MATCH: 2016-04-24T06:42:47Z -> data/sisbra_all_w24/20160424T064247_row3208
[1219/3570] SISBRA 2016-04-30T21:07:06 lat=-7.110 lon=-71.510 mag=4.1 window=+/-120.0s r=1.0deg
  candidates=1 scored=1
  best=smi:org.gfz-potsdam.de/geofon/usp2016fedd dt_s=0.420 dist_km=0.537 picks<=400.0km=7
MATCHED: 2016-03-17T03:22:34Z -> data/sisbra_all_w24/20160317T032234_usp2016fjcx_row3154 picks=9
[1220/3570] SISBRA 2016-05-01T02:33:28 lat=-9.820 lon=-50.250 mag=3.8 window=+/-120.0s r=1.0deg
MATCHED: 2016-03-14T09:48:16Z -> data/sisbra_all_w24/20160314T094816_usp2016fedd_row3150 picks=7
[1221/3570] SISBRA 2016-05-02T09:21:16 lat=-19.910 lon=-44.250 mag=3.5 window=+/-120.0s r=1.0deg
  candidates=1 scored=1
  best=smi:org.gfz-potsdam.de/geofon/usp2016gcos dt_s=0.088 dist_km=0.346 picks<=400.0km=5
  candidates=1 scored=1
  best=smi:org.gfz-potsdam.de/geofon/usp2016grxv dt_s=0.213 dist_km=2.820 picks<=400.0km=6
  candidates=1 scored=1
  best=smi:org.gfz-potsdam.de/geofon/usp2016grdr dt_s=0.601 dist_km=0.143 picks<=400.0km=6
MATCHED: 2016-03-27T18:54:56Z -> data/sisbra_all_w24/20160327T185456_usp2016gcos_row3174 picks=5
[1222/3570] SISBRA 2016-05-04T01:33:57 lat=-19.420 lon=-44.240 mag=2.1 window=+/-120.0s r=1.0deg
MATCHED: 2016-04-05T04:33:55Z -> data/sisbra_all_w24/20160405T043355_usp2016grxv_row3188 picks=6
[1223/3570] SISBRA 2016-05-07T04:47:03 lat=-6.470 lon=-50.050 mag=2.4 window=+/-120.0s r=1.0deg
  candidates=2 scored=2
  best=smi:org.gfz-potsdam.de/geofon/usp2016geze dt_s=0.039 dist_km=0.307 picks<=400.0km=4
MATCHED: 2016-04-04T18:23:14Z -> data/sisbra_all_w24/20160404T182314_usp2016grdr_row3187 picks=6
[1224/3570] SISBRA 2016-05-09T01:22:52 lat=-7.290 lon=-74.180 mag=4.1 window=+/-120.0s r=1.0deg
MATCHED: 2016-03-29T02:28:26Z -> data/sisbra_all_w24/20160329T022826_usp2016geze_row3177 picks=4
[1225/3570] SISBRA 2016-05-10T22:35:05 lat=-19.500 lon=-44.030 mag=2.2 window=+/-120.0s r=1.0deg
NO_MATCH: 2016-05-04T01:33:57Z -> data/sisbra_all_w24/20160504T013357_row3219
[1226/3570] SISBRA 2016-05-11T00:08:07 lat=-1.800 lon=-52.080 mag=2.0 window=+/-120.0s r=1.0deg
  candidates=1 scored=1
  best=smi:org.gfz-potsdam.de/geofon/usp2016igyi dt_s=0.271 dist_km=0.583 picks<=400.0km=2
NO_MATCH: 2016-05-07T04:47:03Z -> data/sisbra_all_w24/20160507T044703_row3220
[1227/3570] SISBRA 2016-05-11T21:01:50 lat=-8.040 lon=-73.800 mag=4.6 window=+/-120.0s r=1.0deg
MATCHED: 2016-04-27T15:23:35Z -> data/sisbra_all_w24/20160427T152335_usp2016igyi_row3212 picks=2
[1228/3570] SISBRA 2016-05-12T22:13:05 lat=-0.790 lon=-60.230 mag=4.2 window=+/-120.0s r=1.0deg
  candidates=1 scored=1
  best=smi:org.gfz-potsdam.de/geofon/usp2016gtlw dt_s=0.692 dist_km=0.608 picks<=400.0km=9
MATCHED: 2016-04-06T00:47:35Z -> data/sisbra_all_w24/20160406T004735_usp2016gtlw_row3191 picks=9
[1229/3570] SISBRA 2016-05-13T14:38:32 lat=-9.680 lon=-36.430 mag=1.9 window=+/-120.0s r=1.0deg
NO_MATCH: 2016-05-11T00:08:07Z -> data/sisbra_all_w24/20160511T000807_row3223
[1230/3570] SISBRA 2016-05-13T14:56:48 lat=-0.800 lon=-59.770 mag=2.3 window=+/-120.0s r=1.0deg
NO_MATCH: 2016-05-13T14:56:48Z -> data/sisbra_all_w24/20160513T145648_row3227
[1231/3570] SISBRA 2016-05-15T06:38:15 lat=-8.580 lon=-74.110 mag=3.8 window=+/-120.0s r=1.0deg
NO_MATCH: 2016-05-13T14:38:32Z -> data/sisbra_all_w24/20160513T143832_row3226
[1232/3570] SISBRA 2016-05-16T01:36:30 lat=-22.390 lon=-44.320 mag=2.2 window=+/-120.0s r=1.0deg
  candidates=1 scored=1
  best=smi:org.gfz-potsdam.de/geofon/usp2016gtlf dt_s=0.120 dist_km=0.503 picks<=400.0km=6
MATCHED: 2016-04-06T00:27:58Z -> data/sisbra_all_w24/20160406T002758_usp2016gtlf_row3190 picks=6
[1233/3570] SISBRA 2016-05-17T05:19:04 lat=-15.220 lon=-43.920 mag=2.1 window=+/-120.0s r=1.0deg
  candidates=1 scored=1
  best=smi:org.gfz-potsdam.de/geofon/usp2016hsha dt_s=0.390 dist_km=56.488 picks<=400.0km=4
  candidates=1 scored=1
NO_MATCH: 2016-05-16T01:36:30Z -> data/sisbra_all_w24/20160516T013630_row3229
[1234/3570] SISBRA 2016-05-17T05:20:44 lat=-15.200 lon=-43.840 mag=1.8 window=+/-120.0s r=1.0deg
  candidates=1 scored=1
  best=smi:org.gfz-potsdam.de/geofon/usp2016fvxe dt_s=0.205 dist_km=0.138 picks<=400.0km=1
  best=smi:org.gfz-potsdam.de/geofon/usp2016ihvk dt_s=0.759 dist_km=7.602 picks<=400.0km=4
MATCHED: 2016-04-19T14:45:02Z -> data/sisbra_all_w24/20160419T144501_usp2016hsha_row3203 picks=4
[1235/3570] SISBRA 2016-05-17T22:38:41 lat=-15.170 lon=-56.560 mag=2.4 window=+/-120.0s r=1.0deg
NO_MATCH: 2016-05-17T05:19:04Z -> data/sisbra_all_w24/20160517T051904_row3230
[1236/3570] SISBRA 2016-05-17T23:12:49 lat=-15.370 lon=-56.580 mag=2.0 window=+/-120.0s r=1.0deg
MATCHED: 2016-04-28T03:02:51Z -> data/sisbra_all_w24/20160428T030251_usp2016ihvk_row3213 picks=4
[1237/3570] SISBRA 2016-05-19T03:20:23 lat=-13.340 lon=-58.700 mag=2.2 window=+/-120.0s r=1.0deg
MATCHED: 2016-03-24T03:14:18Z -> data/sisbra_all_w24/20160324T031418_usp2016fvxe_row3164 picks=1
[1238/3570] SISBRA 2016-05-20T23:27:22 lat=-24.750 lon=-48.110 mag=2.8 window=+/-120.0s r=1.0deg
NO_MATCH: 2016-05-17T05:20:44Z -> data/sisbra_all_w24/20160517T052044_row3231
[1239/3570] SISBRA 2016-05-25T05:49:02 lat=-21.367 lon=-48.582 mag=1.5 window=+/-120.0s r=1.0deg
  candidates=1 scored=1
  best=smi:org.gfz-potsdam.de/geofon/usp2016glsi dt_s=0.122 dist_km=0.388 picks<=400.0km=1
NO_MATCH: 2016-05-17T22:38:41Z -> data/sisbra_all_w24/20160517T223841_row3232
[1240/3570] SISBRA 2016-05-25T09:13:43 lat=-21.366 lon=-48.576 mag=1.5 window=+/-120.0s r=1.0deg
MATCHED: 2016-04-01T18:56:53Z -> data/sisbra_all_w24/20160401T185653_usp2016glsi_row3184 picks=1
[1241/3570] SISBRA 2016-05-27T10:00:49 lat=-8.450 lon=-74.810 mag=5.5 window=+/-120.0s r=1.0deg
NO_MATCH: 2016-05-17T23:12:49Z -> data/sisbra_all_w24/20160517T231249_row3233
[1242/3570] SISBRA 2016-05-28T12:19:33 lat=-24.720 lon=-46.190 mag=2.6 window=+/-120.0s r=1.0deg
NO_MATCH: 2016-05-25T05:49:02Z -> data/sisbra_all_w24/20160525T054902_row3237
[1243/3570] SISBRA 2016-05-28T22:40:36 lat=-0.140 lon=-60.600 mag=2.6 window=+/-120.0s r=1.0deg
  candidates=1 scored=1
  candidates=1 scored=1
  best=smi:org.gfz-potsdam.de/geofon/usp2016imwd dt_s=0.682 dist_km=0.418 picks<=400.0km=2
  best=smi:org.gfz-potsdam.de/geofon/usp2016iicu dt_s=0.660 dist_km=0.556 picks<=400.0km=3
  candidates=1 scored=1
  best=smi:org.gfz-potsdam.de/geofon/usp2016jfgc dt_s=0.032 dist_km=0.677 picks<=400.0km=7
NO_MATCH: 2016-05-25T09:13:43Z -> data/sisbra_all_w24/20160525T091343_row3238
[1244/3570] SISBRA 2016-05-31T13:05:34 lat=-8.140 lon=-74.830 mag=4.2 window=+/-120.0s r=1.0deg
MATCHED: 2016-04-30T21:07:06Z -> data/sisbra_all_w24/20160430T210706_usp2016imwd_row3216 picks=2
[1245/3570] SISBRA 2016-06-04T03:31:49 lat=-23.600 lon=-47.470 mag=2.3 window=+/-120.0s r=1.0deg
MATCHED: 2016-04-28T06:47:27Z -> data/sisbra_all_w24/20160428T064727_usp2016iicu_row3214 picks=3
[1246/3570] SISBRA 2016-06-08T12:28:42 lat=-11.520 lon=-47.900 mag=2.1 window=+/-120.0s r=1.0deg
MATCHED: 2016-05-10T22:35:05Z -> data/sisbra_all_w24/20160510T223505_usp2016jfgc_row3222 picks=7
[1247/3570] SISBRA 2016-06-08T20:18:03 lat=-22.970 lon=-45.090 mag=2.0 window=+/-120.0s r=1.0deg
  candidates=1 scored=1
  best=smi:org.gfz-potsdam.de/geofon/usp2016gshu dt_s=0.959 dist_km=0.351 picks<=400.0km=8
MATCHED: 2016-04-05T09:36:22Z -> data/sisbra_all_w24/20160405T093622_usp2016gshu_row3189 picks=8
[1248/3570] SISBRA 2016-06-11T07:09:33 lat=0.360 lon=-59.800 mag=2.3 window=+/-120.0s r=1.0deg
NO_MATCH: 2016-05-31T13:05:34Z -> data/sisbra_all_w24/20160531T130534_row3242
[1249/3570] SISBRA 2016-06-11T08:14:18 lat=-15.210 lon=-43.930 mag=2.4 window=+/-120.0s r=1.0deg
NO_MATCH: 2016-05-28T22:40:36Z -> data/sisbra_all_w24/20160528T224036_row3241
[1250/3570] SISBRA 2016-06-11T21:51:17 lat=-12.210 lon=-47.330 mag=2.6 window=+/-120.0s r=1.0deg
NO_MATCH: 2016-06-08T12:28:42Z -> data/sisbra_all_w24/20160608T122842_row3244
[1251/3570] SISBRA 2016-06-15T06:15:10 lat=-23.900 lon=-46.100 mag=2.3 window=+/-120.0s r=1.0deg
  candidates=1 scored=1
  best=smi:org.gfz-potsdam.de/geofon/usp2016jiwj dt_s=0.252 dist_km=0.302 picks<=400.0km=1
  candidates=1 scored=1
  best=smi:org.gfz-potsdam.de/geofon/usp2016gxbm dt_s=0.597 dist_km=16.578 picks<=400.0km=4
NO_MATCH: 2016-06-11T08:14:18Z -> data/sisbra_all_w24/20160611T081418_row3247
[1252/3570] SISBRA 2016-06-17T02:40:48 lat=-8.060 lon=-73.840 mag=3.8 window=+/-120.0s r=1.0deg
NO_MATCH: 2016-06-11T07:09:33Z -> data/sisbra_all_w24/20160611T070933_row3246
[1253/3570] SISBRA 2016-06-17T17:40:05 lat=-21.370 lon=-46.150 mag=2.3 window=+/-120.0s r=1.0deg
MATCHED: 2016-05-12T22:13:05Z -> data/sisbra_all_w24/20160512T221305_usp2016jiwj_row3225 picks=1
[1254/3570] SISBRA 2016-06-18T15:02:33 lat=-24.860 lon=-39.300 mag=3.7 window=+/-120.0s r=1.0deg
MATCHED: 2016-04-08T00:05:07Z -> data/sisbra_all_w24/20160408T000506_usp2016gxbm_row3194 picks=4
[1255/3570] SISBRA 2016-06-20T04:34:51 lat=-17.150 lon=-43.140 mag=2.0 window=+/-120.0s r=1.0deg
NO_MATCH: 2016-06-11T21:51:17Z -> data/sisbra_all_w24/20160611T215117_row3248
[1256/3570] SISBRA 2016-06-20T07:05:20 lat=-0.550 lon=-60.200 mag=2.4 window=+/-120.0s r=1.0deg
  candidates=1 scored=1
  best=smi:org.gfz-potsdam.de/geofon/usp2016iiec dt_s=0.311 dist_km=70.152 picks<=400.0km=2
  candidates=1 scored=1
  best=smi:org.gfz-potsdam.de/geofon/usp2016gljl dt_s=1.505 dist_km=10.452 picks<=400.0km=3
MATCHED: 2016-04-28T07:26:09Z -> data/sisbra_all_w24/20160428T072609_usp2016iiec_row3215 picks=2
[1257/3570] SISBRA 2016-06-24T03:57:21 lat=-8.310 lon=-35.980 mag=1.8 window=+/-120.0s r=1.0deg
  candidates=1 scored=1
  best=smi:org.gfz-potsdam.de/geofon/usp2016igxz dt_s=0.810 dist_km=0.484 picks<=400.0km=2
NO_MATCH: 2016-06-20T04:34:51Z -> data/sisbra_all_w24/20160620T043451_row3253
[1258/3570] SISBRA 2016-06-25T17:01:48 lat=-18.950 lon=-48.280 mag=2.6 window=+/-120.0s r=1.0deg
NO_MATCH: 2016-06-20T07:05:20Z -> data/sisbra_all_w24/20160620T070520_row3254
[1259/3570] SISBRA 2016-06-28T01:26:57 lat=-16.520 lon=-41.790 mag=2.4 window=+/-120.0s r=1.0deg
  candidates=1 scored=1
  best=smi:org.gfz-potsdam.de/geofon/usp2016hykk dt_s=0.271 dist_km=0.640 picks<=400.0km=1
MATCHED: 2016-04-01T14:29:17Z -> data/sisbra_all_w24/20160401T142918_usp2016gljl_row3183 picks=3
[1260/3570] SISBRA 2016-06-28T19:49:29 lat=-10.120 lon=-36.980 mag=2.5 window=+/-120.0s r=1.0deg
  candidates=1 scored=1
  best=smi:org.gfz-potsdam.de/geofon/usp2016hxhs dt_s=3.550 dist_km=38.888 picks<=400.0km=2
MATCHED: 2016-04-27T15:12:53Z -> data/sisbra_all_w24/20160427T151253_usp2016igxz_row3211 picks=2
[1261/3570] SISBRA 2016-06-29T00:17:52 lat=-11.580 lon=-56.860 mag=2.7 window=+/-120.0s r=1.0deg
MATCHED: 2016-04-22T23:17:01Z -> data/sisbra_all_w24/20160422T231701_usp2016hykk_row3206 picks=1
[1262/3570] SISBRA 2016-07-02T02:24:52 lat=-24.690 lon=-46.670 mag=2.1 window=+/-120.0s r=1.0deg
MATCHED: 2016-04-22T08:46:20Z -> data/sisbra_all_w24/20160422T084616_usp2016hxhs_row3205 picks=2
[1263/3570] SISBRA 2016-07-02T23:55:22 lat=-23.590 lon=-41.790 mag=1.8 window=+/-120.0s r=1.0deg
NO_MATCH: 2016-06-25T17:01:48Z -> data/sisbra_all_w24/20160625T170148_row3256
[1264/3570] SISBRA 2016-07-05T21:57:36 lat=-0.700 lon=-60.450 mag=3.7 window=+/-120.0s r=1.0deg
NO_MATCH: 2016-06-28T01:26:57Z -> data/sisbra_all_w24/20160628T012657_row3257
[1265/3570] SISBRA 2016-07-06T02:48:59 lat=-20.280 lon=-49.010 mag=1.9 window=+/-120.0s r=1.0deg
  candidates=1 scored=1
  best=smi:org.gfz-potsdam.de/geofon/usp2016jufn dt_s=0.964 dist_km=0.193 picks<=400.0km=2
NO_MATCH: 2016-06-29T00:17:52Z -> data/sisbra_all_w24/20160629T001752_row3259
[1266/3570] SISBRA 2016-07-06T16:47:56 lat=-1.280 lon=-61.080 mag=2.6 window=+/-120.0s r=1.0deg
MATCHED: 2016-05-19T03:20:23Z -> data/sisbra_all_w24/20160519T032023_usp2016jufn_row3234 picks=2
[1267/3570] SISBRA 2016-07-07T04:31:50 lat=-16.350 lon=-41.300 mag=2.1 window=+/-120.0s r=1.0deg
NO_MATCH: 2016-07-02T23:55:22Z -> data/sisbra_all_w24/20160702T235522_row3261
[1268/3570] SISBRA 2016-07-07T11:54:55 lat=-16.200 lon=-41.110 mag=2.0 window=+/-120.0s r=1.0deg
  candidates=1 scored=1
  best=smi:org.gfz-potsdam.de/geofon/usp2016hzbr dt_s=0.114 dist_km=14.237 picks<=400.0km=4
MATCHED: 2016-04-23T07:59:41Z -> data/sisbra_all_w24/20160423T075940_usp2016hzbr_row3207 picks=4
[1269/3570] SISBRA 2016-07-07T21:37:24 lat=-10.460 lon=-55.390 mag=2.2 window=+/-120.0s r=1.0deg
  candidates=1 scored=1
  best=smi:org.gfz-potsdam.de/geofon/usp2016jneb dt_s=0.363 dist_km=0.497 picks<=400.0km=1
NO_MATCH: 2016-07-07T04:31:50Z -> data/sisbra_all_w24/20160707T043150_row3265
[1270/3570] SISBRA 2016-07-07T22:09:36 lat=-21.910 lon=-44.880 mag=2.6 window=+/-120.0s r=1.0deg
  candidates=1 scored=1
  best=smi:org.gfz-potsdam.de/geofon/usp2016kxlz dt_s=0.575 dist_km=0.132 picks<=400.0km=3
MATCHED: 2016-05-15T06:38:15Z -> data/sisbra_all_w24/20160515T063815_usp2016jneb_row3228 picks=1
[1271/3570] SISBRA 2016-07-08T04:31:05 lat=-12.430 lon=-43.980 mag=2.3 window=+/-120.0s r=1.0deg
NO_MATCH: 2016-07-07T11:54:55Z -> data/sisbra_all_w24/20160707T115455_row3266
[1272/3570] SISBRA 2016-07-08T07:00:29 lat=-12.320 lon=-42.870 mag=2.4 window=+/-120.0s r=1.0deg
MATCHED: 2016-06-04T03:31:49Z -> data/sisbra_all_w24/20160604T033149_usp2016kxlz_row3243 picks=3
[1273/3570] SISBRA 2016-07-08T15:53:12 lat=-14.020 lon=-49.210 mag=2.4 window=+/-120.0s r=1.0deg
NO_MATCH: 2016-07-07T21:37:24Z -> data/sisbra_all_w24/20160707T213724_row3267
[1274/3570] SISBRA 2016-07-08T19:47:34 lat=-27.990 lon=-52.080 mag=2.5 window=+/-120.0s r=1.0deg
  candidates=1 scored=1
  candidates=1 scored=1
  best=smi:org.gfz-potsdam.de/geofon/usp2016lgbf dt_s=0.315 dist_km=0.432 picks<=400.0km=7
  best=smi:org.gfz-potsdam.de/geofon/usp2016hdlg dt_s=0.450 dist_km=0.324 picks<=400.0km=8
NO_MATCH: 2016-07-08T04:31:05Z -> data/sisbra_all_w24/20160708T043105_row3269
[1275/3570] SISBRA 2016-07-08T20:42:16 lat=-27.350 lon=-50.360 mag=2.5 window=+/-120.0s r=1.0deg
MATCHED: 2016-04-11T11:55:22Z -> data/sisbra_all_w24/20160411T115522_usp2016hdlg_row3198 picks=8
[1276/3570] SISBRA 2016-07-08T23:07:09 lat=-12.070 lon=-48.190 mag=2.0 window=+/-120.0s r=1.0deg
MATCHED: 2016-06-08T20:18:03Z -> data/sisbra_all_w24/20160608T201803_usp2016lgbf_row3245 picks=7
[1277/3570] SISBRA 2016-07-09T03:47:23 lat=-11.650 lon=-56.670 mag=3.1 window=+/-120.0s r=1.0deg
NO_MATCH: 2016-07-08T23:07:09Z -> data/sisbra_all_w24/20160708T230709_row3274
[1278/3570] SISBRA 2016-07-09T04:15:30 lat=-12.420 lon=-42.900 mag=2.6 window=+/-120.0s r=1.0deg
  candidates=1 scored=1
  best=smi:org.gfz-potsdam.de/geofon/usp2016jgyn dt_s=0.396 dist_km=0.101 picks<=400.0km=1
  candidates=1 scored=1
MATCHED: 2016-05-11T21:01:50Z -> data/sisbra_all_w24/20160511T210150_usp2016jgyn_row3224 picks=1
[1279/3570] SISBRA 2016-07-09T05:59:59 lat=-12.280 lon=-41.580 mag=2.5 window=+/-120.0s r=1.0deg
  best=smi:org.gfz-potsdam.de/geofon/usp2016kliw dt_s=0.688 dist_km=0.264 picks<=400.0km=8
  candidates=1 scored=1
  best=smi:org.gfz-potsdam.de/geofon/usp2016lvdv dt_s=0.222 dist_km=0.535 picks<=400.0km=1
MATCHED: 2016-06-17T02:40:48Z -> data/sisbra_all_w24/20160617T024048_usp2016lvdv_row3250 picks=1
[1280/3570] SISBRA 2016-07-09T06:31:02 lat=-12.080 lon=-46.240 mag=1.9 window=+/-120.0s r=1.0deg
MATCHED: 2016-05-28T12:19:33Z -> data/sisbra_all_w24/20160528T121933_usp2016kliw_row3240 picks=8
[1281/3570] SISBRA 2016-07-09T08:15:31 lat=-12.270 lon=-43.570 mag=2.2 window=+/-120.0s r=1.0deg
  candidates=1 scored=1
NO_MATCH: 2016-07-09T06:31:02Z -> data/sisbra_all_w24/20160709T063102_row3278
[1282/3570] SISBRA 2016-07-09T20:13:53 lat=-12.100 lon=-48.460 mag=2.5 window=+/-120.0s r=1.0deg
  candidates=1 scored=1
  best=smi:org.gfz-potsdam.de/geofon/usp2016nivg dt_s=0.734 dist_km=0.378 picks<=400.0km=5
  best=smi:org.gfz-potsdam.de/geofon/usp2016ingy dt_s=0.342 dist_km=0.365 picks<=400.0km=3
  candidates=1 scored=1
MATCHED: 2016-07-08T19:47:34Z -> data/sisbra_all_w24/20160708T194734_usp2016nivg_row3272 picks=5
[1283/3570] SISBRA 2016-07-12T02:01:15 lat=-16.520 lon=-44.150 mag=2.2 window=+/-120.0s r=1.0deg
  best=smi:org.gfz-potsdam.de/geofon/usp2016miaw dt_s=0.537 dist_km=0.317 picks<=400.0km=5
  candidates=1 scored=1
  best=smi:org.gfz-potsdam.de/geofon/usp2016ndwq dt_s=0.610 dist_km=0.263 picks<=400.0km=3
MATCHED: 2016-05-01T02:33:28Z -> data/sisbra_all_w24/20160501T023328_usp2016ingy_row3217 picks=3
[1284/3570] SISBRA 2016-07-12T17:13:25 lat=-20.490 lon=-44.000 mag=2.4 window=+/-120.0s r=1.0deg
MATCHED: 2016-06-24T03:57:21Z -> data/sisbra_all_w24/20160624T035721_usp2016miaw_row3255 picks=5
[1285/3570] SISBRA 2016-07-14T04:34:11 lat=-12.590 lon=-58.060 mag=2.1 window=+/-120.0s r=1.0deg
MATCHED: 2016-07-06T02:48:59Z -> data/sisbra_all_w24/20160706T024859_usp2016ndwq_row3263 picks=3
[1286/3570] SISBRA 2016-07-15T01:27:04 lat=-7.910 lon=-74.310 mag=4.7 window=+/-120.0s r=1.0deg
  candidates=1 scored=1
  best=smi:org.gfz-potsdam.de/geofon/usp2016lxxu dt_s=1.175 dist_km=5.271 picks<=400.0km=0
  candidates=1 scored=1
MATCHED: 2016-06-18T15:02:33Z -> data/sisbra_all_w24/20160618T150234_usp2016lxxu_row3252 picks=0
[1287/3570] SISBRA 2016-07-15T09:18:45 lat=-8.150 lon=-74.260 mag=3.9 window=+/-120.0s r=1.0deg
  best=smi:org.gfz-potsdam.de/geofon/usp2016jbuq dt_s=0.559 dist_km=0.526 picks<=400.0km=1
  candidates=1 scored=1
  best=smi:org.gfz-potsdam.de/geofon/usp2016lrtx dt_s=0.445 dist_km=1.756 picks<=400.0km=7
NO_MATCH: 2016-07-14T04:34:11Z -> data/sisbra_all_w24/20160714T043411_row3283
[1288/3570] SISBRA 2016-07-16T09:14:45 lat=-15.270 lon=-43.990 mag=2.1 window=+/-120.0s r=1.0deg
  candidates=1 scored=1
  best=smi:org.gfz-potsdam.de/geofon/usp2016neyi dt_s=0.770 dist_km=0.474 picks<=400.0km=1
MATCHED: 2016-05-09T01:22:52Z -> data/sisbra_all_w24/20160509T012252_usp2016jbuq_row3221 picks=1
[1289/3570] SISBRA 2016-07-16T10:11:04 lat=-15.140 lon=-43.900 mag=2.3 window=+/-120.0s r=1.0deg
MATCHED: 2016-06-15T06:15:10Z -> data/sisbra_all_w24/20160615T061510_usp2016lrtx_row3249 picks=7
[1290/3570] SISBRA 2016-07-16T10:22:46 lat=-0.670 lon=-60.420 mag=3.0 window=+/-120.0s r=1.0deg
  candidates=1 scored=1
  best=smi:org.gfz-potsdam.de/geofon/usp2016njpl dt_s=0.226 dist_km=0.105 picks<=400.0km=1
MATCHED: 2016-07-06T16:47:56Z -> data/sisbra_all_w24/20160706T164756_usp2016neyi_row3264 picks=1
[1291/3570] SISBRA 2016-07-16T10:24:57 lat=-0.690 lon=-60.460 mag=3.8 window=+/-120.0s r=1.0deg
MATCHED: 2016-07-09T05:59:59Z -> data/sisbra_all_w24/20160709T055959_usp2016njpl_row3277 picks=1
[1292/3570] SISBRA 2016-07-18T17:21:59 lat=-24.200 lon=-46.430 mag=2.5 window=+/-120.0s r=1.0deg
  candidates=1 scored=1
  best=smi:org.gfz-potsdam.de/geofon/usp2016njty dt_s=0.620 dist_km=0.518 picks<=400.0km=2
NO_MATCH: 2016-07-16T09:14:45Z -> data/sisbra_all_w24/20160716T091445_row3286
[1293/3570] SISBRA 2016-07-19T05:13:28 lat=-19.900 lon=-44.370 mag=2.3 window=+/-120.0s r=1.0deg
  candidates=1 scored=1
  best=smi:org.gfz-potsdam.de/geofon/usp2016mwnv dt_s=0.355 dist_km=0.137 picks<=400.0km=4
MATCHED: 2016-07-09T08:15:31Z -> data/sisbra_all_w24/20160709T081531_usp2016njty_row3279 picks=2
[1294/3570] SISBRA 2016-07-19T15:30:46 lat=-20.120 lon=-39.200 mag=3.8 window=+/-120.0s r=1.0deg
  candidates=1 scored=1
  best=smi:org.gfz-potsdam.de/geofon/usp2016jxow dt_s=1.122 dist_km=1.194 picks<=400.0km=8
MATCHED: 2016-07-02T02:24:52Z -> data/sisbra_all_w24/20160702T022452_usp2016mwnv_row3260 picks=4
[1295/3570] SISBRA 2016-07-22T04:50:00 lat=3.870 lon=-60.910 mag=3.3 window=+/-120.0s r=1.0deg
  candidates=1 scored=1
  best=smi:org.gfz-potsdam.de/geofon/usp2016ninn dt_s=0.809 dist_km=0.371 picks<=400.0km=3
MATCHED: 2016-05-20T23:27:22Z -> data/sisbra_all_w24/20160520T232723_usp2016jxow_row3235 picks=8
[1296/3570] SISBRA 2016-07-24T23:11:33 lat=-10.650 lon=-54.300 mag=2.1 window=+/-120.0s r=1.0deg
MATCHED: 2016-07-08T15:53:12Z -> data/sisbra_all_w24/20160708T155312_usp2016ninn_row3271 picks=3
[1297/3570] SISBRA 2016-07-27T05:29:15 lat=-11.680 lon=-56.700 mag=2.4 window=+/-120.0s r=1.0deg
NO_MATCH: 2016-07-24T23:11:33Z -> data/sisbra_all_w24/20160724T231133_row3294
[1298/3570] SISBRA 2016-07-29T18:32:26 lat=-20.490 lon=-43.990 mag=2.4 window=+/-120.0s r=1.0deg
  candidates=1 scored=1
  best=smi:org.gfz-potsdam.de/geofon/usp2016lwhm dt_s=0.735 dist_km=0.262 picks<=400.0km=13
  candidates=1 scored=1
  best=smi:org.gfz-potsdam.de/geofon/usp2016nkrq dt_s=0.249 dist_km=0.113 picks<=400.0km=3
MATCHED: 2016-06-17T17:40:05Z -> data/sisbra_all_w24/20160617T174005_usp2016lwhm_row3251 picks=13
[1299/3570] SISBRA 2016-07-31T12:54:47 lat=-11.570 lon=-56.720 mag=2.8 window=+/-120.0s r=1.0deg
  candidates=1 scored=1
  best=smi:org.gfz-potsdam.de/geofon/usp2016nouc dt_s=0.321 dist_km=0.527 picks<=400.0km=4
MATCHED: 2016-07-09T20:13:53Z -> data/sisbra_all_w24/20160709T201353_usp2016nkrq_row3280 picks=3
[1300/3570] SISBRA 2016-08-01T04:47:41 lat=-20.340 lon=-49.010 mag=2.1 window=+/-120.0s r=1.0deg
MATCHED: 2016-07-12T02:01:15Z -> data/sisbra_all_w24/20160712T020115_usp2016nouc_row3281 picks=4
[1301/3570] SISBRA 2016-08-02T16:50:14 lat=-19.960 lon=-44.200 mag=2.2 window=+/-120.0s r=1.0deg
  candidates=1 scored=1
  best=smi:org.gfz-potsdam.de/geofon/usp2016ndna dt_s=0.382 dist_km=0.409 picks<=400.0km=2
NO_MATCH: 2016-08-01T04:47:41Z -> data/sisbra_all_w24/20160801T044741_row3298
[1302/3570] SISBRA 2016-08-03T21:41:27 lat=-10.570 lon=-51.540 mag=2.6 window=+/-120.0s r=1.0deg
MATCHED: 2016-07-05T21:57:36Z -> data/sisbra_all_w24/20160705T215735_usp2016ndna_row3262 picks=2
[1303/3570] SISBRA 2016-08-05T07:01:25 lat=-11.550 lon=-56.800 mag=2.5 window=+/-120.0s r=1.0deg
  candidates=1 scored=1
  best=smi:org.gfz-potsdam.de/geofon/usp2016njlc dt_s=0.106 dist_km=0.417 picks<=400.0km=2
NO_MATCH: 2016-08-03T21:41:27Z -> data/sisbra_all_w24/20160803T214127_row3300
[1304/3570] SISBRA 2016-08-06T09:04:09 lat=-11.550 lon=-56.810 mag=1.6 window=+/-120.0s r=1.0deg
MATCHED: 2016-07-09T03:47:23Z -> data/sisbra_all_w24/20160709T034723_usp2016njlc_row3275 picks=2
[1305/3570] SISBRA 2016-08-07T14:00:42 lat=-14.810 lon=-39.470 mag=2.2 window=+/-120.0s r=1.0deg
  candidates=1 scored=1
  best=smi:org.gfz-potsdam.de/geofon/usp2016njma dt_s=0.407 dist_km=0.337 picks<=400.0km=3
  candidates=1 scored=1
  candidates=3 scored=3
  best=smi:org.gfz-potsdam.de/geofon/usp2016mqoi dt_s=0.443 dist_km=9.208 picks<=400.0km=4
  best=smi:org.gfz-potsdam.de/geofon/usp2016nwsq dt_s=0.072 dist_km=0.454 picks<=400.0km=2
  candidates=1 scored=1
  best=smi:org.gfz-potsdam.de/geofon/usp2016oaxm dt_s=0.024 dist_km=0.456 picks<=400.0km=8
AMBIGUOUS: 2016-06-28T19:49:29Z -> data/sisbra_all_w24/20160628T194929_usp2016mqoi_row3258 picks=4
[1306/3570] SISBRA 2016-08-08T02:02:17 lat=-13.410 lon=-49.140 mag=2.8 window=+/-120.0s r=1.0deg
MATCHED: 2016-07-16T10:22:46Z -> data/sisbra_all_w24/20160716T102246_usp2016nwsq_row3288 picks=2
[1307/3570] SISBRA 2016-08-09T23:09:08 lat=-8.120 lon=-73.700 mag=3.9 window=+/-120.0s r=1.0deg
NO_MATCH: 2016-08-07T14:00:42Z -> data/sisbra_all_w24/20160807T140042_row3303
[1308/3570] SISBRA 2016-08-11T00:44:56 lat=-17.060 lon=-40.120 mag=2.8 window=+/-120.0s r=1.0deg
  candidates=1 scored=1
  best=smi:org.gfz-potsdam.de/geofon/usp2016obuy dt_s=0.342 dist_km=0.323 picks<=400.0km=5
MATCHED: 2016-07-09T04:15:30Z -> data/sisbra_all_w24/20160709T041530_usp2016njma_row3276 picks=3
[1309/3570] SISBRA 2016-08-11T05:27:23 lat=-24.270 lon=-47.420 mag=2.8 window=+/-120.0s r=1.0deg
  candidates=1 scored=1
  best=smi:org.gfz-potsdam.de/geofon/usp2016oqlm dt_s=0.511 dist_km=0.467 picks<=400.0km=4
MATCHED: 2016-07-18T17:21:59Z -> data/sisbra_all_w24/20160718T172159_usp2016oaxm_row3290 picks=8
[1310/3570] SISBRA 2016-08-12T13:11:24 lat=-9.640 lon=-37.000 mag=2.4 window=+/-120.0s r=1.0deg
  candidates=1 scored=1
MATCHED: 2016-07-27T05:29:15Z -> data/sisbra_all_w24/20160727T052915_usp2016oqlm_row3295 picks=4
[1311/3570] SISBRA 2016-08-12T17:14:44 lat=-7.240 lon=-48.540 mag=2.3 window=+/-120.0s r=1.0deg
  best=smi:org.gfz-potsdam.de/geofon/usp2016nhel dt_s=0.863 dist_km=0.496 picks<=400.0km=8
MATCHED: 2016-07-19T05:13:28Z -> data/sisbra_all_w24/20160719T051328_usp2016obuy_row3291 picks=5
[1312/3570] SISBRA 2016-08-13T02:26:41 lat=-18.640 lon=-56.480 mag=3.1 window=+/-120.0s r=1.0deg
  candidates=1 scored=1
  best=smi:org.gfz-potsdam.de/geofon/usp2016nhvy dt_s=0.768 dist_km=0.238 picks<=400.0km=3
MATCHED: 2016-07-07T22:09:36Z -> data/sisbra_all_w24/20160707T220936_usp2016nhel_row3268 picks=8
[1313/3570] SISBRA 2016-08-13T04:35:07 lat=-7.830 lon=-73.790 mag=3.8 window=+/-120.0s r=1.0deg
MATCHED: 2016-07-08T07:00:29Z -> data/sisbra_all_w24/20160708T070029_usp2016nhvy_row3270 picks=3
[1314/3570] SISBRA 2016-08-13T16:34:22 lat=-18.590 lon=-56.400 mag=2.8 window=+/-120.0s r=1.0deg
  candidates=1 scored=1
  best=smi:org.gfz-potsdam.de/geofon/usp2016nuva dt_s=0.454 dist_km=0.445 picks<=400.0km=1
  candidates=1 scored=1
  best=smi:org.gfz-potsdam.de/geofon/usp2016ohgr dt_s=2.350 dist_km=8.073 picks<=400.0km=1
  candidates=1 scored=1
  best=smi:org.gfz-potsdam.de/geofon/usp2016nwsg dt_s=0.675 dist_km=0.585 picks<=400.0km=4
NO_MATCH: 2016-08-12T17:14:44Z -> data/sisbra_all_w24/20160812T171444_row3309
[1315/3570] SISBRA 2016-08-15T17:13:07 lat=-18.280 lon=-48.170 mag=2.0 window=+/-120.0s r=1.0deg
MATCHED: 2016-07-22T04:50:00Z -> data/sisbra_all_w24/20160722T044957_usp2016ohgr_row3293 picks=1
[1316/3570] SISBRA 2016-08-15T21:31:55 lat=-8.810 lon=-73.890 mag=4.0 window=+/-120.0s r=1.0deg
MATCHED: 2016-07-16T10:11:04Z -> data/sisbra_all_w24/20160716T101104_usp2016nwsg_row3287 picks=4
[1317/3570] SISBRA 2016-08-21T16:56:32 lat=-0.970 lon=-49.770 mag=2.5 window=+/-120.0s r=1.0deg
MATCHED: 2016-07-15T09:18:45Z -> data/sisbra_all_w24/20160715T091845_usp2016nuva_row3285 picks=1
[1318/3570] SISBRA 2016-08-25T09:34:41 lat=-16.370 lon=-41.240 mag=2.3 window=+/-120.0s r=1.0deg
  candidates=1 scored=1
  best=smi:org.gfz-potsdam.de/geofon/usp2016npye dt_s=0.388 dist_km=0.662 picks<=400.0km=7
  candidates=1 scored=1
  best=smi:org.gfz-potsdam.de/geofon/usp2016nixb dt_s=0.032 dist_km=0.155 picks<=400.0km=6
MATCHED: 2016-07-08T20:42:16Z -> data/sisbra_all_w24/20160708T204216_usp2016nixb_row3273 picks=6
[1319/3570] SISBRA 2016-08-26T20:15:22 lat=-11.240 lon=-36.970 mag=2.4 window=+/-120.0s r=1.0deg
MATCHED: 2016-07-12T17:13:25Z -> data/sisbra_all_w24/20160712T171325_usp2016npye_row3282 picks=7
[1320/3570] SISBRA 2016-08-27T03:02:39 lat=-20.250 lon=-43.910 mag=2.2 window=+/-120.0s r=1.0deg
NO_MATCH: 2016-08-15T17:13:07Z -> data/sisbra_all_w24/20160815T171307_row3313
[1321/3570] SISBRA 2016-08-30T09:34:28 lat=-7.190 lon=-70.880 mag=3.9 window=+/-120.0s r=1.0deg
NO_MATCH: 2016-08-21T16:56:32Z -> data/sisbra_all_w24/20160821T165632_row3315
[1322/3570] SISBRA 2016-08-31T08:42:18 lat=-10.280 lon=-71.100 mag=3.7 window=+/-120.0s r=1.0deg
  candidates=1 scored=1
  best=smi:org.gfz-potsdam.de/geofon/usp2016phab dt_s=0.748 dist_km=0.545 picks<=400.0km=2
NO_MATCH: 2016-08-25T09:34:41Z -> data/sisbra_all_w24/20160825T093441_row3316
[1323/3570] SISBRA 2016-08-31T14:30:34 lat=-21.470 lon=-41.670 mag=2.5 window=+/-120.0s r=1.0deg
  candidates=1 scored=1
  best=smi:org.gfz-potsdam.de/geofon/usp2016nwss dt_s=0.364 dist_km=0.341 picks<=400.0km=2
MATCHED: 2016-08-05T07:01:25Z -> data/sisbra_all_w24/20160805T070125_usp2016phab_row3301 picks=2
[1324/3570] SISBRA 2016-08-31T20:16:59 lat=-20.940 lon=-40.710 mag=2.2 window=+/-120.0s r=1.0deg
MATCHED: 2016-07-16T10:24:57Z -> data/sisbra_all_w24/20160716T102457_usp2016nwss_row3289 picks=2
[1325/3570] SISBRA 2016-09-03T04:30:14 lat=-17.590 lon=-41.470 mag=1.9 window=+/-120.0s r=1.0deg
NO_MATCH: 2016-09-03T04:30:14Z -> data/sisbra_all_w24/20160903T043014_row3323
[1326/3570] SISBRA 2016-09-04T06:38:05 lat=-20.260 lon=-43.850 mag=2.6 window=+/-120.0s r=1.0deg
  candidates=1 scored=1
NO_MATCH: 2016-08-31T20:16:59Z -> data/sisbra_all_w24/20160831T201659_row3322
[1327/3570] SISBRA 2016-09-06T03:48:20 lat=-23.560 lon=-47.560 mag=2.2 window=+/-120.0s r=1.0deg
  best=smi:org.gfz-potsdam.de/geofon/usp2016pugu dt_s=0.187 dist_km=3.070 picks<=400.0km=3
  candidates=1 scored=1
  best=smi:org.gfz-potsdam.de/geofon/usp2016pizq dt_s=0.377 dist_km=0.260 picks<=400.0km=2
MATCHED: 2016-08-12T13:11:24Z -> data/sisbra_all_w24/20160812T131123_usp2016pugu_row3308 picks=3
[1328/3570] SISBRA 2016-09-06T07:35:25 lat=-20.280 lon=-44.030 mag=2.1 window=+/-120.0s r=1.0deg
  candidates=1 scored=1
MATCHED: 2016-08-06T09:04:09Z -> data/sisbra_all_w24/20160806T090409_usp2016pizq_row3302 picks=2
[1329/3570] SISBRA 2016-09-07T21:31:37 lat=-4.420 lon=-60.860 mag=3.1 window=+/-120.0s r=1.0deg
  best=smi:org.gfz-potsdam.de/geofon/usp2016pcgz dt_s=0.178 dist_km=3.584 picks<=400.0km=7
  candidates=1 scored=1
  candidates=1 scored=1
  best=smi:org.gfz-potsdam.de/geofon/usp2016qajv dt_s=0.114 dist_km=0.371 picks<=400.0km=1
  best=smi:org.gfz-potsdam.de/geofon/usp2016ippx dt_s=0.166 dist_km=0.301 picks<=400.0km=8
  candidates=1 scored=1
NO_MATCH: 2016-09-06T07:35:25Z -> data/sisbra_all_w24/20160906T073525_row3326
[1330/3570] SISBRA 2016-09-08T08:48:27 lat=-11.560 lon=-56.780 mag=3.1 window=+/-120.0s r=1.0deg
  best=smi:org.gfz-potsdam.de/geofon/usp2016ovcj dt_s=0.589 dist_km=0.280 picks<=400.0km=5
MATCHED: 2016-08-02T16:50:14Z -> data/sisbra_all_w24/20160802T165014_usp2016pcgz_row3299 picks=7
[1331/3570] SISBRA 2016-09-08T12:56:12 lat=-11.560 lon=-56.810 mag=2.8 window=+/-120.0s r=1.0deg
MATCHED: 2016-05-02T09:21:16Z -> data/sisbra_all_w24/20160502T092116_usp2016ippx_row3218 picks=8
[1332/3570] SISBRA 2016-09-10T08:42:11 lat=-19.380 lon=-55.320 mag=2.4 window=+/-120.0s r=1.0deg
MATCHED: 2016-08-15T21:31:55Z -> data/sisbra_all_w24/20160815T213155_usp2016qajv_row3314 picks=1
[1333/3570] SISBRA 2016-09-12T15:17:39 lat=-9.690 lon=-36.340 mag=1.3 window=+/-120.0s r=1.0deg
NO_MATCH: 2016-09-07T21:31:37Z -> data/sisbra_all_w24/20160907T213137_row3327
[1334/3570] SISBRA 2016-09-12T20:22:34 lat=-9.680 lon=-36.380 mag=1.4 window=+/-120.0s r=1.0deg
  candidates=1 scored=1
MATCHED: 2016-07-29T18:32:26Z -> data/sisbra_all_w24/20160729T183226_usp2016ovcj_row3296 picks=5
[1335/3570] SISBRA 2016-09-12T21:46:32 lat=-9.640 lon=-36.370 mag=1.3 window=+/-120.0s r=1.0deg
  best=smi:org.gfz-potsdam.de/geofon/usp2016oyif dt_s=0.457 dist_km=6.921 picks<=400.0km=2
MATCHED: 2016-07-31T12:54:47Z -> data/sisbra_all_w24/20160731T125447_usp2016oyif_row3297 picks=2
[1336/3570] SISBRA 2016-09-12T23:12:13 lat=-9.680 lon=-36.360 mag=1.5 window=+/-120.0s r=1.0deg
  candidates=1 scored=1
  best=smi:org.gfz-potsdam.de/geofon/usp2016rnfu dt_s=0.784 dist_km=0.486 picks<=400.0km=3
  candidates=1 scored=1
  best=smi:org.gfz-potsdam.de/geofon/usp2016pmcs dt_s=0.205 dist_km=0.595 picks<=400.0km=2
MATCHED: 2016-09-06T03:48:20Z -> data/sisbra_all_w24/20160906T034820_usp2016rnfu_row3325 picks=3
[1337/3570] SISBRA 2016-09-13T06:29:03 lat=-10.090 lon=-59.110 mag=3.6 window=+/-120.0s r=1.0deg
  candidates=1 scored=1
  best=smi:org.gfz-potsdam.de/geofon/usp2016pvlg dt_s=0.569 dist_km=0.690 picks<=400.0km=1
MATCHED: 2016-08-08T02:02:17Z -> data/sisbra_all_w24/20160808T020217_usp2016pmcs_row3304 picks=2
[1338/3570] SISBRA 2016-09-14T20:48:37 lat=-9.340 lon=-36.240 mag=1.6 window=+/-120.0s r=1.0deg
  candidates=1 scored=1
  candidates=1 scored=1
  best=smi:org.gfz-potsdam.de/geofon/usp2016kjiu dt_s=0.195 dist_km=3.740 picks<=400.0km=1
  best=smi:org.gfz-potsdam.de/geofon/usp2016pvha dt_s=0.746 dist_km=0.331 picks<=400.0km=7
MATCHED:  candidates=1 scored=1
 2016-08-13T04:35:07Z -> data/sisbra_all_w24/20160813T043507_usp2016pvlg_row3311 picks=1
[1339/3570] SISBRA 2016-09-15T02:21:46 lat=-9.420 lon=-36.230 mag=1.6 window=+/-120.0s r=1.0deg
  best=smi:org.gfz-potsdam.de/geofon/usp2016ppoa dt_s=0.878 dist_km=0.163 picks<=400.0km=1
MATCHED: 2016-08-13T02:26:41Z -> data/sisbra_all_w24/20160813T022641_usp2016pvha_row3310 picks=7
[1340/3570] SISBRA 2016-09-15T02:22:40 lat=-9.460 lon=-36.200 mag=1.4 window=+/-120.0s r=1.0deg
  candidates=1 scored=1
  best=smi:org.gfz-potsdam.de/geofon/usp2016qujv dt_s=0.616 dist_km=0.484 picks<=400.0km=6
  candidates=1 scored=1
  best=smi:org.gfz-potsdam.de/geofon/usp2016rzbo dt_s=0.196 dist_km=3.036 picks<=400.0km=5
MATCHED: 2016-08-09T23:09:08Z -> data/sisbra_all_w24/20160809T230908_usp2016ppoa_row3305 picks=1
[1341/3570] SISBRA 2016-09-16T09:00:16 lat=-22.340 lon=-40.680 mag=2.0 window=+/-120.0s r=1.0deg
MATCHED: 2016-05-27T10:00:49Z -> data/sisbra_all_w24/20160527T100048_usp2016kjiu_row3239 picks=1
[1342/3570] SISBRA 2016-09-16T22:04:25 lat=-9.890 lon=-57.020 mag=2.5 window=+/-120.0s r=1.0deg
MATCHED: 2016-09-12T15:17:39Z -> data/sisbra_all_w24/20160912T151739_usp2016rzbo_row3331 picks=5
[1343/3570] SISBRA 2016-09-17T03:24:43 lat=-20.240 lon=-44.000 mag=2.0 window=+/-120.0s r=1.0deg
MATCHED: 2016-08-26T20:15:22Z -> data/sisbra_all_w24/20160826T201522_usp2016qujv_row3317 picks=6
[1344/3570] SISBRA 2016-09-18T14:26:09 lat=-16.540 lon=-37.950 mag=2.9 window=+/-120.0s r=1.0deg
  candidates=1 scored=1
  best=smi:org.gfz-potsdam.de/geofon/usp2016prmr dt_s=0.009 dist_km=0.479 picks<=400.0km=7
NO_MATCH: 2016-09-16T09:00:16Z -> data/sisbra_all_w24/20160916T090016_row3339
[1345/3570] SISBRA 2016-09-20T05:18:49 lat=-10.480 lon=-43.920 mag=2.2 window=+/-120.0s r=1.0deg
MATCHED: 2016-08-11T00:44:56Z -> data/sisbra_all_w24/20160811T004456_usp2016prmr_row3306 picks=7
[1346/3570] SISBRA 2016-09-20T20:16:57 lat=-8.670 lon=-35.320 mag=1.2 window=+/-120.0s r=1.0deg
NO_MATCH: 2016-09-16T22:04:25Z -> data/sisbra_all_w24/20160916T220425_row3340
[1347/3570] SISBRA 2016-09-23T17:36:59 lat=-0.540 lon=-60.140 mag=4.3 window=+/-120.0s r=1.0deg
  candidates=1 scored=1
  best=smi:org.gfz-potsdam.de/geofon/usp2016rzoj dt_s=0.820 dist_km=0.510 picks<=400.0km=2
NO_MATCH: 2016-09-17T03:24:43Z -> data/sisbra_all_w24/20160917T032443_row3341
[1348/3570] SISBRA 2016-10-03T20:17:05 lat=-7.880 lon=-73.860 mag=4.0 window=+/-120.0s r=1.0deg
NO_MATCH: 2016-09-18T14:26:09Z -> data/sisbra_all_w24/20160918T142609_row3342
[1349/3570] SISBRA 2016-10-04T01:17:59 lat=-8.330 lon=-50.280 mag=3.0 window=+/-120.0s r=1.0deg
MATCHED: 2016-09-12T21:46:32Z -> data/sisbra_all_w24/20160912T214632_usp2016rzoj_row3333 picks=2
[1350/3570] SISBRA 2016-10-04T09:30:02 lat=-11.560 lon=-56.800 mag=1.4 window=+/-120.0s r=1.0deg
  candidates=1 scored=1
  best=smi:org.gfz-potsdam.de/geofon/usp2016rrow dt_s=0.486 dist_km=0.514 picks<=400.0km=3
  candidates=1 scored=1
  best=smi:org.gfz-potsdam.de/geofon/usp2016rcqn dt_s=0.588 dist_km=0.438 picks<=400.0km=1
NO_MATCH: 2016-09-23T17:36:59Z -> data/sisbra_all_w24/20160923T173659_row3345
[1351/3570] SISBRA 2016-10-06T10:26:21 lat=-13.810 lon=-49.110 mag=2.1 window=+/-120.0s r=1.0deg
MATCHED: 2016-09-08T12:56:12Z -> data/sisbra_all_w24/20160908T125612_usp2016rrow_row3329 picks=3
[1352/3570] SISBRA 2016-10-06T18:44:42 lat=-7.560 lon=-48.700 mag=2.4 window=+/-120.0s r=1.0deg
MATCHED: 2016-08-31T08:42:18Z -> data/sisbra_all_w24/20160831T084218_usp2016rcqn_row3320 picks=1
[1353/3570] SISBRA 2016-10-06T18:55:19 lat=0.250 lon=-50.730 mag=2.2 window=+/-120.0s r=1.0deg
  candidates=1 scored=1
  best=smi:org.gfz-potsdam.de/geofon/usp2016rzlp dt_s=0.713 dist_km=0.617 picks<=400.0km=4
  candidates=1 scored=1
  best=smi:org.gfz-potsdam.de/geofon/usp2016rdbz dt_s=0.725 dist_km=0.307 picks<=400.0km=5
MATCHED: 2016-09-12T20:22:34Z -> data/sisbra_all_w24/20160912T202234_usp2016rzlp_row3332 picks=4
[1354/3570] SISBRA 2016-10-07T19:59:55 lat=-13.710 lon=-49.060 mag=3.7 window=+/-120.0s r=1.0deg
NO_MATCH: 2016-10-06T10:26:21Z -> data/sisbra_all_w24/20161006T102621_row3349
[1355/3570] SISBRA 2016-10-09T12:03:48 lat=-5.540 lon=-36.200 mag=2.0 window=+/-120.0s r=1.0deg
MATCHED: 2016-08-31T14:30:34Z -> data/sisbra_all_w24/20160831T143034_usp2016rdbz_row3321 picks=5
[1356/3570] SISBRA 2016-10-09T18:46:09 lat=-5.510 lon=-36.180 mag=1.7 window=+/-120.0s r=1.0deg
NO_MATCH: 2016-10-06T18:55:19Z -> data/sisbra_all_w24/20161006T185519_row3351
[1357/3570] SISBRA 2016-10-16T10:26:16 lat=-1.880 lon=-59.460 mag=2.7 window=+/-120.0s r=1.0deg
  candidates=1 scored=1
NO_MATCH: 2016-10-06T18:44:42Z -> data/sisbra_all_w24/20161006T184442_row3350
[1358/3570] SISBRA 2016-10-24T20:51:54 lat=-6.400 lon=-39.180 mag=3.2 window=+/-120.0s r=1.0deg
  best=smi:org.gfz-potsdam.de/geofon/usp2016quxg dt_s=0.839 dist_km=0.034 picks<=400.0km=10
MATCHED: 2016-08-27T03:02:39Z -> data/sisbra_all_w24/20160827T030239_usp2016quxg_row3318 picks=10
[1359/3570] SISBRA 2016-10-25T09:47:32 lat=-8.550 lon=-74.100 mag=4.3 window=+/-120.0s r=1.0deg
  candidates=1 scored=1
  candidates=1 scored=1
  best=smi:org.gfz-potsdam.de/geofon/usp2016rzrf dt_s=0.183 dist_km=3.053 picks<=400.0km=2
  best=smi:org.gfz-potsdam.de/geofon/usp2016nufm dt_s=0.957 dist_km=0.727 picks<=400.0km=1
MATCHED: 2016-09-12T23:12:13Z -> data/sisbra_all_w24/20160912T231213_usp2016rzrf_row3334 picks=2
[1360/3570] SISBRA 2016-10-26T20:56:57 lat=-19.210 lon=-45.480 mag=2.3 window=+/-120.0s r=1.0deg
NO_MATCH: 2016-10-24T20:51:54Z -> data/sisbra_all_w24/20161024T205154_row3356
[1361/3570] SISBRA 2016-10-28T01:29:45 lat=-8.340 lon=-73.120 mag=4.0 window=+/-120.0s r=1.0deg
NO_MATCH: 2016-10-16T10:26:16Z -> data/sisbra_all_w24/20161016T102616_row3355
[1362/3570] SISBRA 2016-10-29T03:47:29 lat=-8.180 lon=-50.260 mag=3.1 window=+/-120.0s r=1.0deg
MATCHED: 2016-07-15T01:27:04Z -> data/sisbra_all_w24/20160715T012704_usp2016nufm_row3284 picks=1
[1363/3570] SISBRA 2016-11-01T00:32:35 lat=-19.940 lon=-44.490 mag=2.1 window=+/-120.0s r=1.0deg
  candidates=1 scored=1
  best=smi:org.gfz-potsdam.de/geofon/usp2016rrgs dt_s=0.992 dist_km=0.505 picks<=400.0km=2
  candidates=1 scored=1
  best=smi:org.gfz-potsdam.de/geofon/usp2016twdt dt_s=0.388 dist_km=0.252 picks<=400.0km=1
  candidates=1 scored=1
  best=smi:org.gfz-potsdam.de/geofon/usp2016ruxn dt_s=0.370 dist_km=0.235 picks<=400.0km=2
MATCHED: 2016-09-08T08:48:27Z -> data/sisbra_all_w24/20160908T084827_usp2016rrgs_row3328 picks=2
[1364/3570] SISBRA 2016-11-02T17:01:42 lat=-20.220 lon=-43.560 mag=2.5 window=+/-120.0s r=1.0deg
MATCHED: 2016-09-10T08:42:11Z -> data/sisbra_all_w24/20160910T084211_usp2016ruxn_row3330 picks=2
[1365/3570] SISBRA 2016-11-13T13:00:40 lat=-11.910 lon=-57.210 mag=2.1 window=+/-120.0s r=1.0deg
MATCHED: 2016-10-09T12:03:48Z -> data/sisbra_all_w24/20161009T120348_usp2016twdt_row3353 picks=1
[1366/3570] SISBRA 2016-11-16T04:15:39 lat=-10.080 lon=-37.190 mag=3.1 window=+/-120.0s r=1.0deg
  candidates=1 scored=1
  best=smi:org.gfz-potsdam.de/geofon/usp2016tluz dt_s=0.743 dist_km=0.302 picks<=400.0km=1
  candidates=1 scored=1
  best=smi:org.gfz-potsdam.de/geofon/usp2016sddm dt_s=0.652 dist_km=4.575 picks<=400.0km=6
MATCHED: 2016-10-03T20:17:05Z -> data/sisbra_all_w24/20161003T201705_usp2016tluz_row3346 picks=1
[1367/3570] SISBRA 2016-11-17T20:34:14 lat=-8.730 lon=-73.240 mag=4.2 window=+/-120.0s r=1.0deg
NO_MATCH: 2016-11-13T13:00:40Z -> data/sisbra_all_w24/20161113T130040_row3363
[1368/3570] SISBRA 2016-11-18T06:34:21 lat=-24.780 lon=-48.130 mag=2.4 window=+/-120.0s r=1.0deg
  candidates=1 scored=1
  best=smi:org.gfz-potsdam.de/geofon/usp2016twra dt_s=0.862 dist_km=0.518 picks<=400.0km=1
MATCHED: 2016-09-14T20:48:37Z -> data/sisbra_all_w24/20160914T204836_usp2016sddm_row3336 picks=6
[1369/3570] SISBRA 2016-11-19T03:05:31 lat=-11.690 lon=-56.700 mag=2.6 window=+/-120.0s r=1.0deg
  candidates=1 scored=1
  best=smi:org.gfz-potsdam.de/geofon/usp2016sobl dt_s=0.442 dist_km=0.537 picks<=400.0km=3
MATCHED: 2016-10-09T18:46:09Z -> data/sisbra_all_w24/20161009T184609_usp2016twra_row3354 picks=1
[1370/3570] SISBRA 2016-11-20T04:11:48 lat=-7.350 lon=-58.830 mag=2.6 window=+/-120.0s r=1.0deg
  candidates=1 scored=1
  best=smi:org.gfz-potsdam.de/geofon/usp2016smxv dt_s=0.666 dist_km=0.560 picks<=400.0km=1
  candidates=1 scored=1
MATCHED: 2016-09-20T20:16:57Z -> data/sisbra_all_w24/20160920T201657_usp2016sobl_row3344 picks=3
[1371/3570] SISBRA 2016-11-22T03:29:20 lat=-23.600 lon=-47.400 mag=2.1 window=+/-120.0s r=1.0deg
MATCHED: 2016-09-20T05:18:49Z -> data/sisbra_all_w24/20160920T051849_usp2016smxv_row3343 picks=1
[1372/3570] SISBRA 2016-11-25T02:29:04 lat=-34.690 lon=-56.200 mag=3.0 window=+/-120.0s r=1.0deg
  best=smi:org.gfz-potsdam.de/geofon/usp2016safq dt_s=0.403 dist_km=0.373 picks<=400.0km=3
MATCHED: 2016-09-13T06:29:03Z -> data/sisbra_all_w24/20160913T062903_usp2016safq_row3335 picks=3
[1373/3570] SISBRA 2016-11-26T09:06:43 lat=-18.580 lon=-45.540 mag=2.3 window=+/-120.0s r=1.0deg
  candidates=1 scored=1
  best=smi:org.gfz-potsdam.de/geofon/usp2016prvz dt_s=0.859 dist_km=0.543 picks<=400.0km=14
NO_MATCH: 2016-11-20T04:11:48Z -> data/sisbra_all_w24/20161120T041148_row3368
[1374/3570] SISBRA 2016-11-27T22:03:51 lat=-1.460 lon=-60.380 mag=3.4 window=+/-120.0s r=1.0deg
NO_MATCH: 2016-11-25T02:29:04Z -> data/sisbra_all_w24/20161125T022904_row3370
[1375/3570] SISBRA 2016-11-28T06:35:53 lat=-8.740 lon=-73.950 mag=4.1 window=+/-120.0s r=1.0deg
MATCHED: 2016-08-11T05:27:23Z -> data/sisbra_all_w24/20160811T052723_usp2016prvz_row3307 picks=14
[1376/3570] SISBRA 2016-12-06T05:25:58 lat=-19.450 lon=-46.790 mag=2.4 window=+/-120.0s r=1.0deg
  candidates=1 scored=1
  best=smi:org.gfz-potsdam.de/geofon/usp2016tmvd dt_s=0.298 dist_km=0.254 picks<=400.0km=2
NO_MATCH: 2016-11-26T09:06:43Z -> data/sisbra_all_w24/20161126T090643_row3371
[1377/3570] SISBRA 2016-12-07T03:30:18 lat=-12.990 lon=-47.690 mag=2.3 window=+/-120.0s r=1.0deg
  candidates=1 scored=1
  best=smi:org.gfz-potsdam.de/geofon/usp2016wqbe dt_s=0.871 dist_km=0.404 picks<=400.0km=1
NO_MATCH: 2016-11-27T22:03:51Z -> data/sisbra_all_w24/20161127T220351_row3372
[1378/3570] SISBRA 2016-12-09T17:20:47 lat=-5.220 lon=-73.450 mag=5.0 window=+/-120.0s r=1.0deg
MATCHED: 2016-10-04T09:30:02Z -> data/sisbra_all_w24/20161004T093002_usp2016tmvd_row3348 picks=2
[1379/3570] SISBRA 2016-12-18T13:30:11 lat=-10.080 lon=-71.070 mag=6.3 window=+/-120.0s r=1.0deg
  candidates=1 scored=1
MATCHED: 2016-11-17T20:34:14Z -> data/sisbra_all_w24/20161117T203414_usp2016wqbe_row3365 picks=1
[1380/3570] SISBRA 2016-12-19T22:32:15 lat=-11.680 lon=-56.800 mag=2.7 window=+/-120.0s r=1.0deg
  best=smi:org.gfz-potsdam.de/geofon/usp2016rawr dt_s=0.463 dist_km=0.493 picks<=400.0km=2
  candidates=1 scored=1
  best=smi:org.gfz-potsdam.de/geofon/usp2016ocpi dt_s=1.600 dist_km=11.313 picks<=400.0km=6
  candidates=1 scored=1
NO_MATCH: 2016-12-06T05:25:58Z -> data/sisbra_all_w24/20161206T052558_row3374
[1381/3570] SISBRA 2016-12-20T22:03:21 lat=-5.400 lon=-62.310 mag=4.0 window=+/-120.0s r=1.0deg
  best=smi:org.gfz-potsdam.de/geofon/usp2016rjuk dt_s=0.078 dist_km=0.132 picks<=400.0km=13
MATCHED: 2016-08-30T09:34:28Z -> data/sisbra_all_w24/20160830T093428_usp2016rawr_row3319 picks=2
[1382/3570] SISBRA 2016-12-21T23:42:34 lat=-10.790 lon=-70.220 mag=4.0 window=+/-120.0s r=1.0deg
NO_MATCH: 2016-12-07T03:30:18Z -> data/sisbra_all_w24/20161207T033018_row3375
[1383/3570] SISBRA 2016-12-22T06:56:24 lat=-20.260 lon=-47.030 mag=2.3 window=+/-120.0s r=1.0deg
MATCHED: 2016-09-04T06:38:05Z -> data/sisbra_all_w24/20160904T063805_usp2016rjuk_row3324 picks=13
[1384/3570] SISBRA 2016-12-25T13:59:34 lat=-6.353 lon=-50.040 mag=3.8 window=+/-120.0s r=1.0deg
MATCHED: 2016-07-19T15:30:46Z -> data/sisbra_all_w24/20160719T153044_usp2016ocpi_row3292 picks=6
[1385/3570] SISBRA 2016-12-27T06:21:17 lat=-25.510 lon=-45.890 mag=2.1 window=+/-120.0s r=1.0deg
NO_MATCH: 2016-12-19T22:32:15Z -> data/sisbra_all_w24/20161219T223215_row3378
[1386/3570] SISBRA 2016-12-28T22:34:20 lat=-24.100 lon=-44.720 mag=2.1 window=+/-120.0s r=1.0deg
  candidates=1 scored=1
  best=smi:org.gfz-potsdam.de/geofon/usp2016wmzk dt_s=0.312 dist_km=18.607 picks<=400.0km=0
  candidates=3 scored=3
  best=smi:org.gfz-potsdam.de/geofon/usp2016sdon dt_s=0.285 dist_km=7.572 picks<=400.0km=6
  candidates=1 scored=1
  best=smi:org.gfz-potsdam.de/geofon/usp2016pwiz dt_s=0.325 dist_km=0.467 picks<=400.0km=3
MATCHED: 2016-11-16T04:15:39Z -> data/sisbra_all_w24/20161116T041538_usp2016wmzk_row3364 picks=0
[1387/3570] SISBRA 2017-01-03T12:43:46.500000 lat=-3.142 lon=-43.857 mag=4.3 window=+/-120.0s r=1.0deg
MATCHED: 2016-09-15T02:22:40Z -> data/sisbra_all_w24/20160915T022240_usp2016sdon_row3338 picks=6
[1388/3570] SISBRA 2017-01-03T12:50:49 lat=-3.140 lon=-43.860 mag=3.1 window=+/-120.0s r=1.0deg
NO_MATCH: 2016-12-22T06:56:24Z -> data/sisbra_all_w24/20161222T065624_row3381
[1389/3570] SISBRA 2017-01-03T13:02:10 lat=-3.140 lon=-43.860 mag=1.3 window=+/-120.0s r=1.0deg
MATCHED: 2016-08-13T16:34:22Z -> data/sisbra_all_w24/20160813T163422_usp2016pwiz_row3312 picks=3
[1390/3570] SISBRA 2017-01-03T13:04:17 lat=-3.140 lon=-43.860 mag=2.2 window=+/-120.0s r=1.0deg
  candidates=1 scored=1
  best=smi:org.gfz-potsdam.de/geofon/usp2016tmex dt_s=0.460 dist_km=0.523 picks<=400.0km=2
MATCHED: 2016-10-04T01:17:59Z -> data/sisbra_all_w24/20161004T011759_usp2016tmex_row3347 picks=2
[1391/3570] SISBRA 2017-01-03T13:15:15 lat=-3.140 lon=-43.860 mag=2.2 window=+/-120.0s r=1.0deg
  candidates=1 scored=1
  best=smi:org.gfz-potsdam.de/geofon/usp2016ydzx dt_s=0.569 dist_km=0.594 picks<=400.0km=1
  candidates=1 scored=1
  best=smi:org.gfz-potsdam.de/geofon/usp2016wsjp dt_s=0.662 dist_km=0.485 picks<=400.0km=2
MATCHED: 2016-12-09T17:20:47Z -> data/sisbra_all_w24/20161209T172047_usp2016ydzx_row3376 picks=1
[1392/3570] SISBRA 2017-01-03T13:23:08 lat=-3.140 lon=-43.860 mag=1.7 window=+/-120.0s r=1.0deg
MATCHED: 2016-11-19T03:05:31Z -> data/sisbra_all_w24/20161119T030531_usp2016wsjp_row3367 picks=2
[1393/3570] SISBRA 2017-01-03T14:08:22 lat=-3.140 lon=-43.860 mag=2.2 window=+/-120.0s r=1.0deg
  candidates=1 scored=1
  best=smi:org.gfz-potsdam.de/geofon/usp2016vbww dt_s=0.098 dist_km=5.748 picks<=400.0km=4
  candidates=1 scored=1
  best=smi:org.gfz-potsdam.de/geofon/usp2016vlhn dt_s=0.822 dist_km=10.432 picks<=400.0km=4
MATCHED: 2016-10-26T20:56:57Z -> data/sisbra_all_w24/20161026T205657_usp2016vbww_row3358 picks=4
[1394/3570] SISBRA 2017-01-03T14:19:12 lat=-3.140 lon=-43.860 mag=1.5 window=+/-120.0s r=1.0deg
MATCHED: 2016-11-01T00:32:35Z -> data/sisbra_all_w24/20161101T003234_usp2016vlhn_row3361 picks=4
[1395/3570] SISBRA 2017-01-03T16:21:24 lat=-3.140 lon=-43.860 mag=2.0 window=+/-120.0s r=1.0deg
  candidates=1 scored=1
  best=smi:org.gfz-potsdam.de/geofon/usp2017aeqw dt_s=2.420 dist_km=20.504 picks<=400.0km=2
  candidates=1 scored=1
  best=smi:org.gfz-potsdam.de/geofon/usp2016zncu dt_s=0.236 dist_km=0.407 picks<=400.0km=4
  candidates=1 scored=1
  best=smi:org.gfz-potsdam.de/geofon/usp2017aeql dt_s=1.000 dist_km=23.444 picks<=400.0km=1
MATCHED: 2016-12-28T22:34:20Z -> data/sisbra_all_w24/20161228T223420_usp2016zncu_row3384 picks=4
[1396/3570] SISBRA 2017-01-03T18:35:58 lat=-3.140 lon=-43.860 mag=0.9 window=+/-120.0s r=1.0deg
MATCHED: 2017-01-03T13:04:17Z -> data/sisbra_all_w24/20170103T130414_usp2017aeqw_row3388 picks=2
[1397/3570] SISBRA 2017-01-03T21:05:02 lat=-3.140 lon=-43.860 mag=2.2 window=+/-120.0s r=1.0deg
MATCHED: 2017-01-03T12:50:49Z -> data/sisbra_all_w24/20170103T125048_usp2017aeql_row3386 picks=1
[1398/3570] SISBRA 2017-01-04T00:30:31 lat=-3.140 lon=-43.860 mag=2.5 window=+/-120.0s r=1.0deg
  candidates=1 scored=1
  best=smi:org.gfz-potsdam.de/geofon/usp2017aerm dt_s=4.000 dist_km=23.444 picks<=400.0km=2
  candidates=3 scored=3
  best=smi:org.gfz-potsdam.de/geofon/usp2016sdom dt_s=0.075 dist_km=3.612 picks<=400.0km=6
  candidates=1 scored=1
  best=smi:org.gfz-potsdam.de/geofon/usp2017aequ dt_s=3.000 dist_km=23.444 picks<=400.0km=2
AMBIGUOUS: 2016-09-15T02:21:46Z -> data/sisbra_all_w24/20160915T022146_usp2016sdom_row3337 picks=6
[1399/3570] SISBRA 2017-01-04T09:21:05 lat=-3.140 lon=-43.860 mag=2.7 window=+/-120.0s r=1.0deg
MATCHED: 2017-01-03T13:23:08Z -> data/sisbra_all_w24/20170103T132304_usp2017aerm_row3390 picks=2
[1400/3570] SISBRA 2017-01-04T10:08:43 lat=-3.140 lon=-43.860 mag=2.5 window=+/-120.0s r=1.0deg
NO_MATCH: 2017-01-03T21:05:02Z -> data/sisbra_all_w24/20170103T210502_row3395
[1401/3570] SISBRA 2017-01-05T18:10:21 lat=-15.690 lon=-56.410 mag=3.1 window=+/-120.0s r=1.0deg
MATCHED: 2017-01-03T13:02:10Z -> data/sisbra_all_w24/20170103T130207_usp2017aequ_row3387 picks=2
[1402/3570] SISBRA 2017-01-07T02:27:41 lat=-3.140 lon=-43.860 mag=2.1 window=+/-120.0s r=1.0deg
  candidates=1 scored=1
  best=smi:org.gfz-potsdam.de/geofon/usp2017aerg dt_s=3.000 dist_km=23.444 picks<=400.0km=2
MATCHED: 2017-01-03T13:15:15Z -> data/sisbra_all_w24/20170103T131512_usp2017aerg_row3389 picks=2
[1403/3570] SISBRA 2017-01-10T04:30:44 lat=-3.140 lon=-43.860 mag=0.2 window=+/-120.0s r=1.0deg
  candidates=1 scored=1
  best=smi:org.gfz-potsdam.de/geofon/usp2017aexj dt_s=2.000 dist_km=23.444 picks<=400.0km=2
  candidates=1 scored=1
  best=smi:org.gfz-potsdam.de/geofon/usp2017afbv dt_s=3.000 dist_km=23.444 picks<=400.0km=2
MATCHED: 2017-01-03T16:21:24Z -> data/sisbra_all_w24/20170103T162122_usp2017aexj_row3393 picks=2
[1404/3570] SISBRA 2017-01-11T10:05:12 lat=-13.600 lon=-48.820 mag=3.8 window=+/-120.0s r=1.0deg
NO_MATCH: 2017-01-07T02:27:41Z -> data/sisbra_all_w24/20170107T022741_row3400
[1405/3570] SISBRA 2017-01-11T22:54:04 lat=-3.140 lon=-43.860 mag=1.2 window=+/-120.0s r=1.0deg
  candidates=1 scored=1
  best=smi:org.gfz-potsdam.de/geofon/usp2017aesz dt_s=2.000 dist_km=23.894 picks<=400.0km=2
MATCHED: 2017-01-03T14:08:22Z -> data/sisbra_all_w24/20170103T140820_usp2017aesz_row3391 picks=2
[1406/3570] SISBRA 2017-01-11T23:11:56 lat=-3.140 lon=-43.860 mag=0.8 window=+/-120.0s r=1.0deg
MATCHED: 2017-01-03T18:35:58Z -> data/sisbra_all_w24/20170103T183555_usp2017afbv_row3394 picks=2
[1407/3570] SISBRA 2017-01-12T08:55:02 lat=-3.140 lon=-43.860 mag=1.0 window=+/-120.0s r=1.0deg
  candidates=1 scored=1
  best=smi:org.gfz-potsdam.de/geofon/usp2016vgbl dt_s=2.302 dist_km=14.454 picks<=400.0km=1
NO_MATCH: 2017-01-10T04:30:44Z -> data/sisbra_all_w24/20170110T043044_row3401
[1408/3570] SISBRA 2017-01-12T19:15:47 lat=-21.790 lon=-46.540 mag=3.2 window=+/-120.0s r=1.0deg
  candidates=1 scored=1
NO_MATCH: 2017-01-11T10:05:12Z -> data/sisbra_all_w24/20170111T100512_row3402
[1409/3570] SISBRA 2017-01-12T19:28:12 lat=-21.940 lon=-46.530 mag=2.2 window=+/-120.0s r=1.0deg
MATCHED: 2016-10-29T03:47:29Z -> data/sisbra_all_w24/20161029T034731_usp2016vgbl_row3360 picks=1
[1410/3570] SISBRA 2017-01-12T19:37:21 lat=-21.960 lon=-46.550 mag=2.3 window=+/-120.0s r=1.0deg
  best=smi:org.gfz-potsdam.de/geofon/usp2016vebj dt_s=0.949 dist_km=0.664 picks<=400.0km=1
NO_MATCH: 2017-01-11T22:54:04Z -> data/sisbra_all_w24/20170111T225404_row3403
[1411/3570] SISBRA 2017-01-13T18:01:09 lat=-21.930 lon=-46.570 mag=2.2 window=+/-120.0s r=1.0deg
NO_MATCH: 2017-01-11T23:11:56Z -> data/sisbra_all_w24/20170111T231156_row3404
[1412/3570] SISBRA 2017-01-17T00:16:57 lat=-3.140 lon=-43.860 mag=0.2 window=+/-120.0s r=1.0deg
  candidates=1 scored=1
  best=smi:org.gfz-potsdam.de/geofon/usp2016wxwx dt_s=0.159 dist_km=0.427 picks<=400.0km=6
NO_MATCH: 2017-01-12T08:55:02Z -> data/sisbra_all_w24/20170112T085502_row3405
[1413/3570] SISBRA 2017-01-19T07:14:35 lat=-3.140 lon=-43.860 mag=0.9 window=+/-120.0s r=1.0deg
MATCHED: 2016-10-28T01:29:45Z -> data/sisbra_all_w24/20161028T012945_usp2016vebj_row3359 picks=1
[1414/3570] SISBRA 2017-01-19T23:35:57 lat=-3.140 lon=-43.860 mag=0.1 window=+/-120.0s r=1.0deg
MATCHED: 2016-11-22T03:29:20Z -> data/sisbra_all_w24/20161122T032920_usp2016wxwx_row3369 picks=6
[1415/3570] SISBRA 2017-01-22T14:40:52 lat=-3.140 lon=-43.860 mag=1.3 window=+/-120.0s r=1.0deg
  candidates=1 scored=1
  best=smi:org.gfz-potsdam.de/geofon/usp2017aggp dt_s=0.167 dist_km=9.026 picks<=400.0km=1
  candidates=1 scored=1
  best=smi:org.gfz-potsdam.de/geofon/usp2016wquz dt_s=0.600 dist_km=0.190 picks<=400.0km=6
MATCHED: 2017-01-04T10:08:43Z -> data/sisbra_all_w24/20170104T100842_usp2017aggp_row3398 picks=1
[1416/3570] SISBRA 2017-01-28T00:36:39 lat=-13.290 lon=-49.490 mag=2.9 window=+/-120.0s r=1.0deg
  candidates=1 scored=1
  best=smi:org.gfz-potsdam.de/geofon/usp2017afnn dt_s=10.302 dist_km=12.510 picks<=400.0km=1
  candidates=1 scored=1
  best=smi:org.gfz-potsdam.de/geofon/usp2017aetj dt_s=2.000 dist_km=22.515 picks<=400.0km=2
NO_MATCH: 2017-01-22T14:40:52Z -> data/sisbra_all_w24/20170122T144052_row3413
[1417/3570] SISBRA 2017-02-02T07:15:10.600000 lat=-3.143 lon=-43.857 mag=0.6 window=+/-120.0s r=1.0deg
MATCHED: 2016-11-18T06:34:21Z -> data/sisbra_all_w24/20161118T063421_usp2016wquz_row3366 picks=6
[1418/3570] SISBRA 2017-02-03T04:35:41 lat=-20.620 lon=-45.540 mag=2.5 window=+/-120.0s r=1.0deg
NO_MATCH: 2017-01-19T23:35:57Z -> data/sisbra_all_w24/20170119T233557_row3412
[1419/3570] SISBRA 2017-02-12T11:33:54 lat=-8.470 lon=-53.230 mag=2.9 window=+/-120.0s r=1.0deg
NO_MATCH: 2017-01-17T00:16:57Z -> data/sisbra_all_w24/20170117T001657_row3410
[1420/3570] SISBRA 2017-02-12T20:21:09 lat=-8.550 lon=-53.290 mag=3.9 window=+/-120.0s r=1.0deg
NO_MATCH: 2017-01-19T07:14:35Z -> data/sisbra_all_w24/20170119T071435_row3411
[1421/3570] SISBRA 2017-02-17T17:15:42 lat=-22.420 lon=-40.100 mag=3.5 window=+/-120.0s r=1.0deg
  candidates=1 scored=1
MATCHED: 2017-01-03T14:19:12Z -> data/sisbra_all_w24/20170103T141910_usp2017aetj_row3392 picks=2
[1422/3570] SISBRA 2017-02-18T06:29:47 lat=-22.320 lon=-40.190 mag=3.5 window=+/-120.0s r=1.0deg
  best=smi:org.gfz-potsdam.de/geofon/usp2016zkbe dt_s=0.416 dist_km=0.208 picks<=400.0km=4
MATCHED: 2017-01-04T00:30:31Z -> data/sisbra_all_w24/20170104T003020_usp2017afnn_row3396 picks=1
[1423/3570] SISBRA 2017-02-19T22:55:00 lat=-21.810 lon=-40.800 mag=2.2 window=+/-120.0s r=1.0deg
  candidates=1 scored=1
NO_MATCH: 2017-01-28T00:36:39Z -> data/sisbra_all_w24/20170128T003639_row3415
[1424/3570] SISBRA 2017-02-24T02:21:29 lat=-3.600 lon=-62.710 mag=3.1 window=+/-120.0s r=1.0deg
  best=smi:org.gfz-potsdam.de/geofon/usp2017agfa dt_s=0.207 dist_km=10.137 picks<=400.0km=1
MATCHED: 2016-12-27T06:21:17Z -> data/sisbra_all_w24/20161227T062117_usp2016zkbe_row3383 picks=4
[1425/3570] SISBRA 2017-02-27T07:05:39 lat=-26.930 lon=-56.790 mag=3.7 window=+/-120.0s r=1.0deg
  candidates=1 scored=1
  best=smi:org.gfz-potsdam.de/geofon/usp2016vojq dt_s=0.794 dist_km=0.428 picks<=400.0km=13
MATCHED: 2017-01-04T09:21:05Z -> data/sisbra_all_w24/20170104T092104_usp2017agfa_row3397 picks=1
[1426/3570] SISBRA 2017-02-28T04:56:27 lat=-8.420 lon=-74.130 mag=4.8 window=+/-120.0s r=1.0deg
MATCHED: 2016-11-02T17:01:42Z -> data/sisbra_all_w24/20161102T170142_usp2016vojq_row3362 picks=13
[1427/3570] SISBRA 2017-03-01T08:28:11 lat=-13.350 lon=-39.710 mag=2.2 window=+/-120.0s r=1.0deg
NO_MATCH: 2017-02-02T07:15:10.600000Z -> data/sisbra_all_w24/20170202T071510_row3416
[1428/3570] SISBRA 2017-03-01T22:46:33 lat=0.610 lon=-50.180 mag=3.8 window=+/-120.0s r=1.0deg
  candidates=1 scored=1
  best=smi:org.gfz-potsdam.de/geofon/usp2016uzfh dt_s=0.975 dist_km=0.605 picks<=400.0km=1
  candidates=1 scored=1
  best=smi:org.gfz-potsdam.de/geofon/usp2017avpj dt_s=0.740 dist_km=0.267 picks<=400.0km=3
  candidates=1 scored=1
  best=smi:org.gfz-potsdam.de/geofon/usp2016zakn dt_s=0.948 dist_km=0.633 picks<=400.0km=0
MATCHED: 2016-10-25T09:47:32Z -> data/sisbra_all_w24/20161025T094732_usp2016uzfh_row3357 picks=1
[1429/3570] SISBRA 2017-03-03T18:15:01 lat=-8.600 lon=-53.290 mag=3.9 window=+/-120.0s r=1.0deg
MATCHED: 2017-01-12T19:37:21Z -> data/sisbra_all_w24/20170112T193721_usp2017avpj_row3408 picks=3
[1430/3570] SISBRA 2017-03-05T01:09:46 lat=-19.860 lon=-47.450 mag=2.9 window=+/-120.0s r=1.0deg
  candidates=1 scored=1
  best=smi:org.gfz-potsdam.de/geofon/usp2017avpb dt_s=0.799 dist_km=0.526 picks<=400.0km=5
MATCHED: 2016-12-21T23:42:34Z -> data/sisbra_all_w24/20161221T234234_usp2016zakn_row3380 picks=0
[1431/3570] SISBRA 2017-03-05T08:46:11 lat=-3.500 lon=-40.230 mag=2.6 window=+/-120.0s r=1.0deg
MATCHED: 2017-01-12T19:28:12Z -> data/sisbra_all_w24/20170112T192812_usp2017avpb_row3407 picks=5
[1432/3570] SISBRA 2017-03-05T16:12:09 lat=-21.370 lon=-48.570 mag=1.3 window=+/-120.0s r=1.0deg
  candidates=1 scored=1
  best=smi:org.gfz-potsdam.de/geofon/usp2017axhs dt_s=0.940 dist_km=0.456 picks<=400.0km=5
MATCHED: 2017-01-13T18:01:09Z -> data/sisbra_all_w24/20170113T180109_usp2017axhs_row3409 picks=5
[1433/3570] SISBRA 2017-03-06T02:01:50 lat=-8.670 lon=-74.050 mag=4.2 window=+/-120.0s r=1.0deg
  candidates=1 scored=1
  best=smi:org.gfz-potsdam.de/geofon/usp2016ttcl dt_s=0.444 dist_km=2.517 picks<=400.0km=2
MATCHED: 2016-10-07T19:59:55Z -> data/sisbra_all_w24/20161007T195955_usp2016ttcl_row3352 picks=2
[1434/3570] SISBRA 2017-03-06T15:09:47 lat=-11.600 lon=-57.620 mag=2.4 window=+/-120.0s r=1.0deg
  candidates=1 scored=1
  best=smi:org.gfz-potsdam.de/geofon/usp2016xjca dt_s=0.444 dist_km=0.169 picks<=400.0km=1
MATCHED: 2016-11-28T06:35:53Z -> data/sisbra_all_w24/20161128T063553_usp2016xjca_row3373 picks=1
[1435/3570] SISBRA 2017-03-07T17:41:09 lat=-28.410 lon=-52.930 mag=2.6 window=+/-120.0s r=1.0deg
  candidates=1 scored=1
  best=smi:org.gfz-potsdam.de/geofon/usp2017eocf dt_s=0.207 dist_km=0.433 picks<=400.0km=2
MATCHED: 2017-03-06T15:09:47Z -> data/sisbra_all_w24/20170306T150947_usp2017eocf_row3433 picks=2
[1436/3570] SISBRA 2017-03-08T07:26:04 lat=5.750 lon=-52.990 mag=4.1 window=+/-120.0s r=1.0deg
  candidates=1 scored=1
  best=smi:org.gfz-potsdam.de/geofon/usp2017czqa dt_s=0.768 dist_km=0.506 picks<=400.0km=2
  candidates=1 scored=1
  best=smi:org.gfz-potsdam.de/geofon/usp2016yylt dt_s=0.094 dist_km=0.381 picks<=400.0km=0
  candidates=1 scored=1
  best=smi:org.gfz-potsdam.de/geofon/usp2017duvv dt_s=0.467 dist_km=2.199 picks<=400.0km=2
MATCHED: 2017-02-12T11:33:54Z -> data/sisbra_all_w24/20170212T113354_usp2017czqa_row3418 picks=2
[1437/3570] SISBRA 2017-03-09T02:01:59 lat=-21.300 lon=-48.530 mag=1.2 window=+/-120.0s r=1.0deg
MATCHED: 2016-12-20T22:03:21Z -> data/sisbra_all_w24/20161220T220321_usp2016yylt_row3379 picks=0
[1438/3570] SISBRA 2017-03-09T02:22:56 lat=-21.290 lon=-48.580 mag=0.7 window=+/-120.0s r=1.0deg
MATCHED: 2017-02-24T02:21:29Z -> data/sisbra_all_w24/20170224T022129_usp2017duvv_row3423 picks=2
[1439/3570] SISBRA 2017-03-12T02:27:39 lat=-13.770 lon=-49.060 mag=2.8 window=+/-120.0s r=1.0deg
  candidates=1 scored=1
  best=smi:org.gfz-potsdam.de/geofon/usp2017emit dt_s=0.000 dist_km=0.000 picks<=400.0km=4
  candidates=1 scored=1
  best=smi:org.gfz-potsdam.de/geofon/usp2017dnha dt_s=0.704 dist_km=0.236 picks<=400.0km=4
MATCHED: 2017-03-05T16:12:09Z -> data/sisbra_all_w24/20170305T161209_usp2017emit_row3431 picks=4
[1440/3570] SISBRA 2017-03-12T05:55:37 lat=-8.500 lon=-53.150 mag=2.8 window=+/-120.0s r=1.0deg
MATCHED: 2017-02-19T22:55:00Z -> data/sisbra_all_w24/20170219T225500_usp2017dnha_row3422 picks=4
[1441/3570] SISBRA 2017-03-15T05:05:39 lat=-21.430 lon=-41.830 mag=2.9 window=+/-120.0s r=1.0deg
  candidates=1 scored=1
  best=smi:org.gfz-potsdam.de/geofon/usp2017elub dt_s=0.184 dist_km=0.279 picks<=400.0km=1
MATCHED: 2017-03-05T08:46:11Z -> data/sisbra_all_w24/20170305T084611_usp2017elub_row3430 picks=1
[1442/3570] SISBRA 2017-03-24T09:05:18 lat=-2.620 lon=-49.780 mag=3.1 window=+/-120.0s r=1.0deg
  candidates=1 scored=1
  candidates=1 scored=1
  best=smi:org.gfz-potsdam.de/geofon/usp2017eell dt_s=0.334 dist_km=0.393 picks<=400.0km=5
  best=smi:org.gfz-potsdam.de/geofon/usp2017aeqf dt_s=3.911 dist_km=22.679 picks<=400.0km=1
  candidates=1 scored=1
  best=smi:org.gfz-potsdam.de/geofon/usp2017airz dt_s=0.712 dist_km=0.143 picks<=400.0km=5
MATCHED: 2017-01-05T18:10:21Z -> data/sisbra_all_w24/20170105T181021_usp2017airz_row3399 picks=5
[1443/3570] SISBRA 2017-03-24T09:06:01 lat=-2.590 lon=-49.530 mag=3.5 window=+/-120.0s r=1.0deg
MATCHED: 2017-01-03T12:43:46.500000Z -> data/sisbra_all_w24/20170103T124342_usp2017aeqf_row3385 picks=1
[1444/3570] SISBRA 2017-03-25T22:08:54 lat=-7.110 lon=-55.480 mag=2.8 window=+/-120.0s r=1.0deg
MATCHED: 2017-03-01T08:28:11Z -> data/sisbra_all_w24/20170301T082811_usp2017eell_row3426 picks=5
[1445/3570] SISBRA 2017-03-26T06:51:07 lat=-10.070 lon=-37.110 mag=2.7 window=+/-120.0s r=1.0deg
  candidates=1 scored=1
  best=smi:org.gfz-potsdam.de/geofon/usp2016zgzh dt_s=1.950 dist_km=6.118 picks<=400.0km=2
  candidates=1 scored=1
  best=smi:org.gfz-potsdam.de/geofon/usp2017espk dt_s=0.464 dist_km=0.261 picks<=400.0km=1
  candidates=1 scored=1
  best=smi:org.gfz-potsdam.de/geofon/usp2017eycc dt_s=0.184 dist_km=0.304 picks<=400.0km=2
MATCHED: 2016-12-25T13:59:34Z -> data/sisbra_all_w24/20161225T135935_usp2016zgzh_row3382 picks=2
[1446/3570] SISBRA 2017-03-26T10:33:57 lat=-7.400 lon=-73.580 mag=4.0 window=+/-120.0s r=1.0deg
MATCHED: 2017-03-09T02:22:56Z -> data/sisbra_all_w24/20170309T022256_usp2017espk_row3437 picks=1
[1447/3570] SISBRA 2017-03-27T07:01:41 lat=-19.490 lon=-56.330 mag=2.7 window=+/-120.0s r=1.0deg
MATCHED: 2017-03-12T02:27:39Z -> data/sisbra_all_w24/20170312T022739_usp2017eycc_row3438 picks=2
[1448/3570] SISBRA 2017-03-27T12:33:15 lat=-15.710 lon=-51.810 mag=1.0 window=+/-120.0s r=1.0deg
  candidates=1 scored=1
  best=smi:org.gfz-potsdam.de/geofon/usp2017dahk dt_s=0.204 dist_km=0.468 picks<=400.0km=1
  candidates=1 scored=1
  best=smi:org.gfz-potsdam.de/geofon/usp2017esor dt_s=0.137 dist_km=0.185 picks<=400.0km=1
MATCHED: 2017-02-12T20:21:09Z -> data/sisbra_all_w24/20170212T202109_usp2017dahk_row3419 picks=1
[1449/3570] SISBRA 2017-03-29T04:48:04 lat=-21.930 lon=-46.530 mag=2.2 window=+/-120.0s r=1.0deg
MATCHED: 2017-03-09T02:01:59Z -> data/sisbra_all_w24/20170309T020159_usp2017esor_row3436 picks=1
[1450/3570] SISBRA 2017-04-01T00:55:18 lat=-15.400 lon=-56.070 mag=2.3 window=+/-120.0s r=1.0deg
  candidates=1 scored=1
  best=smi:org.gfz-potsdam.de/geofon/usp2017eqcs dt_s=0.853 dist_km=0.556 picks<=400.0km=5
MATCHED: 2017-03-07T17:41:09Z -> data/sisbra_all_w24/20170307T174109_usp2017eqcs_row3434 picks=5
[1451/3570] SISBRA 2017-04-05T17:20:59 lat=-10.590 lon=-45.110 mag=3.0 window=+/-120.0s r=1.0deg
  candidates=1 scored=1
  best=smi:org.gfz-potsdam.de/geofon/usp2017dkfa dt_s=0.565 dist_km=1.589 picks<=400.0km=5
  candidates=1 scored=1
  best=smi:org.gfz-potsdam.de/geofon/usp2017erdx dt_s=3.500 dist_km=0.196 picks<=400.0km=0
MATCHED: 2017-02-18T06:29:47Z -> data/sisbra_all_w24/20170218T062947_usp2017dkfa_row3421 picks=5
[1452/3570] SISBRA 2017-04-05T23:37:28 lat=-10.070 lon=-44.490 mag=2.4 window=+/-120.0s r=1.0deg
  candidates=1 scored=1
  best=smi:org.gfz-potsdam.de/geofon/usp2017ciqs dt_s=0.431 dist_km=0.393 picks<=400.0km=2
MATCHED: 2017-03-08T07:26:04Z -> data/sisbra_all_w24/20170308T072607_usp2017erdx_row3435 picks=0
[1453/3570] SISBRA 2017-04-10T01:59:51 lat=-3.190 lon=-40.090 mag=3.1 window=+/-120.0s r=1.0deg
MATCHED: 2017-02-03T04:35:41Z -> data/sisbra_all_w24/20170203T043541_usp2017ciqs_row3417 picks=2
[1454/3570] SISBRA 2017-04-14T16:01:02 lat=-16.000 lon=-52.070 mag=2.8 window=+/-120.0s r=1.0deg
  candidates=1 scored=1
  best=smi:org.gfz-potsdam.de/geofon/usp2017gagp dt_s=0.000 dist_km=0.483 picks<=400.0km=1
MATCHED: 2017-03-27T12:33:15Z -> data/sisbra_all_w24/20170327T123315_usp2017gagp_row3447 picks=1
[1455/3570] SISBRA 2017-04-19T05:31:08 lat=-23.330 lon=-43.610 mag=2.1 window=+/-120.0s r=1.0deg
  candidates=1 scored=1
  best=smi:org.gfz-potsdam.de/geofon/usp2017avor dt_s=0.279 dist_km=0.391 picks<=400.0km=4
MATCHED: 2017-01-12T19:15:47Z -> data/sisbra_all_w24/20170112T191547_usp2017avor_row3406 picks=4
[1456/3570] SISBRA 2017-04-19T07:38:22 lat=-0.650 lon=-60.300 mag=3.3 window=+/-120.0s r=1.0deg
  candidates=1 scored=1
  best=smi:org.gfz-potsdam.de/geofon/usp2017gdih dt_s=0.070 dist_km=0.574 picks<=400.0km=3
  candidates=1 scored=1
  best=smi:org.gfz-potsdam.de/geofon/usp2017fxzv dt_s=0.188 dist_km=41.351 picks<=400.0km=0
MATCHED: 2017-03-29T04:48:04Z -> data/sisbra_all_w24/20170329T044804_usp2017gdih_row3448 picks=3
[1457/3570] SISBRA 2017-04-19T12:07:16 lat=-22.640 lon=-44.510 mag=2.3 window=+/-120.0s r=1.0deg
  candidates=1 scored=1
  candidates=1 scored=1
  best=smi:org.gfz-potsdam.de/geofon/usp2017efnt dt_s=0.862 dist_km=0.364 picks<=400.0km=1
  best=smi:org.gfz-potsdam.de/geofon/usp2017djev dt_s=0.260 dist_km=0.538 picks<=400.0km=3
  candidates=1 scored=1
  best=smi:org.gfz-potsdam.de/geofon/usp2017eivr dt_s=0.221 dist_km=0.446 picks<=400.0km=2
MATCHED: 2017-03-26T06:51:07Z -> data/sisbra_all_w24/20170326T065107_usp2017fxzv_row3444 picks=0
[1458/3570] SISBRA 2017-04-27T14:18:54 lat=-11.480 lon=-57.590 mag=2.8 window=+/-120.0s r=1.0deg
MATCHED: 2017-03-03T18:15:01Z -> data/sisbra_all_w24/20170303T181501_usp2017eivr_row3428 picks=2
[1459/3570] SISBRA 2017-05-04T02:29:04 lat=-8.750 lon=-73.930 mag=5.4 window=+/-120.0s r=1.0deg
MATCHED: 2017-03-01T22:46:33Z -> data/sisbra_all_w24/20170301T224633_usp2017efnt_row3427 picks=1
[1460/3570] SISBRA 2017-05-04T20:06:48 lat=-16.290 lon=-43.030 mag=2.3 window=+/-120.0s r=1.0deg
MATCHED: 2017-02-17T17:15:42Z -> data/sisbra_all_w24/20170217T171542_usp2017djev_row3420 picks=3
[1461/3570] SISBRA 2017-05-06T08:49:41 lat=-10.550 lon=-51.870 mag=2.5 window=+/-120.0s r=1.0deg
  candidates=1 scored=1
  candidates=1 scored=1
  best=smi:org.gfz-potsdam.de/geofon/usp2017eyiy dt_s=0.672 dist_km=0.494 picks<=400.0km=1
  best=smi:org.gfz-potsdam.de/geofon/usp2017encf dt_s=0.011 dist_km=0.492 picks<=400.0km=1
MATCHED: 2017-03-06T02:01:50Z -> data/sisbra_all_w24/20170306T020150_usp2017encf_row3432 picks=1
[1462/3570] SISBRA 2017-05-06T23:14:57 lat=-10.960 lon=-58.080 mag=2.7 window=+/-120.0s r=1.0deg
  candidates=1 scored=1
MATCHED: 2017-03-12T05:55:37Z -> data/sisbra_all_w24/20170312T055537_usp2017eyiy_row3439 picks=1
[1463/3570] SISBRA 2017-05-08T05:14:11 lat=-20.580 lon=-42.340 mag=2.7 window=+/-120.0s r=1.0deg
  best=smi:org.gfz-potsdam.de/geofon/usp2017fzvr dt_s=0.463 dist_km=0.480 picks<=400.0km=4
NO_MATCH: 2017-05-04T20:06:48Z -> data/sisbra_all_w24/20170504T200648_row3459
[1464/3570] SISBRA 2017-05-11T01:29:33 lat=-23.590 lon=-47.430 mag=2.2 window=+/-120.0s r=1.0deg
  candidates=1 scored=1
  best=smi:org.gfz-potsdam.de/geofon/usp2017fxip dt_s=0.295 dist_km=0.440 picks<=400.0km=4
MATCHED: 2017-03-27T07:01:41Z -> data/sisbra_all_w24/20170327T070141_usp2017fzvr_row3446 picks=4
[1465/3570] SISBRA 2017-05-16T07:48:35 lat=-13.770 lon=-38.630 mag=2.0 window=+/-120.0s r=1.0deg
MATCHED: 2017-03-25T22:08:54Z -> data/sisbra_all_w24/20170325T220854_usp2017fxip_row3443 picks=4
[1466/3570] SISBRA 2017-05-18T16:55:56 lat=-12.330 lon=-48.100 mag=2.8 window=+/-120.0s r=1.0deg
  candidates=1 scored=1
  best=smi:org.gfz-potsdam.de/geofon/usp2017fdtu dt_s=0.318 dist_km=0.288 picks<=400.0km=7
NO_MATCH: 2017-05-16T07:48:35Z -> data/sisbra_all_w24/20170516T074835_row3464
[1467/3570] SISBRA 2017-05-22T21:02:24 lat=-15.600 lon=-59.330 mag=3.2 window=+/-120.0s r=1.0deg
  candidates=1 scored=1
  candidates=1 scored=1
  best=smi:org.gfz-potsdam.de/geofon/usp2017hptg dt_s=0.849 dist_km=0.666 picks<=400.0km=3
  best=smi:org.gfz-potsdam.de/geofon/usp2017ivbj dt_s=0.700 dist_km=0.521 picks<=400.0km=1
MATCHED: 2017-03-15T05:05:39Z -> data/sisbra_all_w24/20170315T050539_usp2017fdtu_row3440 picks=7
[1468/3570] SISBRA 2017-05-26T17:58:20 lat=-12.060 lon=-48.270 mag=2.4 window=+/-120.0s r=1.0deg
MATCHED: 2017-04-19T05:31:08Z -> data/sisbra_all_w24/20170419T053108_usp2017hptg_row3454 picks=3
[1469/3570] SISBRA 2017-05-28T18:05:28 lat=-9.400 lon=-72.580 mag=3.2 window=+/-120.0s r=1.0deg
MATCHED: 2017-05-06T08:49:41Z -> data/sisbra_all_w24/20170506T084941_usp2017ivbj_row3460 picks=1
[1470/3570] SISBRA 2017-05-29T20:11:16 lat=-10.040 lon=-56.950 mag=2.3 window=+/-120.0s r=1.0deg
  candidates=1 scored=1
  best=smi:org.gfz-potsdam.de/geofon/usp2017elez dt_s=0.241 dist_km=0.476 picks<=400.0km=8
  candidates=1 scored=1
  best=smi:org.gfz-potsdam.de/geofon/usp2017grob dt_s=0.575 dist_km=0.441 picks<=400.0km=2
MATCHED: 2017-03-05T01:09:46Z -> data/sisbra_all_w24/20170305T010946_usp2017elez_row3429 picks=8
[1471/3570] SISBRA 2017-05-30T03:12:11 lat=-23.600 lon=-47.400 mag=1.8 window=+/-120.0s r=1.0deg
  candidates=1 scored=1
  best=smi:org.gfz-potsdam.de/geofon/usp2017gzat dt_s=0.498 dist_km=0.615 picks<=400.0km=0
MATCHED: 2017-04-05T23:37:28Z -> data/sisbra_all_w24/20170405T233728_usp2017grob_row3451 picks=2
[1472/3570] SISBRA 2017-06-01T06:55:11 lat=5.340 lon=-52.780 mag=3.8 window=+/-120.0s r=1.0deg
NO_MATCH: 2017-05-26T17:58:20Z -> data/sisbra_all_w24/20170526T175820_row3467
[1473/3570] SISBRA 2017-06-03T00:41:27 lat=0.610 lon=-55.140 mag=2.9 window=+/-120.0s r=1.0deg
MATCHED: 2017-04-10T01:59:51Z -> data/sisbra_all_w24/20170410T015951_usp2017gzat_row3452 picks=0
[1474/3570] SISBRA 2017-06-04T06:23:47 lat=0.740 lon=-55.020 mag=3.2 window=+/-120.0s r=1.0deg
  candidates=1 scored=1
  best=smi:org.gfz-potsdam.de/geofon/usp2017ears dt_s=1.690 dist_km=9.378 picks<=400.0km=13
MATCHED: 2017-02-27T07:05:39Z -> data/sisbra_all_w24/20170227T070540_usp2017ears_row3424 picks=13
[1475/3570] SISBRA 2017-06-06T16:06:29 lat=-27.280 lon=-59.070 mag=2.6 window=+/-120.0s r=1.0deg
  candidates=1 scored=1
  best=smi:org.gfz-potsdam.de/geofon/usp2017hqgi dt_s=0.217 dist_km=0.443 picks<=400.0km=4
MATCHED: 2017-04-19T12:07:16Z -> data/sisbra_all_w24/20170419T120716_usp2017hqgi_row3456 picks=4
[1476/3570] SISBRA 2017-06-07T05:18:31 lat=-23.020 lon=-44.160 mag=1.0 window=+/-120.0s r=1.0deg
  candidates=1 scored=1
  best=smi:org.gfz-potsdam.de/geofon/usp2017klyk dt_s=0.892 dist_km=0.720 picks<=400.0km=4
  candidates=1 scored=1
  candidates=1 scored=1
  best=smi:org.gfz-potsdam.de/geofon/usp2017iwdx dt_s=0.476 dist_km=0.079 picks<=400.0km=3
  best=smi:org.gfz-potsdam.de/geofon/usp2017ginc dt_s=0.095 dist_km=0.639 picks<=400.0km=3
MATCHED: 2017-05-29T20:11:16Z -> data/sisbra_all_w24/20170529T201116_usp2017klyk_row3469 picks=4
[1477/3570] SISBRA 2017-06-07T05:28:44 lat=-22.950 lon=-44.090 mag=1.7 window=+/-120.0s r=1.0deg
  candidates=1 scored=1
  best=smi:org.gfz-potsdam.de/geofon/usp2017jdqj dt_s=0.811 dist_km=0.539 picks<=400.0km=3
MATCHED: 2017-04-01T00:55:18Z -> data/sisbra_all_w24/20170401T005518_usp2017ginc_row3449 picks=3
[1478/3570] SISBRA 2017-06-07T08:41:15 lat=-12.620 lon=-46.550 mag=2.0 window=+/-120.0s r=1.0deg
MATCHED: 2017-05-06T23:14:57Z -> data/sisbra_all_w24/20170506T231457_usp2017iwdx_row3461 picks=3
[1479/3570] SISBRA 2017-06-12T01:23:43 lat=-17.880 lon=-50.990 mag=2.5 window=+/-120.0s r=1.0deg
MATCHED: 2017-05-11T01:29:33Z -> data/sisbra_all_w24/20170511T012933_usp2017jdqj_row3463 picks=3
[1480/3570] SISBRA 2017-06-13T21:31:34 lat=-10.420 lon=-55.290 mag=2.8 window=+/-120.0s r=1.0deg
  candidates=1 scored=1
  best=smi:org.gfz-potsdam.de/geofon/usp2017grbq dt_s=0.271 dist_km=0.356 picks<=400.0km=2
NO_MATCH: 2017-06-07T08:41:15Z -> data/sisbra_all_w24/20170607T084115_row3477
[1481/3570] SISBRA 2017-06-16T15:46:20 lat=-18.830 lon=-44.710 mag=2.7 window=+/-120.0s r=1.0deg
MATCHED: 2017-04-05T17:20:59Z -> data/sisbra_all_w24/20170405T172059_usp2017grbq_row3450 picks=2
[1482/3570] SISBRA 2017-06-17T17:42:49 lat=-13.400 lon=-44.530 mag=2.6 window=+/-120.0s r=1.0deg
  candidates=1 scored=1
  best=smi:org.gfz-potsdam.de/geofon/usp2017fyhe dt_s=0.554 dist_km=0.501 picks<=400.0km=1
MATCHED: 2017-03-26T10:33:57Z -> data/sisbra_all_w24/20170326T103357_usp2017fyhe_row3445 picks=1
[1483/3570] SISBRA 2017-06-18T06:22:06 lat=-8.160 lon=-73.020 mag=3.7 window=+/-120.0s r=1.0deg
  candidates=1 scored=1
  best=smi:org.gfz-potsdam.de/geofon/usp2017jzfo dt_s=0.687 dist_km=0.209 picks<=400.0km=3
  candidates=1 scored=1
  best=smi:org.gfz-potsdam.de/geofon/usp2017lagi dt_s=33.320 dist_km=11.388 picks<=400.0km=3
MATCHED: 2017-05-22T21:02:24Z -> data/sisbra_all_w24/20170522T210224_usp2017jzfo_row3466 picks=3
[1484/3570] SISBRA 2017-06-19T06:47:04 lat=-5.740 lon=-50.470 mag=2.7 window=+/-120.0s r=1.0deg
MATCHED: 2017-06-06T16:06:29Z -> data/sisbra_all_w24/20170606T160555_usp2017lagi_row3474 picks=3
[1485/3570] SISBRA 2017-06-19T09:08:40 lat=-10.070 lon=-38.480 mag=2.7 window=+/-120.0s r=1.0deg
  candidates=1 scored=1
  best=smi:org.gfz-potsdam.de/geofon/usp2017hhkn dt_s=0.087 dist_km=0.655 picks<=400.0km=2
  candidates=1 scored=1
  best=smi:org.gfz-potsdam.de/geofon/usp2017lbgv dt_s=0.540 dist_km=0.201 picks<=400.0km=6
MATCHED: 2017-06-07T05:28:44Z -> data/sisbra_all_w24/20170607T052844_usp2017lbgv_row3476 picks=6
[1486/3570] SISBRA 2017-06-19T18:10:57 lat=-13.400 lon=-44.490 mag=2.6 window=+/-120.0s r=1.0deg
MATCHED: 2017-04-14T16:01:02Z -> data/sisbra_all_w24/20170414T160102_usp2017hhkn_row3453 picks=2
[1487/3570] SISBRA 2017-06-22T02:25:29 lat=-16.010 lon=-47.280 mag=2.4 window=+/-120.0s r=1.0deg
  candidates=1 scored=1
  best=smi:org.gfz-potsdam.de/geofon/usp2017kjyt dt_s=0.358 dist_km=0.066 picks<=400.0km=1
MATCHED: 2017-05-28T18:05:28Z -> data/sisbra_all_w24/20170528T180528_usp2017kjyt_row3468 picks=1
[1488/3570] SISBRA 2017-06-26T19:39:03 lat=-7.050 lon=-55.400 mag=2.0 window=+/-120.0s r=1.0deg
  candidates=1 scored=1
  best=smi:org.gfz-potsdam.de/geofon/usp2017kmmh dt_s=0.867 dist_km=0.543 picks<=400.0km=3
NO_MATCH: 2017-06-22T02:25:29Z -> data/sisbra_all_w24/20170622T022529_row3486
[1489/3570] SISBRA 2017-06-27T15:07:35 lat=-16.890 lon=-48.330 mag=2.4 window=+/-120.0s r=1.0deg
  candidates=1 scored=1
  best=smi:org.gfz-potsdam.de/geofon/usp2017hpxl dt_s=0.294 dist_km=0.143 picks<=400.0km=0
MATCHED: 2017-05-30T03:12:11Z -> data/sisbra_all_w24/20170530T031211_usp2017kmmh_row3470 picks=3
[1490/3570] SISBRA 2017-06-27T15:07:57 lat=-17.330 lon=-48.290 mag=2.6 window=+/-120.0s r=1.0deg
MATCHED: 2017-04-19T07:38:22Z -> data/sisbra_all_w24/20170419T073822_usp2017hpxl_row3455 picks=0
[1491/3570] SISBRA 2017-06-27T16:53:41 lat=-15.430 lon=-56.060 mag=2.6 window=+/-120.0s r=1.0deg
  candidates=1 scored=1
  best=smi:org.gfz-potsdam.de/geofon/usp2017lbgm dt_s=0.675 dist_km=0.422 picks<=400.0km=6
  candidates=1 scored=1
  best=smi:org.gfz-potsdam.de/geofon/usp2017lnlp dt_s=0.571 dist_km=0.640 picks<=400.0km=3
MATCHED: 2017-06-07T05:18:31Z -> data/sisbra_all_w24/20170607T051831_usp2017lbgm_row3475 picks=6
[1492/3570] SISBRA 2017-06-27T20:05:43 lat=-31.580 lon=-53.620 mag=1.5 window=+/-120.0s r=1.0deg
  candidates=1 scored=1
  candidates=1 scored=1
  best=smi:org.gfz-potsdam.de/geofon/usp2017ifar dt_s=0.852 dist_km=0.372 picks<=400.0km=5
  best=smi:org.gfz-potsdam.de/geofon/usp2017ktpi dt_s=0.489 dist_km=0.455 picks<=400.0km=2
  candidates=1 scored=1
MATCHED: 2017-06-13T21:31:34Z -> data/sisbra_all_w24/20170613T213134_usp2017lnlp_row3479 picks=3
[1493/3570] SISBRA 2017-06-28T15:19:55 lat=-17.490 lon=-47.970 mag=2.0 window=+/-120.0s r=1.0deg
  best=smi:org.gfz-potsdam.de/geofon/usp2017jrpl dt_s=0.544 dist_km=0.564 picks<=400.0km=4
  candidates=1 scored=1
MATCHED: 2017-04-27T14:18:54Z -> data/sisbra_all_w24/20170427T141854_usp2017ifar_row3457 picks=5
[1494/3570] SISBRA 2017-07-05T15:58:00 lat=-9.220 lon=-58.270 mag=3.0 window=+/-120.0s r=1.0deg
MATCHED: 2017-06-03T00:41:27Z -> data/sisbra_all_w24/20170603T004127_usp2017ktpi_row3472 picks=2
[1495/3570] SISBRA 2017-07-06T19:46:02 lat=1.620 lon=-54.410 mag=3.2 window=+/-120.0s r=1.0deg
  best=smi:org.gfz-potsdam.de/geofon/usp2016yudu dt_s=0.603 dist_km=2.107 picks<=400.0km=1
MATCHED: 2017-05-18T16:55:56Z -> data/sisbra_all_w24/20170518T165556_usp2017jrpl_row3465 picks=4
[1496/3570] SISBRA 2017-07-11T05:58:15 lat=-5.820 lon=-50.610 mag=2.6 window=+/-120.0s r=1.0deg
  candidates=2 scored=2
  best=smi:org.gfz-potsdam.de/geofon/usp2017fung dt_s=0.984 dist_km=0.140 picks<=400.0km=3
MATCHED: 2016-12-18T13:30:11Z -> data/sisbra_all_w24/20161218T133011_usp2016yudu_row3377 picks=1
[1497/3570] SISBRA 2017-07-13T22:29:40 lat=-23.620 lon=-47.490 mag=1.8 window=+/-120.0s r=1.0deg
  candidates=2 scored=2
  best=smi:org.gfz-potsdam.de/geofon/usp2017func dt_s=0.079 dist_km=0.665 picks<=400.0km=3
MATCHED: 2017-03-24T09:06:01Z -> data/sisbra_all_w24/20170324T090601_usp2017fung_row3442 picks=3
[1498/3570] SISBRA 2017-07-16T17:15:45 lat=-1.320 lon=-65.030 mag=4.1 window=+/-120.0s r=1.0deg
MATCHED: 2017-03-24T09:05:18Z -> data/sisbra_all_w24/20170324T090518_usp2017func_row3441 picks=3
[1499/3570] SISBRA 2017-07-19T11:13:11 lat=-11.520 lon=-57.540 mag=2.6 window=+/-120.0s r=1.0deg
  candidates=1 scored=1
  best=smi:org.gfz-potsdam.de/geofon/usp2017mmxv dt_s=0.383 dist_km=3.817 picks<=400.0km=6
  candidates=1 scored=1
  best=smi:org.gfz-potsdam.de/geofon/usp2017lxmd dt_s=0.038 dist_km=0.193 picks<=400.0km=0
MATCHED: 2017-06-27T20:05:43Z -> data/sisbra_all_w24/20170627T200543_usp2017mmxv_row3491 picks=6
[1500/3570] SISBRA 2017-07-19T22:46:01 lat=-8.590 lon=-66.170 mag=3.4 window=+/-120.0s r=1.0deg
  candidates=1 scored=1
  best=smi:org.gfz-potsdam.de/geofon/usp2017lvld dt_s=0.342 dist_km=0.319 picks<=400.0km=1
MATCHED: 2017-06-19T09:08:40Z -> data/sisbra_all_w24/20170619T090840_usp2017lxmd_row3484 picks=0
[1501/3570] SISBRA 2017-07-24T15:24:26 lat=1.510 lon=-55.510 mag=3.6 window=+/-120.0s r=1.0deg
MATCHED: 2017-06-18T06:22:06Z -> data/sisbra_all_w24/20170618T062206_usp2017lvld_row3482 picks=1
[1502/3570] SISBRA 2017-07-25T20:49:51 lat=-4.130 lon=-38.240 mag=3.3 window=+/-120.0s r=1.0deg
  candidates=1 scored=1
  best=smi:org.gfz-potsdam.de/geofon/usp2017mojx dt_s=0.581 dist_km=0.594 picks<=400.0km=2
  candidates=1 scored=1
  best=smi:org.gfz-potsdam.de/geofon/usp2017lxhl dt_s=0.169 dist_km=0.216 picks<=400.0km=1
MATCHED: 2017-06-28T15:19:55Z -> data/sisbra_all_w24/20170628T151955_usp2017mojx_row3492 picks=2
[1503/3570] SISBRA 2017-07-26T01:12:37 lat=-10.890 lon=-43.900 mag=2.0 window=+/-120.0s r=1.0deg
MATCHED: 2017-06-19T06:47:04Z -> data/sisbra_all_w24/20170619T064704_usp2017lxhl_row3483 picks=1
[1504/3570] SISBRA 2017-07-31T11:12:50 lat=-4.910 lon=-71.240 mag=2.9 window=+/-120.0s r=1.0deg
  candidates=1 scored=1
  best=smi:org.gfz-potsdam.de/geofon/usp2017lyea dt_s=0.103 dist_km=0.300 picks<=400.0km=2
MATCHED: 2017-06-19T18:10:57Z -> data/sisbra_all_w24/20170619T181057_usp2017lyea_row3485 picks=2
[1505/3570] SISBRA 2017-08-03T06:25:46 lat=-11.660 lon=-56.680 mag=2.7 window=+/-120.0s r=1.0deg
  candidates=1 scored=1
  best=smi:org.gfz-potsdam.de/geofon/usp2017iqxu dt_s=0.371 dist_km=0.354 picks<=400.0km=0
  candidates=1 scored=1
  best=smi:org.gfz-potsdam.de/geofon/usp2017mlbl dt_s=0.306 dist_km=0.266 picks<=400.0km=2
  candidates=1 scored=1
  best=smi:org.gfz-potsdam.de/geofon/usp2017kvwd dt_s=0.776 dist_km=0.266 picks<=400.0km=2
MATCHED: 2017-05-04T02:29:04Z -> data/sisbra_all_w24/20170504T022904_usp2017iqxu_row3458 picks=0
[1506/3570] SISBRA 2017-08-03T07:00:32 lat=-11.580 lon=-56.750 mag=1.9 window=+/-120.0s r=1.0deg
  candidates=1 scored=1
  candidates=1 scored=1
  best=smi:org.gfz-potsdam.de/geofon/usp2017iylg dt_s=0.274 dist_km=0.350 picks<=400.0km=11
  best=smi:org.gfz-potsdam.de/geofon/usp2017lkcg dt_s=4.887 dist_km=42.826 picks<=400.0km=3
MATCHED: 2017-06-26T19:39:03Z -> data/sisbra_all_w24/20170626T193903_usp2017mlbl_row3487 picks=2
[1507/3570] SISBRA 2017-08-03T07:08:13 lat=-11.640 lon=-56.710 mag=1.1 window=+/-120.0s r=1.0deg
MATCHED: 2017-06-04T06:23:47Z -> data/sisbra_all_w24/20170604T062347_usp2017kvwd_row3473 picks=2
[1508/3570] SISBRA 2017-08-03T10:41:46 lat=-11.590 lon=-56.790 mag=2.0 window=+/-120.0s r=1.0deg
  candidates=1 scored=1
  best=smi:org.gfz-potsdam.de/geofon/usp2017omdj dt_s=0.138 dist_km=0.442 picks<=400.0km=1
MATCHED: 2017-05-08T05:14:11Z -> data/sisbra_all_w24/20170508T051411_usp2017iylg_row3462 picks=11
[1509/3570] SISBRA 2017-08-08T10:04:17 lat=-11.590 lon=-56.800 mag=2.3 window=+/-120.0s r=1.0deg
MATCHED: 2017-06-12T01:23:43Z -> data/sisbra_all_w24/20170612T012347_usp2017lkcg_row3478 picks=3
[1510/3570] SISBRA 2017-08-13T21:44:24 lat=1.540 lon=-55.210 mag=4.1 window=+/-120.0s r=1.0deg
  candidates=1 scored=1
  best=smi:org.gfz-potsdam.de/geofon/usp2017obie dt_s=0.601 dist_km=0.140 picks<=400.0km=2
MATCHED: 2017-07-25T20:49:51Z -> data/sisbra_all_w24/20170725T204951_usp2017omdj_row3501 picks=1
[1511/3570] SISBRA 2017-08-13T23:05:03 lat=1.780 lon=-55.410 mag=2.6 window=+/-120.0s r=1.0deg
  candidates=1 scored=1
  best=smi:org.gfz-potsdam.de/geofon/usp2017lumb dt_s=0.608 dist_km=0.261 picks<=400.0km=2
  candidates=1 scored=1
MATCHED: 2017-07-19T22:46:01Z -> data/sisbra_all_w24/20170719T224601_usp2017obie_row3499 picks=2
[1512/3570] SISBRA 2017-08-17T20:16:04 lat=-19.170 lon=-44.840 mag=2.6 window=+/-120.0s r=1.0deg
  best=smi:org.gfz-potsdam.de/geofon/usp2017eciy dt_s=0.783 dist_km=0.251 picks<=400.0km=1
MATCHED: 2017-06-17T17:42:49Z -> data/sisbra_all_w24/20170617T174249_usp2017lumb_row3481 picks=2
[1513/3570] SISBRA 2017-08-18T08:31:22 lat=-21.180 lon=-44.940 mag=0.9 window=+/-120.0s r=1.0deg
  candidates=1 scored=1
  best=smi:org.gfz-potsdam.de/geofon/usp2017ndis dt_s=0.337 dist_km=0.513 picks<=400.0km=2
MATCHED: 2017-02-28T04:56:27Z -> data/sisbra_all_w24/20170228T045627_usp2017eciy_row3425 picks=1
[1514/3570] SISBRA 2017-08-18T21:41:04 lat=-22.900 lon=-44.230 mag=1.1 window=+/-120.0s r=1.0deg
MATCHED: 2017-07-06T19:46:02Z -> data/sisbra_all_w24/20170706T194602_usp2017ndis_row3494 picks=2
[1515/3570] SISBRA 2017-08-18T21:51:45 lat=-22.900 lon=-44.230 mag=0.8 window=+/-120.0s r=1.0deg
  candidates=1 scored=1
  best=smi:org.gfz-potsdam.de/geofon/usp2017mmnz dt_s=22.399 dist_km=48.352 picks<=400.0km=3
NO_MATCH: 2017-08-17T20:16:04Z -> data/sisbra_all_w24/20170817T201604_row3511
[1516/3570] SISBRA 2017-08-21T17:22:14 lat=-19.810 lon=-44.210 mag=2.5 window=+/-120.0s r=1.0deg
MATCHED: 2017-06-27T15:07:35Z -> data/sisbra_all_w24/20170627T150757_usp2017mmnz_row3488 picks=3
[1517/3570] SISBRA 2017-08-22T03:06:09 lat=-6.850 lon=-73.210 mag=3.5 window=+/-120.0s r=1.0deg
  candidates=1 scored=1
  best=smi:org.gfz-potsdam.de/geofon/usp2017nlkx dt_s=0.426 dist_km=0.593 picks<=400.0km=1
  candidates=1 scored=1
  best=smi:org.gfz-potsdam.de/geofon/usp2017omma dt_s=0.118 dist_km=0.294 picks<=400.0km=1
MATCHED: 2017-07-11T05:58:15Z -> data/sisbra_all_w24/20170711T055815_usp2017nlkx_row3495 picks=1
[1518/3570] SISBRA 2017-08-25T20:52:05 lat=-7.010 lon=-49.910 mag=2.8 window=+/-120.0s r=1.0deg
NO_MATCH: 2017-08-21T17:22:14Z -> data/sisbra_all_w24/20170821T172214_row3515
[1519/3570] SISBRA 2017-08-27T08:31:00 lat=-8.470 lon=-72.690 mag=3.5 window=+/-120.0s r=1.0deg
  candidates=1 scored=1
  best=smi:org.gfz-potsdam.de/geofon/usp2017owji dt_s=0.977 dist_km=0.630 picks<=400.0km=1
MATCHED: 2017-07-26T01:12:37Z -> data/sisbra_all_w24/20170726T011237_usp2017omma_row3502 picks=1
[1520/3570] SISBRA 2017-08-30T16:22:26 lat=-11.290 lon=-55.190 mag=2.4 window=+/-120.0s r=1.0deg
  candidates=1 scored=1
  best=smi:org.gfz-potsdam.de/geofon/usp2017pbnu dt_s=0.020 dist_km=0.697 picks<=400.0km=2
MATCHED: 2017-07-31T11:12:50Z -> data/sisbra_all_w24/20170731T111250_usp2017owji_row3503 picks=1
[1521/3570] SISBRA 2017-08-31T06:41:00 lat=-6.410 lon=-50.090 mag=3.5 window=+/-120.0s r=1.0deg
  candidates=1 scored=1
  best=smi:org.gfz-potsdam.de/geofon/usp2017pvaj dt_s=0.047 dist_km=0.527 picks<=400.0km=0
  candidates=1 scored=1
  best=smi:org.gfz-potsdam.de/geofon/usp2017nqip dt_s=0.250 dist_km=0.111 picks<=400.0km=4
MATCHED: 2017-08-03T07:08:13Z -> data/sisbra_all_w24/20170803T070813_usp2017pbnu_row3506 picks=2
[1522/3570] SISBRA 2017-09-01T18:44:06 lat=-18.670 lon=-40.670 mag=2.5 window=+/-120.0s r=1.0deg
  candidates=1 scored=1
  best=smi:org.gfz-potsdam.de/geofon/usp2017mmnz dt_s=0.399 dist_km=0.628 picks<=400.0km=3
MATCHED: 2017-08-13T23:05:03Z -> data/sisbra_all_w24/20170813T230503_usp2017pvaj_row3510 picks=0
[1523/3570] SISBRA 2017-09-01T22:28:22 lat=-8.600 lon=-74.190 mag=4.6 window=+/-120.0s r=1.0deg
MATCHED: 2017-06-27T15:07:57Z -> data/sisbra_all_w24/20170627T150757_usp2017mmnz_row3489 picks=3
[1524/3570] SISBRA 2017-09-02T06:33:39 lat=-9.800 lon=-72.150 mag=3.3 window=+/-120.0s r=1.0deg
MATCHED: 2017-07-13T22:29:40Z -> data/sisbra_all_w24/20170713T222940_usp2017nqip_row3496 picks=4
[1525/3570] SISBRA 2017-09-04T23:05:42 lat=-34.090 lon=-58.180 mag=2.0 window=+/-120.0s r=1.0deg
  candidates=1 scored=1
  best=smi:org.gfz-potsdam.de/geofon/usp2017pbnn dt_s=0.385 dist_km=0.138 picks<=400.0km=2
MATCHED: 2017-08-03T07:00:32Z -> data/sisbra_all_w24/20170803T070032_usp2017pbnn_row3505 picks=2
[1526/3570] SISBRA 2017-09-06T09:09:28 lat=-16.710 lon=-43.910 mag=2.2 window=+/-120.0s r=1.0deg
  candidates=1 scored=1
  best=smi:org.gfz-potsdam.de/geofon/usp2017pbuv dt_s=0.669 dist_km=0.606 picks<=400.0km=2
NO_MATCH: 2017-09-04T23:05:42Z -> data/sisbra_all_w24/20170904T230542_row3524
[1527/3570] SISBRA 2017-09-07T14:16:19 lat=4.060 lon=-60.330 mag=3.2 window=+/-120.0s r=1.0deg
  candidates=1 scored=1
  best=smi:org.gfz-potsdam.de/geofon/usp2017qebm dt_s=0.000 dist_km=0.000 picks<=400.0km=1
  candidates=1 scored=1
  best=smi:org.gfz-potsdam.de/geofon/usp2017qebd dt_s=0.819 dist_km=0.572 picks<=400.0km=3
MATCHED: 2017-08-03T10:41:46Z -> data/sisbra_all_w24/20170803T104146_usp2017pbuv_row3507 picks=2
[1528/3570] SISBRA 2017-09-07T16:23:20 lat=3.990 lon=-60.030 mag=2.9 window=+/-120.0s r=1.0deg
MATCHED: 2017-08-18T21:51:45Z -> data/sisbra_all_w24/20170818T215145_usp2017qebm_row3514 picks=1
[1529/3570] SISBRA 2017-09-07T16:56:31 lat=-16.080 lon=-43.260 mag=2.4 window=+/-120.0s r=1.0deg
  candidates=1 scored=1
  best=smi:org.gfz-potsdam.de/geofon/usp2017mmrm dt_s=0.183 dist_km=0.507 picks<=400.0km=3
  candidates=1 scored=1
MATCHED: 2017-08-18T21:41:04Z -> data/sisbra_all_w24/20170818T214104_usp2017qebd_row3513 picks=3
[1530/3570] SISBRA 2017-09-08T03:52:31 lat=-18.760 lon=-48.500 mag=2.0 window=+/-120.0s r=1.0deg
  best=smi:org.gfz-potsdam.de/geofon/usp2017kqkr dt_s=3.066 dist_km=43.884 picks<=400.0km=0
MATCHED: 2017-06-27T16:53:41Z -> data/sisbra_all_w24/20170627T165341_usp2017mmrm_row3490 picks=3
[1531/3570] SISBRA 2017-09-09T04:13:39 lat=-15.810 lon=-51.790 mag=3.4 window=+/-120.0s r=1.0deg
  candidates=1 scored=1
  best=smi:org.gfz-potsdam.de/geofon/usp2017qdbb dt_s=0.995 dist_km=0.355 picks<=400.0km=2
MATCHED: 2017-06-01T06:55:11Z -> data/sisbra_all_w24/20170601T065514_usp2017kqkr_row3471 picks=0
[1532/3570] SISBRA 2017-09-10T20:24:16 lat=-11.580 lon=-56.790 mag=1.9 window=+/-120.0s r=1.0deg
  candidates=1 scored=1
  best=smi:org.gfz-potsdam.de/geofon/usp2017qqua dt_s=0.098 dist_km=0.332 picks<=400.0km=2
  candidates=1 scored=1
  best=smi:org.gfz-potsdam.de/geofon/usp2017oali dt_s=0.647 dist_km=0.368 picks<=400.0km=3
MATCHED: 2017-08-18T08:31:22Z -> data/sisbra_all_w24/20170818T083122_usp2017qdbb_row3512 picks=2
[1533/3570] SISBRA 2017-09-11T08:16:42 lat=3.700 lon=-51.460 mag=3.5 window=+/-120.0s r=1.0deg
MATCHED: 2017-08-25T20:52:05Z -> data/sisbra_all_w24/20170825T205205_usp2017qqua_row3517 picks=2
[1534/3570] SISBRA 2017-09-13T21:04:45 lat=-3.140 lon=-43.860 mag=2.7 window=+/-120.0s r=1.0deg
MATCHED: 2017-07-19T11:13:11Z -> data/sisbra_all_w24/20170719T111311_usp2017oali_row3498 picks=3
[1535/3570] SISBRA 2017-09-18T03:16:50 lat=-25.160 lon=-49.370 mag=3.5 window=+/-120.0s r=1.0deg
  candidates=1 scored=1
  candidates=1 scored=1
  best=smi:org.gfz-potsdam.de/geofon/usp2017pbmj dt_s=0.939 dist_km=0.160 picks<=400.0km=4
  best=smi:org.gfz-potsdam.de/geofon/usp2017nbfr dt_s=0.405 dist_km=0.338 picks<=400.0km=2
MATCHED: 2017-08-03T06:25:46Z -> data/sisbra_all_w24/20170803T062546_usp2017pbmj_row3504 picks=4
[1536/3570] SISBRA 2017-09-18T08:24:24 lat=-25.020 lon=-49.260 mag=2.0 window=+/-120.0s r=1.0deg
MATCHED: 2017-07-05T15:58:00Z -> data/sisbra_all_w24/20170705T155800_usp2017nbfr_row3493 picks=2
[1537/3570] SISBRA 2017-09-20T07:09:20 lat=-8.340 lon=-36.800 mag=3.0 window=+/-120.0s r=1.0deg
  candidates=1 scored=1
  best=smi:org.gfz-potsdam.de/geofon/usp2017lsms dt_s=0.150 dist_km=0.397 picks<=400.0km=8
  candidates=1 scored=1
  best=smi:org.gfz-potsdam.de/geofon/usp2017ojxd dt_s=0.772 dist_km=0.630 picks<=400.0km=1
MATCHED: 2017-06-16T15:46:20Z -> data/sisbra_all_w24/20170616T154620_usp2017lsms_row3480 picks=8
[1538/3570] SISBRA 2017-09-21T08:33:57 lat=-13.750 lon=-49.140 mag=3.3 window=+/-120.0s r=1.0deg
MATCHED: 2017-07-24T15:24:26Z -> data/sisbra_all_w24/20170724T152426_usp2017ojxd_row3500 picks=1
[1539/3570] SISBRA 2017-09-26T04:51:01 lat=-5.930 lon=-50.630 mag=2.7 window=+/-120.0s r=1.0deg
  candidates=1 scored=1
  best=smi:org.gfz-potsdam.de/geofon/usp2017pkxc dt_s=0.693 dist_km=0.459 picks<=400.0km=2
MATCHED: 2017-08-08T10:04:17Z -> data/sisbra_all_w24/20170808T100417_usp2017pkxc_row3508 picks=2
[1540/3570] SISBRA 2017-09-30T05:03:54 lat=-6.050 lon=-50.840 mag=2.4 window=+/-120.0s r=1.0deg
  candidates=1 scored=1
  best=smi:org.gfz-potsdam.de/geofon/usp2017qjyj dt_s=0.394 dist_km=0.492 picks<=400.0km=1
MATCHED: 2017-08-22T03:06:09Z -> data/sisbra_all_w24/20170822T030609_usp2017qjyj_row3516 picks=1
[1541/3570] SISBRA 2017-10-01T01:46:21 lat=-5.830 lon=-50.560 mag=3.3 window=+/-120.0s r=1.0deg
  candidates=1 scored=1
  best=smi:org.gfz-potsdam.de/geofon/usp2017rzna dt_s=0.000 dist_km=0.502 picks<=400.0km=2
  candidates=1 scored=1
  candidates=1 scored=1
  best=smi:org.gfz-potsdam.de/geofon/usp2017rpbl dt_s=0.659 dist_km=0.194 picks<=400.0km=3
  best=smi:org.gfz-potsdam.de/geofon/usp2017rdki dt_s=0.012 dist_km=0.122 picks<=400.0km=6
MATCHED: 2017-09-08T03:52:31Z -> data/sisbra_all_w24/20170908T035231_usp2017rpbl_row3529 picks=3
[1542/3570] SISBRA 2017-10-02T03:01:42 lat=-19.780 lon=-44.070 mag=2.1 window=+/-120.0s r=1.0deg
MATCHED: 2017-09-13T21:04:45Z -> data/sisbra_all_w24/20170913T210445_usp2017rzna_row3533 picks=2
[1543/3570] SISBRA 2017-10-04T07:08:39 lat=-5.760 lon=-50.650 mag=2.1 window=+/-120.0s r=1.0deg
  candidates=1 scored=1
  best=smi:org.gfz-potsdam.de/geofon/usp2017rtze dt_s=0.808 dist_km=0.380 picks<=400.0km=2
MATCHED: 2017-09-01T18:44:06Z -> data/sisbra_all_w24/20170901T184405_usp2017rdki_row3521 picks=6
[1544/3570] SISBRA 2017-10-04T16:46:57 lat=-5.767 lon=-50.480 mag=3.4 window=+/-120.0s r=1.0deg
  candidates=1 scored=1
  best=smi:org.gfz-potsdam.de/geofon/usp2017qtmp dt_s=0.833 dist_km=0.453 picks<=400.0km=1
MATCHED: 2017-09-10T20:24:16Z -> data/sisbra_all_w24/20170910T202416_usp2017rtze_row3531 picks=2
[1545/3570] SISBRA 2017-10-04T18:50:40 lat=-5.790 lon=-50.500 mag=2.9 window=+/-120.0s r=1.0deg
  candidates=1 scored=1
  best=smi:org.gfz-potsdam.de/geofon/usp2017nvku dt_s=0.769 dist_km=0.412 picks<=400.0km=2
  candidates=1 scored=1
  best=smi:org.gfz-potsdam.de/geofon/usp2017slfz dt_s=0.345 dist_km=0.280 picks<=400.0km=1
MATCHED: 2017-08-27T08:31:00Z -> data/sisbra_all_w24/20170827T083100_usp2017qtmp_row3518 picks=1
[1546/3570] SISBRA 2017-10-08T05:53:39 lat=-21.280 lon=-44.820 mag=1.4 window=+/-120.0s r=1.0deg
NO_MATCH: 2017-10-02T03:01:42Z -> data/sisbra_all_w24/20171002T030142_row3541
[1547/3570] SISBRA 2017-10-10T01:58:39 lat=-8.330 lon=-36.130 mag=1.7 window=+/-120.0s r=1.0deg
  candidates=1 scored=1
  best=smi:org.gfz-potsdam.de/geofon/usp2017roes dt_s=0.734 dist_km=0.245 picks<=400.0km=1
MATCHED: 2017-07-16T17:15:45Z -> data/sisbra_all_w24/20170716T171545_usp2017nvku_row3497 picks=2
[1548/3570] SISBRA 2017-10-12T22:40:22 lat=-12.950 lon=-48.880 mag=3.4 window=+/-120.0s r=1.0deg
MATCHED: 2017-09-20T07:09:20Z -> data/sisbra_all_w24/20170920T070920_usp2017slfz_row3536 picks=1
[1549/3570] SISBRA 2017-10-13T02:36:54 lat=-19.850 lon=-43.770 mag=1.5 window=+/-120.0s r=1.0deg
  candidates=1 scored=1
  best=smi:org.gfz-potsdam.de/geofon/usp2017swak dt_s=0.892 dist_km=0.214 picks<=400.0km=1
MATCHED: 2017-09-07T16:23:20Z -> data/sisbra_all_w24/20170907T162320_usp2017roes_row3527 picks=1
[1550/3570] SISBRA 2017-10-15T06:00:00 lat=-27.090 lon=-58.260 mag=2.9 window=+/-120.0s r=1.0deg
  candidates=1 scored=1
  best=smi:org.gfz-potsdam.de/geofon/usp2017rlux dt_s=0.022 dist_km=0.219 picks<=400.0km=4
  candidates=1 scored=1
  best=smi:org.gfz-potsdam.de/geofon/usp2017qzoq dt_s=0.022 dist_km=0.138 picks<=400.0km=2
MATCHED: 2017-09-26T04:51:01Z -> data/sisbra_all_w24/20170926T045101_usp2017swak_row3538 picks=1
[1551/3570] SISBRA 2017-10-16T11:00:10 lat=-4.310 lon=-38.390 mag=3.0 window=+/-120.0s r=1.0deg
MATCHED: 2017-09-06T09:09:28Z -> data/sisbra_all_w24/20170906T090928_usp2017rlux_row3525 picks=4
[1552/3570] SISBRA 2017-10-16T18:08:32 lat=0.880 lon=-28.350 mag=5.0 window=+/-120.0s r=1.0deg
NO_MATCH: 2017-10-08T05:53:39Z -> data/sisbra_all_w24/20171008T055339_row3545
[1553/3570] SISBRA 2017-10-17T14:35:29 lat=-5.840 lon=-72.710 mag=3.6 window=+/-120.0s r=1.0deg
  candidates=1 scored=1
  best=smi:org.gfz-potsdam.de/geofon/usp2017reht dt_s=0.793 dist_km=0.510 picks<=400.0km=1
MATCHED: 2017-08-30T16:22:26Z -> data/sisbra_all_w24/20170830T162226_usp2017qzoq_row3519 picks=2
[1554/3570] SISBRA 2017-10-18T06:28:22 lat=-6.860 lon=-72.940 mag=4.0 window=+/-120.0s r=1.0deg
  candidates=1 scored=1
NO_MATCH: 2017-10-10T01:58:39Z -> data/sisbra_all_w24/20171010T015839_row3546
[1555/3570] SISBRA 2017-10-22T07:48:31 lat=-5.650 lon=-73.770 mag=4.1 window=+/-120.0s r=1.0deg
  best=smi:org.gfz-potsdam.de/geofon/usp2017rdrs dt_s=0.549 dist_km=0.323 picks<=400.0km=1
NO_MATCH: 2017-10-12T22:40:22Z -> data/sisbra_all_w24/20171012T224022_row3547
[1556/3570] SISBRA 2017-10-27T09:18:52 lat=-15.740 lon=-58.860 mag=2.9 window=+/-120.0s r=1.0deg
MATCHED: 2017-09-02T06:33:39Z -> data/sisbra_all_w24/20170902T063339_usp2017reht_row3523 picks=1
[1557/3570] SISBRA 2017-10-30T09:01:23 lat=-24.310 lon=-44.440 mag=2.2 window=+/-120.0s r=1.0deg
  candidates=1 scored=1
MATCHED: 2017-09-01T22:28:22Z -> data/sisbra_all_w24/20170901T222822_usp2017rdrs_row3522 picks=1
[1558/3570] SISBRA 2017-11-03T20:22:29 lat=-21.240 lon=-44.860 mag=2.7 window=+/-120.0s r=1.0deg
  best=smi:org.gfz-potsdam.de/geofon/usp2017puxs dt_s=0.429 dist_km=0.312 picks<=400.0km=1
NO_MATCH: 2017-10-13T02:36:54Z -> data/sisbra_all_w24/20171013T023654_row3548
[1559/3570] SISBRA 2017-11-04T11:30:52 lat=-18.140 lon=-39.060 mag=1.9 window=+/-120.0s r=1.0deg
NO_MATCH: 2017-10-16T11:00:10Z -> data/sisbra_all_w24/20171016T110010_row3550
[1560/3570] SISBRA 2017-11-05T22:49:35 lat=-8.680 lon=-74.210 mag=5.1 window=+/-120.0s r=1.0deg
  candidates=1 scored=1
  best=smi:org.gfz-potsdam.de/geofon/usp2017shrl dt_s=0.423 dist_km=0.579 picks<=400.0km=5
MATCHED: 2017-08-13T21:44:24Z -> data/sisbra_all_w24/20170813T214424_usp2017puxs_row3509 picks=1
[1561/3570] SISBRA 2017-11-06T15:36:26 lat=-23.380 lon=-45.590 mag=2.7 window=+/-120.0s r=1.0deg
MATCHED: 2017-09-18T08:24:24Z -> data/sisbra_all_w24/20170918T082424_usp2017shrl_row3535 picks=5
[1562/3570] SISBRA 2017-11-06T18:03:39 lat=-21.080 lon=-44.620 mag=2.5 window=+/-120.0s r=1.0deg
  candidates=1 scored=1
  best=smi:org.gfz-potsdam.de/geofon/usp2017tkuz dt_s=0.971 dist_km=0.169 picks<=400.0km=1
  candidates=1 scored=1
  best=smi:org.gfz-potsdam.de/geofon/usp2017rofu dt_s=0.151 dist_km=0.530 picks<=400.0km=4
MATCHED: 2017-10-04T07:08:39Z -> data/sisbra_all_w24/20171004T070839_usp2017tkuz_row3542 picks=1
[1563/3570] SISBRA 2017-11-07T14:31:48 lat=-19.560 lon=-44.120 mag=2.5 window=+/-120.0s r=1.0deg
MATCHED: 2017-09-07T16:56:31Z -> data/sisbra_all_w24/20170907T165631_usp2017rofu_row3528 picks=4
[1564/3570] SISBRA 2017-11-08T15:39:42 lat=-16.210 lon=-60.120 mag=3.3 window=+/-120.0s r=1.0deg
  candidates=1 scored=1
  best=smi:org.gfz-potsdam.de/geofon/usp2017tdiw dt_s=0.275 dist_km=0.711 picks<=400.0km=1
NO_MATCH: 2017-11-03T20:22:29Z -> data/sisbra_all_w24/20171103T202229_row3557
[1565/3570] SISBRA 2017-11-09T06:18:24 lat=-13.710 lon=-49.100 mag=2.2 window=+/-120.0s r=1.0deg
  candidates=1 scored=1
  best=smi:org.gfz-potsdam.de/geofon/usp2017roan dt_s=0.849 dist_km=0.266 picks<=400.0km=1
MATCHED: 2017-09-30T05:03:54Z -> data/sisbra_all_w24/20170930T050354_usp2017tdiw_row3539 picks=1
[1566/3570] SISBRA 2017-11-23T02:52:25 lat=-5.760 lon=-50.470 mag=2.2 window=+/-120.0s r=1.0deg
MATCHED: 2017-09-07T14:16:19Z -> data/sisbra_all_w24/20170907T141619_usp2017roan_row3526 picks=1
[1567/3570] SISBRA 2017-11-24T14:05:00 lat=-8.870 lon=-74.130 mag=4.6 window=+/-120.0s r=1.0deg
NO_MATCH: 2017-11-07T14:31:48Z -> data/sisbra_all_w24/20171107T143148_row3562
[1568/3570] SISBRA 2017-12-02T18:02:34 lat=-2.990 lon=-44.200 mag=2.2 window=+/-120.0s r=1.0deg
NO_MATCH: 2017-11-06T18:03:39Z -> data/sisbra_all_w24/20171106T180339_row3561
[1569/3570] SISBRA 2017-12-03T07:03:28 lat=-10.740 lon=-47.620 mag=2.6 window=+/-120.0s r=1.0deg
  candidates=1 scored=1
  best=smi:org.gfz-potsdam.de/geofon/usp2017raqz dt_s=0.370 dist_km=0.257 picks<=400.0km=1
MATCHED: 2017-08-31T06:41:00Z -> data/sisbra_all_w24/20170831T064100_usp2017raqz_row3520 picks=1
[1570/3570] SISBRA 2017-12-08T14:19:45 lat=-6.250 lon=-72.950 mag=4.3 window=+/-120.0s r=1.0deg
  candidates=1 scored=1
  best=smi:org.gfz-potsdam.de/geofon/usp2017ruwr dt_s=0.503 dist_km=0.210 picks<=400.0km=0
NO_MATCH: 2017-11-23T02:52:25Z -> data/sisbra_all_w24/20171123T025225_row3565
[1571/3570] SISBRA 2017-12-28T16:05:29 lat=-13.670 lon=-53.620 mag=2.9 window=+/-120.0s r=1.0deg
NO_MATCH: 2017-11-09T06:18:24Z -> data/sisbra_all_w24/20171109T061824_row3564
[1572/3570] SISBRA 2017-12-29T13:51:20 lat=-20.600 lon=-46.000 mag=2.3 window=+/-120.0s r=1.0deg
  candidates=1 scored=1
  best=smi:org.gfz-potsdam.de/geofon/usp2017sneg dt_s=0.417 dist_km=0.223 picks<=400.0km=4
  candidates=1 scored=1
  best=smi:org.gfz-potsdam.de/geofon/usp2017ukis dt_s=0.000 dist_km=0.298 picks<=400.0km=2
NO_MATCH: 2017-12-03T07:03:28Z -> data/sisbra_all_w24/20171203T070328_row3568
[1573/3570] SISBRA 2018-01-03T05:55:23 lat=-12.020 lon=-48.230 mag=2.2 window=+/-120.0s r=1.0deg
MATCHED: 2017-09-11T08:16:42Z -> data/sisbra_all_w24/20170911T081642_usp2017ruwr_row3532 picks=0
[1574/3570] SISBRA 2018-01-05T15:50:52 lat=-0.480 lon=-60.480 mag=2.8 window=+/-120.0s r=1.0deg
MATCHED: 2017-09-21T08:33:57Z -> data/sisbra_all_w24/20170921T083357_usp2017sneg_row3537 picks=4
[1575/3570] SISBRA 2018-01-15T14:04:31 lat=-19.770 lon=-45.080 mag=2.8 window=+/-120.0s r=1.0deg
MATCHED: 2017-10-18T06:28:22Z -> data/sisbra_all_w24/20171018T062822_usp2017ukis_row3553 picks=2
[1576/3570] SISBRA 2018-01-16T13:20:47 lat=-15.590 lon=-56.260 mag=2.8 window=+/-120.0s r=1.0deg
  candidates=1 scored=1
  best=smi:org.gfz-potsdam.de/geofon/usp2017ujdg dt_s=0.280 dist_km=0.596 picks<=400.0km=2
MATCHED: 2017-10-17T14:35:29Z -> data/sisbra_all_w24/20171017T143529_usp2017ujdg_row3552 picks=2
[1577/3570] SISBRA 2018-01-18T11:39:51 lat=-13.790 lon=-49.870 mag=2.2 window=+/-120.0s r=1.0deg
  candidates=1 scored=1
  best=smi:org.gfz-potsdam.de/geofon/usp2017tlob dt_s=1.447 dist_km=7.492 picks<=400.0km=1
MATCHED: 2017-10-04T16:46:57Z -> data/sisbra_all_w24/20171004T164655_usp2017tlob_row3543 picks=1
[1578/3570] SISBRA 2018-01-18T23:56:36 lat=-29.450 lon=-51.010 mag=2.1 window=+/-120.0s r=1.0deg
NO_MATCH: 2018-01-03T05:55:23Z -> data/sisbra_all_w24/20180103T055523_row3572
[1579/3570] SISBRA 2018-01-20T12:09:23 lat=-13.900 lon=-49.970 mag=2.9 window=+/-120.0s r=1.0deg
NO_MATCH: 2018-01-05T15:50:52Z -> data/sisbra_all_w24/20180105T155052_row3573
[1580/3570] SISBRA 2018-01-21T17:36:24 lat=-23.350 lon=-51.190 mag=1.1 window=+/-120.0s r=1.0deg
NO_MATCH: 2018-01-18T11:39:51Z -> data/sisbra_all_w24/20180118T113951_row3576
[1581/3570] SISBRA 2018-01-22T23:50:38 lat=-23.350 lon=-51.190 mag=1.4 window=+/-120.0s r=1.0deg
  candidates=1 scored=1
  best=smi:org.gfz-potsdam.de/geofon/usp2017zmln dt_s=0.000 dist_km=0.000 picks<=400.0km=2
MATCHED: 2017-12-29T13:51:20Z -> data/sisbra_all_w24/20171229T135120_usp2017zmln_row3571 picks=2
[1582/3570] SISBRA 2018-01-23T02:23:50 lat=-23.350 lon=-51.190 mag=0.7 window=+/-120.0s r=1.0deg
NO_MATCH: 2018-01-23T02:23:50Z -> data/sisbra_all_w24/20180123T022350_row3581
[1583/3570] SISBRA 2018-01-24T22:53:23 lat=-5.750 lon=-50.530 mag=3.2 window=+/-120.0s r=1.0deg
NO_MATCH: 2018-01-22T23:50:38Z -> data/sisbra_all_w24/20180122T235038_row3580
[1584/3570] SISBRA 2018-01-25T01:27:20 lat=-17.060 lon=-38.860 mag=3.1 window=+/-120.0s r=1.0deg
  candidates=1 scored=1
  best=smi:org.gfz-potsdam.de/geofon/usp2017zkul dt_s=0.022 dist_km=0.117 picks<=400.0km=4
MATCHED: 2017-12-28T16:05:29Z -> data/sisbra_all_w24/20171228T160529_usp2017zkul_row3570 picks=4
[1585/3570] SISBRA 2018-01-26T07:01:02 lat=-21.380 lon=-48.580 mag=2.3 window=+/-120.0s r=1.0deg
  candidates=1 scored=1
  best=smi:org.gfz-potsdam.de/geofon/usp2017texv dt_s=0.842 dist_km=0.442 picks<=400.0km=1
NO_MATCH: 2018-01-24T22:53:23Z -> data/sisbra_all_w24/20180124T225323_row3582
[1586/3570] SISBRA 2018-01-27T10:58:56 lat=2.990 lon=-51.120 mag=2.8 window=+/-120.0s r=1.0deg
MATCHED: 2017-10-01T01:46:21Z -> data/sisbra_all_w24/20171001T014621_usp2017texv_row3540 picks=1
[1587/3570] SISBRA 2018-01-29T22:17:41 lat=-15.710 lon=-40.930 mag=1.9 window=+/-120.0s r=1.0deg
  candidates=1 scored=1
  best=smi:org.gfz-potsdam.de/geofon/usp2018blwx dt_s=0.000 dist_km=0.488 picks<=400.0km=2
  candidates=1 scored=1
  best=smi:org.gfz-potsdam.de/geofon/usp2017xplg dt_s=0.190 dist_km=0.536 picks<=400.0km=2
NO_MATCH: 2018-01-27T10:58:56Z -> data/sisbra_all_w24/20180127T105856_row3585
[1588/3570] SISBRA 2018-01-30T10:08:15 lat=-0.180 lon=-60.300 mag=2.7 window=+/-120.0s r=1.0deg
MATCHED: 2018-01-21T17:36:24Z -> data/sisbra_all_w24/20180121T173624_usp2018blwx_row3579 picks=2
[1589/3570] SISBRA 2018-01-31T05:22:34 lat=-23.350 lon=-51.190 mag=0.6 window=+/-120.0s r=1.0deg
MATCHED: 2017-12-02T18:02:34Z -> data/sisbra_all_w24/20171202T180234_usp2017xplg_row3567 picks=2
[1590/3570] SISBRA 2018-01-31T10:24:00 lat=-16.740 lon=-54.900 mag=3.4 window=+/-120.0s r=1.0deg
  candidates=1 scored=1
  best=smi:org.gfz-potsdam.de/geofon/usp2017tlsd dt_s=0.825 dist_km=0.322 picks<=400.0km=1
  candidates=1 scored=1
MATCHED: 2017-10-04T18:50:40Z -> data/sisbra_all_w24/20171004T185040_usp2017tlsd_row3544 picks=1
[1591/3570] SISBRA 2018-02-04T13:20:21 lat=-15.070 lon=-39.970 mag=1.4 window=+/-120.0s r=1.0deg
  best=smi:org.gfz-potsdam.de/geofon/usp2017urtj dt_s=0.920 dist_km=0.187 picks<=400.0km=1
  candidates=1 scored=1
  best=smi:org.gfz-potsdam.de/geofon/usp2017vpug dt_s=0.810 dist_km=0.545 picks<=400.0km=9
NO_MATCH: 2018-01-30T10:08:15Z -> data/sisbra_all_w24/20180130T100815_row3587
[1592/3570] SISBRA 2018-02-13T04:51:05 lat=-12.230 lon=-48.440 mag=3.0 window=+/-120.0s r=1.0deg
  candidates=1 scored=1
  best=smi:org.gfz-potsdam.de/geofon/usp2017rqxq dt_s=0.070 dist_km=0.598 picks<=400.0km=2
MATCHED: 2017-11-04T11:30:52Z -> data/sisbra_all_w24/20171104T113052_usp2017vpug_row3558 picks=9
[1593/3570] SISBRA 2018-02-22T12:00:24 lat=-4.250 lon=-48.660 mag=2.8 window=+/-120.0s r=1.0deg
MATCHED: 2017-10-22T07:48:31Z -> data/sisbra_all_w24/20171022T074831_usp2017urtj_row3554 picks=1
[1594/3570] SISBRA 2018-02-25T02:26:25 lat=-20.120 lon=-47.220 mag=3.0 window=+/-120.0s r=1.0deg
  candidates=1 scored=1
  best=smi:org.gfz-potsdam.de/geofon/usp2017vglu dt_s=0.388 dist_km=0.524 picks<=400.0km=7
MATCHED: 2017-09-09T04:13:39Z -> data/sisbra_all_w24/20170909T041339_usp2017rqxq_row3530 picks=2
[1595/3570] SISBRA 2018-02-27T03:31:46 lat=-14.900 lon=-40.380 mag=1.3 window=+/-120.0s r=1.0deg
  candidates=1 scored=1
  candidates=1 scored=1
  best=smi:org.gfz-potsdam.de/geofon/usp2018bckz dt_s=0.061 dist_km=0.418 picks<=400.0km=3
  candidates=1 scored=1
  best=smi:org.gfz-potsdam.de/geofon/usp2018bjqq dt_s=0.273 dist_km=0.632 picks<=400.0km=4
  best=smi:org.gfz-potsdam.de/geofon/usp2018bgwy dt_s=0.825 dist_km=0.161 picks<=400.0km=7
NO_MATCH: 2018-02-13T04:51:05Z -> data/sisbra_all_w24/20180213T045105_row3591
[1596/3570] SISBRA 2018-03-02T04:17:51 lat=-6.410 lon=-50.080 mag=2.2 window=+/-120.0s r=1.0deg
MATCHED: 2018-01-20T12:09:23Z -> data/sisbra_all_w24/20180120T120923_usp2018bjqq_row3578 picks=4
[1597/3570] SISBRA 2018-03-03T17:30:30 lat=-9.635 lon=-35.746 mag=2.2 window=+/-120.0s r=1.0deg
MATCHED: 2017-10-30T09:01:23Z -> data/sisbra_all_w24/20171030T090123_usp2017vglu_row3556 picks=7
[1598/3570] SISBRA 2018-03-08T20:50:44 lat=-15.930 lon=-56.020 mag=2.6 window=+/-120.0s r=1.0deg
MATCHED: 2018-01-16T13:20:47Z -> data/sisbra_all_w24/20180116T132047_usp2018bckz_row3575 picks=3
[1599/3570] SISBRA 2018-03-09T16:55:16 lat=-24.530 lon=-46.880 mag=2.6 window=+/-120.0s r=1.0deg
MATCHED: 2018-01-18T23:56:36Z -> data/sisbra_all_w24/20180118T235636_usp2018bgwy_row3577 picks=7
[1600/3570] SISBRA 2018-03-10T15:51:57 lat=-14.900 lon=-39.480 mag=1.8 window=+/-120.0s r=1.0deg
  candidates=1 scored=1
NO_MATCH: 2018-02-22T12:00:24Z -> data/sisbra_all_w24/20180222T120024_row3592
[1601/3570] SISBRA 2018-03-10T19:32:48 lat=-5.570 lon=-35.590 mag=1.8 window=+/-120.0s r=1.0deg
  best=smi:org.gfz-potsdam.de/geofon/usp2017yacx dt_s=0.106 dist_km=0.584 picks<=400.0km=1
MATCHED: 2017-12-08T14:19:45Z -> data/sisbra_all_w24/20171208T141945_usp2017yacx_row3569 picks=1
[1602/3570] SISBRA 2018-03-10T21:05:30 lat=-5.530 lon=-35.490 mag=1.7 window=+/-120.0s r=1.0deg
NO_MATCH: 2018-03-02T04:17:51Z -> data/sisbra_all_w24/20180302T041751_row3596
[1603/3570] SISBRA 2018-03-11T08:16:23 lat=-5.520 lon=-35.670 mag=2.0 window=+/-120.0s r=1.0deg
NO_MATCH: 2018-03-08T20:50:44Z -> data/sisbra_all_w24/20180308T205044_row3598
[1604/3570] SISBRA 2018-03-11T09:05:45 lat=-13.480 lon=-55.510 mag=3.3 window=+/-120.0s r=1.0deg
  candidates=1 scored=1
  best=smi:org.gfz-potsdam.de/geofon/usp2018cdft dt_s=0.000 dist_km=0.506 picks<=400.0km=2
MATCHED: 2018-01-31T05:22:34Z -> data/sisbra_all_w24/20180131T052234_usp2018cdft_row3588 picks=2
[1605/3570] SISBRA 2018-03-13T03:06:53 lat=-21.230 lon=-46.380 mag=2.6 window=+/-120.0s r=1.0deg
  candidates=1 scored=1
  best=smi:org.gfz-potsdam.de/geofon/usp2018cldn dt_s=0.000 dist_km=0.000 picks<=400.0km=1
  candidates=1 scored=1
  best=smi:org.gfz-potsdam.de/geofon/usp2018bryy dt_s=0.712 dist_km=0.574 picks<=400.0km=4
  candidates=1 scored=1
  best=smi:org.gfz-potsdam.de/geofon/usp2018bufm dt_s=0.988 dist_km=0.446 picks<=400.0km=3
MATCHED: 2018-02-04T13:20:21Z -> data/sisbra_all_w24/20180204T132021_usp2018cldn_row3590 picks=1
[1606/3570] SISBRA 2018-03-13T06:35:06 lat=-5.520 lon=-35.550 mag=2.4 window=+/-120.0s r=1.0deg
MATCHED: 2018-01-25T01:27:20Z -> data/sisbra_all_w24/20180125T012720_usp2018bryy_row3583 picks=4
[1607/3570] SISBRA 2018-03-14T21:25:18 lat=-8.160 lon=-35.670 mag=1.5 window=+/-120.0s r=1.0deg
  candidates=1 scored=1
MATCHED: 2018-01-26T07:01:02Z -> data/sisbra_all_w24/20180126T070102_usp2018bufm_row3584 picks=3
[1608/3570] SISBRA 2018-03-15T20:13:29 lat=-8.590 lon=-71.480 mag=4.3 window=+/-120.0s r=1.0deg
  best=smi:org.gfz-potsdam.de/geofon/usp2018cawf dt_s=0.855 dist_km=0.200 picks<=400.0km=8
MATCHED: 2018-01-29T22:17:41Z -> data/sisbra_all_w24/20180129T221741_usp2018cawf_row3586 picks=8
[1609/3570] SISBRA 2018-03-15T20:48:57 lat=-11.040 lon=-48.600 mag=3.0 window=+/-120.0s r=1.0deg
  candidates=1 scored=1
  best=smi:org.gfz-potsdam.de/geofon/usp2017vtti dt_s=0.858 dist_km=0.336 picks<=400.0km=23
MATCHED: 2017-11-06T15:36:26Z -> data/sisbra_all_w24/20171106T153626_usp2017vtti_row3560 picks=23
[1610/3570] SISBRA 2018-03-18T09:38:41 lat=-5.570 lon=-35.510 mag=1.9 window=+/-120.0s r=1.0deg
  candidates=1 scored=1
  best=smi:org.gfz-potsdam.de/geofon/usp2017vazw dt_s=0.865 dist_km=0.518 picks<=400.0km=1
  candidates=1 scored=1
  best=smi:org.gfz-potsdam.de/geofon/usp2018evlp dt_s=0.950 dist_km=0.589 picks<=400.0km=6
  candidates=1 scored=1
  best=smi:org.gfz-potsdam.de/geofon/usp2018eakr dt_s=0.033 dist_km=0.440 picks<=400.0km=6
  candidates=1 scored=1
  best=smi:org.gfz-potsdam.de/geofon/usp2018baqx dt_s=0.271 dist_km=0.226 picks<=400.0km=5
MATCHED: 2017-10-27T09:18:52Z -> data/sisbra_all_w24/20171027T091852_usp2017vazw_row3555 picks=1
[1611/3570] SISBRA 2018-03-19T06:14:32 lat=-11.550 lon=-56.790 mag=2.3 window=+/-120.0s r=1.0deg
  candidates=1 scored=1
  best=smi:org.gfz-potsdam.de/geofon/usp2018fdeq dt_s=0.238 dist_km=0.308 picks<=400.0km=4
MATCHED: 2018-03-10T15:51:57Z -> data/sisbra_all_w24/20180310T155157_usp2018evlp_row3600 picks=6
[1612/3570] SISBRA 2018-03-21T18:46:14 lat=-2.420 lon=-44.350 mag=3.2 window=+/-120.0s r=1.0deg
MATCHED: 2018-02-27T03:31:46Z -> data/sisbra_all_w24/20180227T033146_usp2018eakr_row3595 picks=6
[1613/3570] SISBRA 2018-04-04T21:23:45 lat=-12.570 lon=-56.080 mag=2.8 window=+/-120.0s r=1.0deg
MATCHED: 2018-01-15T14:04:31Z -> data/sisbra_all_w24/20180115T140431_usp2018baqx_row3574 picks=5
[1614/3570] SISBRA 2018-04-06T15:15:27 lat=-17.480 lon=-55.480 mag=2.4 window=+/-120.0s r=1.0deg
MATCHED: 2018-03-14T21:25:18Z -> data/sisbra_all_w24/20180314T212518_usp2018fdeq_row3607 picks=4
[1615/3570] SISBRA 2018-04-06T15:19:27 lat=-17.410 lon=-55.290 mag=2.5 window=+/-120.0s r=1.0deg
NO_MATCH: 2018-03-21T18:46:14Z -> data/sisbra_all_w24/20180321T184614_row3612
[1616/3570] SISBRA 2018-04-06T23:18:48 lat=-23.860 lon=-47.380 mag=1.9 window=+/-120.0s r=1.0deg
  candidates=1 scored=1
  best=smi:org.gfz-potsdam.de/geofon/usp2018ewsc dt_s=0.526 dist_km=0.166 picks<=400.0km=4
MATCHED: 2018-03-11T08:16:23Z -> data/sisbra_all_w24/20180311T081623_usp2018ewsc_row3603 picks=4
[1617/3570] SISBRA 2018-04-07T17:18:40 lat=-23.690 lon=-47.580 mag=2.0 window=+/-120.0s r=1.0deg
  candidates=1 scored=1
  best=smi:org.gfz-potsdam.de/geofon/usp2018etsf dt_s=0.785 dist_km=0.205 picks<=400.0km=5
MATCHED: 2018-03-09T16:55:16Z -> data/sisbra_all_w24/20180309T165516_usp2018etsf_row3599 picks=5
[1618/3570] SISBRA 2018-04-11T10:51:57 lat=-18.850 lon=-44.790 mag=2.3 window=+/-120.0s r=1.0deg
  candidates=1 scored=1
  best=smi:org.gfz-potsdam.de/geofon/usp2018ezyw dt_s=0.540 dist_km=0.518 picks<=400.0km=12
  candidates=1 scored=1
  best=smi:org.gfz-potsdam.de/geofon/usp2017uevh dt_s=42.800 dist_km=1.380 picks<=400.0km=10
  candidates=1 scored=1
  best=smi:org.gfz-potsdam.de/geofon/usp2018eiui dt_s=0.065 dist_km=0.913 picks<=400.0km=4
  candidates=1 scored=1
  candidates=1 scored=1
  best=smi:org.gfz-potsdam.de/geofon/usp2018evvy dt_s=0.200 dist_km=0.353 picks<=400.0km=3
  best=smi:org.gfz-potsdam.de/geofon/usp2017vxkl dt_s=0.240 dist_km=0.369 picks<=400.0km=4
MATCHED: 2018-03-13T03:06:53Z -> data/sisbra_all_w24/20180313T030653_usp2018ezyw_row3605 picks=12
[1619/3570] SISBRA 2018-04-11T23:32:18 lat=-16.160 lon=-60.920 mag=3.0 window=+/-120.0s r=1.0deg
MATCHED: 2017-10-15T06:00:00Z -> data/sisbra_all_w24/20171015T060042_usp2017uevh_row3549 picks=10
[1620/3570] SISBRA 2018-04-12T03:56:34 lat=-17.350 lon=-47.440 mag=2.8 window=+/-120.0s r=1.0deg
MATCHED: 2018-03-03T17:30:30Z -> data/sisbra_all_w24/20180303T173030_usp2018eiui_row3597 picks=4
[1621/3570] SISBRA 2018-04-13T12:28:48 lat=-27.820 lon=-47.750 mag=3.7 window=+/-120.0s r=1.0deg
MATCHED: 2018-03-10T21:05:30Z -> data/sisbra_all_w24/20180310T210530_usp2018evvy_row3602 picks=3
[1622/3570] SISBRA 2018-04-14T20:50:18 lat=-3.630 lon=-40.390 mag=1.3 window=+/-120.0s r=1.0deg
MATCHED: 2017-11-08T15:39:42Z -> data/sisbra_all_w24/20171108T153941_usp2017vxkl_row3563 picks=4
[1623/3570] SISBRA 2018-04-16T04:20:31 lat=-20.870 lon=-48.830 mag=1.8 window=+/-120.0s r=1.0deg
NO_MATCH: 2018-04-11T23:32:18Z -> data/sisbra_all_w24/20180411T233218_row3619
[1624/3570] SISBRA 2018-04-19T16:47:58 lat=-9.500 lon=-71.610 mag=4.7 window=+/-120.0s r=1.0deg
  candidates=1 scored=1
  best=smi:org.gfz-potsdam.de/geofon/usp2018evsx dt_s=0.000 dist_km=0.496 picks<=400.0km=3
  candidates=1 scored=1
NO_MATCH: 2018-04-12T03:56:34Z -> data/sisbra_all_w24/20180412T035634_row3620
[1625/3570] SISBRA 2018-04-20T00:12:36 lat=-9.810 lon=-71.780 mag=4.3 window=+/-120.0s r=1.0deg
  best=smi:org.gfz-potsdam.de/geofon/usp2017uhou dt_s=0.787 dist_km=0.145 picks<=400.0km=0
NO_MATCH: 2018-04-14T20:50:18Z -> data/sisbra_all_w24/20180414T205018_row3622
[1626/3570] SISBRA 2018-04-21T00:08:24 lat=-11.590 lon=-56.820 mag=1.6 window=+/-120.0s r=1.0deg
MATCHED: 2018-03-10T19:32:48Z -> data/sisbra_all_w24/20180310T193248_usp2018evsx_row3601 picks=3
[1627/3570] SISBRA 2018-04-24T07:47:48 lat=-5.570 lon=-36.120 mag=1.5 window=+/-120.0s r=1.0deg
MATCHED: 2017-10-16T18:08:32Z -> data/sisbra_all_w24/20171016T180832_usp2017uhou_row3551 picks=0
[1628/3570] SISBRA 2018-04-26T12:55:26 lat=-7.180 lon=-73.720 mag=4.6 window=+/-120.0s r=1.0deg
  candidates=1 scored=1
  best=smi:org.gfz-potsdam.de/geofon/usp2018cdpr dt_s=0.830 dist_km=0.501 picks<=400.0km=5
  candidates=1 scored=1
  candidates=1 scored=1
  best=smi:org.gfz-potsdam.de/geofon/usp2018fext dt_s=0.694 dist_km=0.999 picks<=400.0km=1
  best=smi:org.gfz-potsdam.de/geofon/usp2018gstd dt_s=4.109 dist_km=32.260 picks<=400.0km=16
MATCHED: 2018-01-31T10:24:00Z -> data/sisbra_all_w24/20180131T102400_usp2018cdpr_row3589 picks=5
[1629/3570] SISBRA 2018-04-26T19:12:19 lat=-5.750 lon=-50.550 mag=3.3 window=+/-120.0s r=1.0deg
MATCHED: 2018-03-15T20:13:29Z -> data/sisbra_all_w24/20180315T201329_usp2018fext_row3608 picks=1
[1630/3570] SISBRA 2018-05-07T08:10:38 lat=-24.830 lon=-45.310 mag=2.1 window=+/-120.0s r=1.0deg
MATCHED: 2018-04-06T15:19:27Z -> data/sisbra_all_w24/20180406T151922_usp2018gstd_row3615 picks=16
[1631/3570] SISBRA 2018-05-08T20:54:44 lat=-9.690 lon=-55.070 mag=2.6 window=+/-120.0s r=1.0deg
  candidates=1 scored=1
  best=smi:org.gfz-potsdam.de/geofon/usp2018gpod dt_s=0.248 dist_km=0.490 picks<=400.0km=5
MATCHED: 2018-04-04T21:23:45Z -> data/sisbra_all_w24/20180404T212345_usp2018gpod_row3613 picks=5
[1632/3570] SISBRA 2018-05-11T12:29:07 lat=-4.950 lon=-38.080 mag=2.3 window=+/-120.0s r=1.0deg
  candidates=1 scored=1
  best=smi:org.gfz-potsdam.de/geofon/usp2018gtiy dt_s=0.834 dist_km=0.674 picks<=400.0km=3
NO_MATCH: 2018-05-08T20:54:44Z -> data/sisbra_all_w24/20180508T205444_row3631
[1633/3570] SISBRA 2018-05-11T21:46:05 lat=-21.740 lon=-44.830 mag=2.3 window=+/-120.0s r=1.0deg
MATCHED: 2018-04-06T23:18:48Z -> data/sisbra_all_w24/20180406T231848_usp2018gtiy_row3616 picks=3
[1634/3570] SISBRA 2018-05-12T02:36:22 lat=-10.360 lon=-50.480 mag=2.1 window=+/-120.0s r=1.0deg
  candidates=1 scored=1
  best=smi:org.gfz-potsdam.de/geofon/usp2018faft dt_s=0.260 dist_km=0.506 picks<=400.0km=3
  candidates=1 scored=1
  best=smi:org.gfz-potsdam.de/geofon/usp2018flec dt_s=0.076 dist_km=0.481 picks<=400.0km=2
MATCHED: 2018-03-13T06:35:06Z -> data/sisbra_all_w24/20180313T063506_usp2018faft_row3606 picks=3
[1635/3570] SISBRA 2018-05-13T21:02:44 lat=-23.000 lon=-42.290 mag=2.6 window=+/-120.0s r=1.0deg
MATCHED: 2018-03-19T06:14:32Z -> data/sisbra_all_w24/20180319T061432_usp2018flec_row3611 picks=2
[1636/3570] SISBRA 2018-05-16T12:24:52 lat=-9.800 lon=-37.240 mag=1.7 window=+/-120.0s r=1.0deg
  candidates=1 scored=1
  best=smi:org.gfz-potsdam.de/geofon/usp2018fjpi dt_s=0.734 dist_km=0.600 picks<=400.0km=7
  candidates=1 scored=1
  candidates=1 scored=1
  best=smi:org.gfz-potsdam.de/geofon/usp2018feyy dt_s=2.940 dist_km=12.132 picks<=400.0km=2
  best=smi:org.gfz-potsdam.de/geofon/usp2018guso dt_s=0.070 dist_km=0.390 picks<=400.0km=5
MATCHED: 2018-03-18T09:38:41Z -> data/sisbra_all_w24/20180318T093841_usp2018fjpi_row3610 picks=7
[1637/3570] SISBRA 2018-05-20T04:47:21 lat=-5.530 lon=-35.440 mag=1.9 window=+/-120.0s r=1.0deg
MATCHED: 2018-03-15T20:48:57Z -> data/sisbra_all_w24/20180315T204859_usp2018feyy_row3609 picks=2
[1638/3570] SISBRA 2018-05-24T00:08:42 lat=-3.780 lon=-39.880 mag=2.5 window=+/-120.0s r=1.0deg
MATCHED: 2018-04-07T17:18:40Z -> data/sisbra_all_w24/20180407T171840_usp2018guso_row3617 picks=5
[1639/3570] SISBRA 2018-05-25T21:16:33 lat=-24.770 lon=-48.050 mag=2.8 window=+/-120.0s r=1.0deg
  candidates=1 scored=1
  best=smi:org.gfz-potsdam.de/geofon/usp2018hszp dt_s=0.687 dist_km=0.540 picks<=400.0km=2
  candidates=1 scored=1
  candidates=1 scored=1
  best=smi:org.gfz-potsdam.de/geofon/usp2018hkek dt_s=0.037 dist_km=0.494 picks<=400.0km=2
  best=smi:org.gfz-potsdam.de/geofon/usp2017shhh dt_s=0.830 dist_km=0.516 picks<=400.0km=9
MATCHED: 2018-04-16T04:20:31Z -> data/sisbra_all_w24/20180416T042031_usp2018hkek_row3623 picks=2
[1640/3570] SISBRA 2018-05-26T13:45:40 lat=-13.740 lon=-49.070 mag=2.6 window=+/-120.0s r=1.0deg
MATCHED: 2018-04-21T00:08:24Z -> data/sisbra_all_w24/20180421T000824_usp2018hszp_row3626 picks=2
[1641/3570] SISBRA 2018-05-28T15:41:16 lat=-1.190 lon=-60.550 mag=4.1 window=+/-120.0s r=1.0deg
  candidates=1 scored=1
  best=smi:org.gfz-potsdam.de/geofon/usp2018gssz dt_s=4.329 dist_km=43.695 picks<=400.0km=6
MATCHED: 2017-09-18T03:16:50Z -> data/sisbra_all_w24/20170918T031650_usp2017shhh_row3534 picks=9
[1642/3570] SISBRA 2018-05-28T18:23:41 lat=-11.570 lon=-56.780 mag=2.0 window=+/-120.0s r=1.0deg
  candidates=1 scored=1
  best=smi:org.gfz-potsdam.de/geofon/usp2018jfem dt_s=0.767 dist_km=0.206 picks<=400.0km=5
MATCHED: 2018-04-06T15:15:27Z -> data/sisbra_all_w24/20180406T151522_usp2018gssz_row3614 picks=6
[1643/3570] SISBRA 2018-06-01T18:45:28 lat=-11.610 lon=-56.730 mag=1.1 window=+/-120.0s r=1.0deg
NO_MATCH: 2018-05-26T13:45:40Z -> data/sisbra_all_w24/20180526T134540_row3640
[1644/3570] SISBRA 2018-06-05T09:36:07 lat=-8.580 lon=-74.020 mag=4.1 window=+/-120.0s r=1.0deg
MATCHED: 2018-05-11T21:46:05Z -> data/sisbra_all_w24/20180511T214605_usp2018jfem_row3633 picks=5
[1645/3570] SISBRA 2018-06-05T16:07:17 lat=-23.780 lon=-46.900 mag=1.6 window=+/-120.0s r=1.0deg
  candidates=1 scored=1
  best=smi:org.gfz-potsdam.de/geofon/usp2018hzbh dt_s=0.017 dist_km=0.734 picks<=400.0km=5
  candidates=1 scored=1
  best=smi:org.gfz-potsdam.de/geofon/usp2018hbnv dt_s=0.328 dist_km=0.537 picks<=400.0km=8
MATCHED: 2018-04-24T07:47:48Z -> data/sisbra_all_w24/20180424T074748_usp2018hzbh_row3627 picks=5
[1646/3570] SISBRA 2018-06-05T20:22:51 lat=-24.770 lon=-47.800 mag=2.4 window=+/-120.0s r=1.0deg
  candidates=1 scored=1
  best=smi:org.gfz-potsdam.de/geofon/usp2018iwvo dt_s=0.929 dist_km=9.436 picks<=400.0km=3
MATCHED: 2018-04-11T10:51:57Z -> data/sisbra_all_w24/20180411T105157_usp2018hbnv_row3618 picks=8
[1647/3570] SISBRA 2018-06-08T20:25:01 lat=-24.920 lon=-50.550 mag=2.1 window=+/-120.0s r=1.0deg
  candidates=1 scored=1
  best=smi:org.gfz-potsdam.de/geofon/usp2018ewts dt_s=0.730 dist_km=0.593 picks<=400.0km=4
MATCHED: 2018-05-07T08:10:38Z -> data/sisbra_all_w24/20180507T081037_usp2018iwvo_row3630 picks=3
[1648/3570] SISBRA 2018-06-13T11:09:50 lat=-4.780 lon=-38.050 mag=1.8 window=+/-120.0s r=1.0deg
MATCHED: 2018-03-11T09:05:45Z -> data/sisbra_all_w24/20180311T090545_usp2018ewts_row3604 picks=4
[1649/3570] SISBRA 2018-06-15T07:16:04 lat=-15.130 lon=-42.880 mag=2.3 window=+/-120.0s r=1.0deg
  candidates=1 scored=1
  best=smi:org.gfz-potsdam.de/geofon/usp2018hqpp dt_s=0.885 dist_km=0.103 picks<=400.0km=1
  candidates=1 scored=1
  best=smi:org.gfz-potsdam.de/geofon/usp2018jfob dt_s=1.195 dist_km=42.870 picks<=400.0km=1
MATCHED: 2018-04-19T16:47:58Z -> data/sisbra_all_w24/20180419T164758_usp2018hqpp_row3624 picks=1
[1650/3570] SISBRA 2018-06-17T00:55:10 lat=-27.190 lon=-58.150 mag=2.3 window=+/-120.0s r=1.0deg
MATCHED: 2018-05-12T02:36:22Z -> data/sisbra_all_w24/20180512T023623_usp2018jfob_row3634 picks=1
[1651/3570] SISBRA 2018-06-21T13:19:21 lat=-9.020 lon=-73.790 mag=3.9 window=+/-120.0s r=1.0deg
  candidates=1 scored=1
  best=smi:org.gfz-potsdam.de/geofon/usp2017vsmd dt_s=0.299 dist_km=0.122 picks<=400.0km=1
  candidates=1 scored=1
  best=smi:org.gfz-potsdam.de/geofon/usp2018kjzj dt_s=0.468 dist_km=0.241 picks<=400.0km=4
  candidates=1 scored=1
  best=smi:org.gfz-potsdam.de/geofon/usp2018juik dt_s=0.617 dist_km=0.458 picks<=400.0km=6
MATCHED: 2017-11-05T22:49:35Z -> data/sisbra_all_w24/20171105T224935_usp2017vsmd_row3559 picks=1
[1652/3570] SISBRA 2018-06-21T20:45:49 lat=-23.390 lon=-46.960 mag=1.7 window=+/-120.0s r=1.0deg
MATCHED: 2018-05-28T18:23:41Z -> data/sisbra_all_w24/20180528T182341_usp2018kjzj_row3642 picks=4
[1653/3570] SISBRA 2018-06-25T18:47:55 lat=-26.100 lon=-49.520 mag=2.2 window=+/-120.0s r=1.0deg
MATCHED: 2018-05-20T04:47:21Z -> data/sisbra_all_w24/20180520T044721_usp2018juik_row3637 picks=6
[1654/3570] SISBRA 2018-06-26T11:43:09 lat=-8.130 lon=-73.670 mag=4.1 window=+/-120.0s r=1.0deg
  candidates=1 scored=1
  best=smi:org.gfz-potsdam.de/geofon/usp2018kykw dt_s=0.308 dist_km=0.467 picks<=400.0km=6
  candidates=1 scored=1
  best=smi:org.gfz-potsdam.de/geofon/usp2018kric dt_s=0.000 dist_km=0.491 picks<=400.0km=1
MATCHED: 2018-06-01T18:45:28Z -> data/sisbra_all_w24/20180601T184528_usp2018kric_row3643 picks=1
[1655/3570] SISBRA 2018-06-27T01:17:45 lat=-16.200 lon=-55.920 mag=3.1 window=+/-120.0s r=1.0deg
MATCHED: 2018-06-05T16:07:17Z -> data/sisbra_all_w24/20180605T160717_usp2018kykw_row3645 picks=6
[1656/3570] SISBRA 2018-06-28T01:24:09 lat=-8.840 lon=-73.920 mag=4.3 window=+/-120.0s r=1.0deg
  candidates=1 scored=1
  best=smi:org.gfz-potsdam.de/geofon/usp2018jemc dt_s=0.129 dist_km=0.275 picks<=400.0km=6
  candidates=1 scored=1
  best=smi:org.gfz-potsdam.de/geofon/usp2018dwrn dt_s=0.381 dist_km=2.333 picks<=400.0km=12
  candidates=1 scored=1
  candidates=1 scored=1
  best=smi:org.gfz-potsdam.de/geofon/usp2018idow dt_s=0.059 dist_km=0.490 picks<=400.0km=0
  best=smi:org.gfz-potsdam.de/geofon/usp2018jnpm dt_s=0.442 dist_km=0.319 picks<=400.0km=6
MATCHED: 2018-05-11T12:29:07Z -> data/sisbra_all_w24/20180511T122907_usp2018jemc_row3632 picks=6
[1657/3570] SISBRA 2018-06-30T15:44:55 lat=-21.040 lon=-44.730 mag=1.8 window=+/-120.0s r=1.0deg
MATCHED: 2018-02-25T02:26:25Z -> data/sisbra_all_w24/20180225T022624_usp2018dwrn_row3594 picks=12
[1658/3570] SISBRA 2018-07-03T01:25:12 lat=-15.320 lon=-51.010 mag=2.5 window=+/-120.0s r=1.0deg
MATCHED: 2018-04-26T19:12:19Z -> data/sisbra_all_w24/20180426T191219_usp2018idow_row3629 picks=0
[1659/3570] SISBRA 2018-07-05T21:37:58 lat=-4.670 lon=-56.170 mag=2.6 window=+/-120.0s r=1.0deg
MATCHED: 2018-05-16T12:24:52Z -> data/sisbra_all_w24/20180516T122452_usp2018jnpm_row3636 picks=6
[1660/3570] SISBRA 2018-07-10T11:55:52 lat=-5.720 lon=-39.550 mag=1.5 window=+/-120.0s r=1.0deg
NO_MATCH: 2018-07-03T01:25:12Z -> data/sisbra_all_w24/20180703T012512_row3658
[1661/3570] SISBRA 2018-07-10T20:46:08 lat=-10.820 lon=-37.100 mag=2.4 window=+/-120.0s r=1.0deg
NO_MATCH: 2018-07-05T21:37:58Z -> data/sisbra_all_w24/20180705T213758_row3659
[1662/3570] SISBRA 2018-07-11T11:12:50 lat=-11.700 lon=-56.740 mag=1.6 window=+/-120.0s r=1.0deg
  candidates=1 scored=1
  best=smi:org.gfz-potsdam.de/geofon/usp2018keso dt_s=0.104 dist_km=8.605 picks<=400.0km=6
MATCHED: 2018-05-25T21:16:33Z -> data/sisbra_all_w24/20180525T211633_usp2018keso_row3639 picks=6
[1663/3570] SISBRA 2018-07-16T00:56:27 lat=-17.850 lon=-53.970 mag=2.8 window=+/-120.0s r=1.0deg
  candidates=1 scored=1
  best=smi:org.gfz-potsdam.de/geofon/usp2018lefx dt_s=0.150 dist_km=0.473 picks<=400.0km=3
  candidates=1 scored=1
  best=smi:org.gfz-potsdam.de/geofon/usp2018lmrc dt_s=0.901 dist_km=0.499 picks<=400.0km=5
  candidates=1 scored=1
  best=smi:org.gfz-potsdam.de/geofon/usp2018hreg dt_s=0.960 dist_km=0.503 picks<=400.0km=2
MATCHED: 2018-06-08T20:25:01Z -> data/sisbra_all_w24/20180608T202501_usp2018lefx_row3647 picks=3
[1664/3570] SISBRA 2018-07-17T21:29:30 lat=-21.870 lon=-46.610 mag=2.4 window=+/-120.0s r=1.0deg
  candidates=1 scored=1
  best=smi:org.gfz-potsdam.de/geofon/usp2018jiub dt_s=0.010 dist_km=0.279 picks<=400.0km=6
  candidates=1 scored=1
  best=smi:org.gfz-potsdam.de/geofon/usp2018kyti dt_s=3.358 dist_km=25.757 picks<=400.0km=9
MATCHED: 2018-06-13T11:09:50Z -> data/sisbra_all_w24/20180613T110950_usp2018lmrc_row3648 picks=5
[1665/3570] SISBRA 2018-07-18T08:04:36 lat=-7.480 lon=-64.940 mag=3.1 window=+/-120.0s r=1.0deg
  candidates=1 scored=1
  best=smi:org.gfz-potsdam.de/geofon/usp2018kbhf dt_s=0.276 dist_km=0.543 picks<=400.0km=4
NO_MATCH: 2018-07-16T00:56:27Z -> data/sisbra_all_w24/20180716T005627_row3663
[1666/3570] SISBRA 2018-07-18T09:55:08 lat=-2.880 lon=-49.620 mag=2.7 window=+/-120.0s r=1.0deg
MATCHED: 2018-04-20T00:12:36Z -> data/sisbra_all_w24/20180420T001236_usp2018hreg_row3625 picks=2
[1667/3570] SISBRA 2018-07-24T05:16:15 lat=-3.730 lon=-49.930 mag=2.9 window=+/-120.0s r=1.0deg
MATCHED: 2018-06-05T20:22:51Z -> data/sisbra_all_w24/20180605T202247_usp2018kyti_row3646 picks=9
[1668/3570] SISBRA 2018-07-25T11:24:29 lat=-4.150 lon=-38.850 mag=1.9 window=+/-120.0s r=1.0deg
MATCHED: 2018-05-13T21:02:44Z -> data/sisbra_all_w24/20180513T210244_usp2018jiub_row3635 picks=6
[1669/3570] SISBRA 2018-07-26T04:04:21 lat=-21.930 lon=-50.510 mag=2.9 window=+/-120.0s r=1.0deg
MATCHED: 2018-05-24T00:08:42Z -> data/sisbra_all_w24/20180524T000842_usp2018kbhf_row3638 picks=4
[1670/3570] SISBRA 2018-08-01T20:35:01 lat=-23.290 lon=-51.200 mag=0.8 window=+/-120.0s r=1.0deg
  candidates=1 scored=1
  best=smi:org.gfz-potsdam.de/geofon/usp2018kxxz dt_s=1.487 dist_km=13.139 picks<=400.0km=2
  candidates=1 scored=1
  best=smi:org.gfz-potsdam.de/geofon/usp2018lqak dt_s=0.784 dist_km=0.752 picks<=400.0km=5
  candidates=1 scored=1
  best=smi:org.gfz-potsdam.de/geofon/usp2018mblj dt_s=11.651 dist_km=73.340 picks<=400.0km=1
  candidates=1 scored=1
  best=smi:org.gfz-potsdam.de/geofon/usp2018ltev dt_s=0.760 dist_km=0.487 picks<=400.0km=3
NO_MATCH: 2018-07-18T08:04:36Z -> data/sisbra_all_w24/20180718T080436_row3665
[1671/3570] SISBRA 2018-08-04T13:42:32 lat=-11.540 lon=-49.400 mag=2.1 window=+/-120.0s r=1.0deg
MATCHED: 2018-06-05T09:36:07Z -> data/sisbra_all_w24/20180605T093605_usp2018kxxz_row3644 picks=2
[1672/3570] SISBRA 2018-08-06T09:53:48 lat=-12.470 lon=-57.010 mag=2.6 window=+/-120.0s r=1.0deg
NO_MATCH: 2018-07-24T05:16:15Z -> data/sisbra_all_w24/20180724T051615_row3667
[1673/3570] SISBRA 2018-08-08T05:08:54 lat=-22.950 lon=-44.010 mag=2.5 window=+/-120.0s r=1.0deg
MATCHED: 2018-06-15T07:16:04Z -> data/sisbra_all_w24/20180615T071604_usp2018lqak_row3649 picks=5
[1674/3570] SISBRA 2018-08-08T13:10:34 lat=-8.390 lon=-74.320 mag=4.1 window=+/-120.0s r=1.0deg
  candidates=1 scored=1
  best=smi:org.gfz-potsdam.de/geofon/usp2018mcad dt_s=0.198 dist_km=0.383 picks<=400.0km=5
MATCHED: 2018-06-17T00:55:10Z -> data/sisbra_all_w24/20180617T005510_usp2018ltev_row3650 picks=3
[1675/3570] SISBRA 2018-08-13T10:39:11 lat=-22.890 lon=-43.950 mag=1.0 window=+/-120.0s r=1.0deg
MATCHED: 2018-06-21T13:19:21Z -> data/sisbra_all_w24/20180621T131909_usp2018mblj_row3651 picks=1
[1676/3570] SISBRA 2018-08-13T12:38:59 lat=-22.890 lon=-43.950 mag=1.8 window=+/-120.0s r=1.0deg
  candidates=1 scored=1
  best=smi:org.gfz-potsdam.de/geofon/usp2018nlvh dt_s=0.129 dist_km=0.411 picks<=400.0km=2
NO_MATCH: 2018-07-18T09:55:08Z -> data/sisbra_all_w24/20180718T095508_row3666
[1677/3570] SISBRA 2018-08-13T18:19:54 lat=-8.240 lon=-37.190 mag=1.4 window=+/-120.0s r=1.0deg
MATCHED: 2018-06-21T20:45:49Z -> data/sisbra_all_w24/20180621T204549_usp2018mcad_row3652 picks=5
[1678/3570] SISBRA 2018-08-13T18:50:54 lat=-22.870 lon=-44.050 mag=1.0 window=+/-120.0s r=1.0deg
MATCHED: 2018-07-11T11:12:50Z -> data/sisbra_all_w24/20180711T111250_usp2018nlvh_row3662 picks=2
[1679/3570] SISBRA 2018-08-13T19:58:09 lat=-22.740 lon=-43.720 mag=2.1 window=+/-120.0s r=1.0deg
  candidates=1 scored=1
  best=smi:org.gfz-potsdam.de/geofon/usp2018nkbf dt_s=0.000 dist_km=0.000 picks<=400.0km=2
MATCHED: 2018-07-10T11:55:52Z -> data/sisbra_all_w24/20180710T115552_usp2018nkbf_row3660 picks=2
[1680/3570] SISBRA 2018-08-14T01:04:07 lat=-22.850 lon=-43.990 mag=2.0 window=+/-120.0s r=1.0deg
  candidates=1 scored=1
  best=smi:org.gfz-potsdam.de/geofon/usp2018hfia dt_s=0.270 dist_km=0.347 picks<=400.0km=2
NO_MATCH: 2018-08-04T13:42:32Z -> data/sisbra_all_w24/20180804T134232_row3671
[1681/3570] SISBRA 2018-08-15T14:54:32 lat=-15.040 lon=-51.180 mag=3.1 window=+/-120.0s r=1.0deg
MATCHED: 2018-04-13T12:28:48Z -> data/sisbra_all_w24/20180413T122848_usp2018hfia_row3621 picks=2
[1682/3570] SISBRA 2018-08-20T10:15:32 lat=-16.400 lon=-40.720 mag=3.3 window=+/-120.0s r=1.0deg
  candidates=1 scored=1
  candidates=1 scored=1
  best=smi:org.gfz-potsdam.de/geofon/usp2018oyxk dt_s=0.000 dist_km=0.000 picks<=400.0km=1
  best=smi:org.gfz-potsdam.de/geofon/usp2017xanj dt_s=0.495 dist_km=0.692 picks<=400.0km=1
NO_MATCH: 2018-08-06T09:53:48Z -> data/sisbra_all_w24/20180806T095348_row3672
[1683/3570] SISBRA 2018-08-21T00:19:27 lat=-13.790 lon=-49.120 mag=2.0 window=+/-120.0s r=1.0deg
  candidates=1 scored=1
  best=smi:org.gfz-potsdam.de/geofon/usp2018olks dt_s=0.000 dist_km=0.428 picks<=400.0km=4
MATCHED: 2018-08-01T20:35:01Z -> data/sisbra_all_w24/20180801T203501_usp2018oyxk_row3670 picks=1
[1684/3570] SISBRA 2018-08-24T09:04:07 lat=-11.120 lon=-70.870 mag=7.1 window=+/-120.0s r=1.0deg
MATCHED: 2018-07-25T11:24:29Z -> data/sisbra_all_w24/20180725T112429_usp2018olks_row3668 picks=4
[1685/3570] SISBRA 2018-09-03T21:09:28 lat=-15.240 lon=-59.310 mag=2.6 window=+/-120.0s r=1.0deg
MATCHED: 2017-11-24T14:05:00Z -> data/sisbra_all_w24/20171124T140500_usp2017xanj_row3566 picks=1
[1686/3570] SISBRA 2018-09-08T05:23:54 lat=-24.210 lon=-41.800 mag=2.7 window=+/-120.0s r=1.0deg
  candidates=1 scored=1
  best=smi:org.gfz-potsdam.de/geofon/usp2018mjeg dt_s=0.645 dist_km=0.265 picks<=400.0km=6
  candidates=1 scored=1
MATCHED: 2018-06-25T18:47:55Z -> data/sisbra_all_w24/20180625T184755_usp2018mjeg_row3653 picks=6
[1687/3570] SISBRA 2018-09-11T05:57:19 lat=-10.560 lon=-52.360 mag=2.5 window=+/-120.0s r=1.0deg
  best=smi:org.gfz-potsdam.de/geofon/usp2018mlmp dt_s=0.576 dist_km=3.559 picks<=400.0km=3
MATCHED: 2018-06-27T01:17:45Z -> data/sisbra_all_w24/20180627T011745_usp2018mlmp_row3655 picks=3
[1688/3570] SISBRA 2018-09-14T06:08:24 lat=-12.490 lon=-48.920 mag=3.0 window=+/-120.0s r=1.0deg
  candidates=1 scored=1
  best=smi:org.gfz-potsdam.de/geofon/usp2018nksr dt_s=0.431 dist_km=0.143 picks<=400.0km=2
MATCHED: 2018-07-10T20:46:08Z -> data/sisbra_all_w24/20180710T204608_usp2018nksr_row3661 picks=2
[1689/3570] SISBRA 2018-09-14T13:58:05 lat=-25.890 lon=-56.990 mag=2.8 window=+/-120.0s r=1.0deg
  candidates=1 scored=1
  best=smi:org.gfz-potsdam.de/geofon/usp2018purz dt_s=0.898 dist_km=0.496 picks<=400.0km=2
  candidates=1 scored=1
  best=smi:org.gfz-potsdam.de/geofon/usp2018msbs dt_s=0.244 dist_km=0.490 picks<=400.0km=5
MATCHED: 2018-08-13T18:50:54Z -> data/sisbra_all_w24/20180813T185054_usp2018purz_row3678 picks=2
[1690/3570] SISBRA 2018-09-17T15:59:15 lat=-21.760 lon=-50.330 mag=2.3 window=+/-120.0s r=1.0deg
MATCHED: 2018-06-30T15:44:55Z -> data/sisbra_all_w24/20180630T154455_usp2018msbs_row3657 picks=5
[1691/3570] SISBRA 2018-09-18T06:31:49 lat=-16.450 lon=-40.640 mag=1.9 window=+/-120.0s r=1.0deg
  candidates=1 scored=1
  best=smi:org.gfz-potsdam.de/geofon/usp2018mklt dt_s=1.583 dist_km=22.346 picks<=400.0km=2
  candidates=1 scored=1
  candidates=1 scored=1
  best=smi:org.gfz-potsdam.de/geofon/usp2018puuf dt_s=0.244 dist_km=0.463 picks<=400.0km=6
  candidates=1 scored=1
  best=smi:org.gfz-potsdam.de/geofon/usp2018pubu dt_s=0.000 dist_km=0.251 picks<=400.0km=2
  best=smi:org.gfz-potsdam.de/geofon/usp2018puqz dt_s=0.938 dist_km=0.286 picks<=400.0km=7
MATCHED: 2018-08-13T19:58:09Z -> data/sisbra_all_w24/20180813T195809_usp2018puuf_row3679 picks=6
[1692/3570] SISBRA 2018-09-18T15:08:32 lat=-22.720 lon=-43.820 mag=1.9 window=+/-120.0s r=1.0deg
MATCHED: 2018-06-26T11:43:09Z -> data/sisbra_all_w24/20180626T114307_usp2018mklt_row3654 picks=2
[1693/3570] SISBRA 2018-09-18T19:20:26 lat=-3.350 lon=-40.760 mag=3.2 window=+/-120.0s r=1.0deg
MATCHED: 2018-08-13T10:39:11Z -> data/sisbra_all_w24/20180813T103911_usp2018pubu_row3675 picks=2
[1694/3570] SISBRA 2018-09-21T20:12:44 lat=-10.530 lon=-37.420 mag=2.5 window=+/-120.0s r=1.0deg
MATCHED: 2018-08-13T18:19:54Z -> data/sisbra_all_w24/20180813T181954_usp2018puqz_row3677 picks=7
[1695/3570] SISBRA 2018-09-22T21:42:02 lat=-7.190 lon=-55.350 mag=3.2 window=+/-120.0s r=1.0deg
  candidates=1 scored=1
  best=smi:org.gfz-potsdam.de/geofon/usp2018pufs dt_s=0.071 dist_km=0.350 picks<=400.0km=6
  candidates=1 scored=1
MATCHED: 2018-08-13T12:38:59Z -> data/sisbra_all_w24/20180813T123859_usp2018pufs_row3676 picks=6
[1696/3570] SISBRA 2018-09-22T22:37:03 lat=-1.520 lon=-50.950 mag=2.9 window=+/-120.0s r=1.0deg
  best=smi:org.gfz-potsdam.de/geofon/usp2018kjua dt_s=0.259 dist_km=0.499 picks<=400.0km=4
MATCHED: 2018-05-28T15:41:16Z -> data/sisbra_all_w24/20180528T154115_usp2018kjua_row3641 picks=4
[1697/3570] SISBRA 2018-09-23T09:42:01 lat=-9.510 lon=-73.700 mag=4.1 window=+/-120.0s r=1.0deg
  candidates=1 scored=1
  best=smi:org.gfz-potsdam.de/geofon/usp2018mnii dt_s=0.535 dist_km=3.377 picks<=400.0km=1
MATCHED: 2018-06-28T01:24:09Z -> data/sisbra_all_w24/20180628T012409_usp2018mnii_row3656 picks=1
[1698/3570] SISBRA 2018-09-25T19:33:26 lat=-22.760 lon=-43.560 mag=1.9 window=+/-120.0s r=1.0deg
  candidates=1 scored=1
  best=smi:org.gfz-potsdam.de/geofon/usp2018rhgd dt_s=0.066 dist_km=0.443 picks<=400.0km=5
MATCHED: 2018-09-03T21:09:28Z -> data/sisbra_all_w24/20180903T210928_usp2018rhgd_row3685 picks=5
[1699/3570] SISBRA 2018-09-27T09:59:09 lat=-12.250 lon=-38.860 mag=1.4 window=+/-120.0s r=1.0deg
  candidates=1 scored=1
  candidates=1 scored=1
  best=smi:org.gfz-potsdam.de/geofon/usp2018sies dt_s=0.857 dist_km=0.699 picks<=400.0km=7
  best=smi:org.gfz-potsdam.de/geofon/usp2018pveh dt_s=0.066 dist_km=0.561 picks<=400.0km=5
  candidates=1 scored=1
  best=smi:org.gfz-potsdam.de/geofon/usp2018sqbo dt_s=0.640 dist_km=0.531 picks<=400.0km=1
MATCHED: 2018-08-14T01:04:07Z -> data/sisbra_all_w24/20180814T010407_usp2018pveh_row3680 picks=5
[1700/3570] SISBRA 2018-09-28T02:41:49 lat=-25.940 lon=-57.020 mag=2.4 window=+/-120.0s r=1.0deg
MATCHED: 2018-09-18T15:08:32Z -> data/sisbra_all_w24/20180918T150832_usp2018sies_row3692 picks=7
[1701/3570] SISBRA 2018-10-02T23:39:06 lat=-8.310 lon=-73.950 mag=4.0 window=+/-120.0s r=1.0deg
MATCHED: 2018-09-22T22:37:03Z -> data/sisbra_all_w24/20180922T223703_usp2018sqbo_row3696 picks=1
[1702/3570] SISBRA 2018-10-04T14:08:25 lat=-23.260 lon=-51.150 mag=1.9 window=+/-120.0s r=1.0deg
  candidates=1 scored=1
  best=smi:org.gfz-potsdam.de/geofon/usp2018sgky dt_s=0.277 dist_km=0.621 picks<=400.0km=3
  candidates=1 scored=1
  candidates=1 scored=1
  best=smi:org.gfz-potsdam.de/geofon/usp2018svia dt_s=0.166 dist_km=0.380 picks<=400.0km=3
  best=smi:org.gfz-potsdam.de/geofon/usp2018idcl dt_s=0.712 dist_km=0.236 picks<=400.0km=1
MATCHED: 2018-09-25T19:33:26Z -> data/sisbra_all_w24/20180925T193326_usp2018svia_row3698 picks=3
[1703/3570] SISBRA 2018-10-04T20:57:44 lat=-11.670 lon=-56.550 mag=2.0 window=+/-120.0s r=1.0deg
MATCHED: 2018-09-17T15:59:15Z -> data/sisbra_all_w24/20180917T155915_usp2018sgky_row3690 picks=3
[1704/3570] SISBRA 2018-10-08T23:51:27 lat=-3.550 lon=-40.450 mag=1.5 window=+/-120.0s r=1.0deg
MATCHED: 2018-04-26T12:55:26Z -> data/sisbra_all_w24/20180426T125526_usp2018idcl_row3628 picks=1
[1705/3570] SISBRA 2018-10-09T01:34:07 lat=-15.410 lon=-54.440 mag=3.2 window=+/-120.0s r=1.0deg
  candidates=1 scored=1
  candidates=1 scored=1
  best=smi:org.gfz-potsdam.de/geofon/usp2018rusb dt_s=0.020 dist_km=0.533 picks<=400.0km=4
  best=smi:org.gfz-potsdam.de/geofon/usp2018nxoq dt_s=0.401 dist_km=0.580 picks<=400.0km=8
  candidates=1 scored=1
  best=smi:org.gfz-potsdam.de/geofon/usp2018qhxj dt_s=0.282 dist_km=11.710 picks<=400.0km=3
MATCHED: 2018-09-11T05:57:19Z -> data/sisbra_all_w24/20180911T055719_usp2018rusb_row3687 picks=4
[1706/3570] SISBRA 2018-10-10T21:29:19 lat=-20.350 lon=-56.770 mag=2.1 window=+/-120.0s r=1.0deg
MATCHED: 2018-07-17T21:29:30Z -> data/sisbra_all_w24/20180717T212930_usp2018nxoq_row3664 picks=8
[1707/3570] SISBRA 2018-10-15T13:02:38 lat=-18.860 lon=-44.750 mag=2.5 window=+/-120.0s r=1.0deg
MATCHED: 2018-08-21T00:19:27Z -> data/sisbra_all_w24/20180821T001926_usp2018qhxj_row3683 picks=3
[1708/3570] SISBRA 2018-10-17T18:47:14 lat=-14.300 lon=-49.590 mag=2.9 window=+/-120.0s r=1.0deg
  candidates=1 scored=1
  best=smi:org.gfz-potsdam.de/geofon/usp2018spzt dt_s=0.240 dist_km=7.908 picks<=400.0km=2
  candidates=1 scored=1
  best=smi:org.gfz-potsdam.de/geofon/usp2018shns dt_s=0.988 dist_km=0.494 picks<=400.0km=6
  candidates=1 scored=1
  best=smi:org.gfz-potsdam.de/geofon/usp2018tliv dt_s=0.648 dist_km=0.083 picks<=400.0km=3
  candidates=1 scored=1
MATCHED: 2018-09-22T21:42:02Z -> data/sisbra_all_w24/20180922T214202_usp2018spzt_row3695 picks=2
[1709/3570] SISBRA 2018-10-21T15:46:18 lat=-9.360 lon=-35.730 mag=1.8 window=+/-120.0s r=1.0deg
  best=smi:org.gfz-potsdam.de/geofon/usp2018sinc dt_s=0.109 dist_km=15.838 picks<=400.0km=3
MATCHED: 2018-10-04T14:08:25Z -> data/sisbra_all_w24/20181004T140825_usp2018tliv_row3702 picks=3
[1710/3570] SISBRA 2018-10-24T17:45:54 lat=-23.310 lon=-51.030 mag=2.1 window=+/-120.0s r=1.0deg
MATCHED: 2018-09-18T06:31:49Z -> data/sisbra_all_w24/20180918T063149_usp2018shns_row3691 picks=6
[1711/3570] SISBRA 2018-10-24T21:34:22 lat=-13.040 lon=-39.520 mag=2.2 window=+/-120.0s r=1.0deg
  candidates=1 scored=1
  best=smi:org.gfz-potsdam.de/geofon/usp2018tlwi dt_s=0.095 dist_km=0.542 picks<=400.0km=4
MATCHED: 2018-09-18T19:20:26Z -> data/sisbra_all_w24/20180918T192025_usp2018sinc_row3693 picks=3
[1712/3570] SISBRA 2018-10-27T02:24:21 lat=-0.770 lon=-60.000 mag=2.8 window=+/-120.0s r=1.0deg
MATCHED: 2018-10-04T20:57:44Z -> data/sisbra_all_w24/20181004T205744_usp2018tlwi_row3703 picks=4
[1713/3570] SISBRA 2018-10-27T06:36:57 lat=-12.960 lon=-39.610 mag=3.2 window=+/-120.0s r=1.0deg
  candidates=1 scored=1
  best=smi:org.gfz-potsdam.de/geofon/usp2018tikr dt_s=0.602 dist_km=0.274 picks<=400.0km=1
  candidates=1 scored=1
  best=smi:org.gfz-potsdam.de/geofon/usp2018sygc dt_s=0.881 dist_km=0.540 picks<=400.0km=2
MATCHED: 2018-10-02T23:39:06Z -> data/sisbra_all_w24/20181002T233906_usp2018tikr_row3701 picks=1
[1714/3570] SISBRA 2018-11-02T23:17:27 lat=-0.850 lon=-58.760 mag=2.9 window=+/-120.0s r=1.0deg
MATCHED: 2018-09-27T09:59:09Z -> data/sisbra_all_w24/20180927T095909_usp2018sygc_row3699 picks=2
[1715/3570] SISBRA 2018-11-06T00:38:34 lat=-24.600 lon=-44.210 mag=3.3 window=+/-120.0s r=1.0deg
  candidates=1 scored=1
NO_MATCH: 2018-10-27T02:24:21Z -> data/sisbra_all_w24/20181027T022421_row3712
[1716/3570] SISBRA 2018-11-07T14:59:03 lat=-20.900 lon=-43.810 mag=2.5 window=+/-120.0s r=1.0deg
  best=smi:org.gfz-potsdam.de/geofon/usp2018rpel dt_s=0.197 dist_km=0.295 picks<=400.0km=3
  candidates=1 scored=1
  best=smi:org.gfz-potsdam.de/geofon/usp2018ttkc dt_s=0.000 dist_km=0.697 picks<=400.0km=2
NO_MATCH: 2018-11-02T23:17:27Z -> data/sisbra_all_w24/20181102T231727_row3714
[1717/3570] SISBRA 2018-11-10T20:40:12 lat=-8.680 lon=-73.640 mag=4.2 window=+/-120.0s r=1.0deg
MATCHED: 2018-09-08T05:23:54Z -> data/sisbra_all_w24/20180908T052354_usp2018rpel_row3686 picks=3
[1718/3570] SISBRA 2018-11-12T23:07:35 lat=-29.170 lon=-51.190 mag=2.0 window=+/-120.0s r=1.0deg
MATCHED: 2018-10-08T23:51:27Z -> data/sisbra_all_w24/20181008T235127_usp2018ttkc_row3704 picks=2
[1719/3570] SISBRA 2018-11-12T23:23:37 lat=-29.160 lon=-51.180 mag=1.8 window=+/-120.0s r=1.0deg
  candidates=1 scored=1
  best=smi:org.gfz-potsdam.de/geofon/usp2018sobi dt_s=0.863 dist_km=0.125 picks<=400.0km=3
  candidates=1 scored=1
NO_MATCH: 2018-11-07T14:59:03Z -> data/sisbra_all_w24/20181107T145903_row3716
[1720/3570] SISBRA 2018-11-13T01:52:05 lat=-11.720 lon=-56.760 mag=2.4 window=+/-120.0s r=1.0deg  candidates=1 scored=1
  best=smi:org.gfz-potsdam.de/geofon/usp2018pldg dt_s=0.651 dist_km=0.136 picks<=400.0km=4
  best=smi:org.gfz-potsdam.de/geofon/usp2018saey dt_s=0.320 dist_km=0.125 picks<=400.0km=1

MATCHED: 2018-09-21T20:12:44Z -> data/sisbra_all_w24/20180921T201244_usp2018sobi_row3694 picks=3
[1721/3570] SISBRA 2018-11-14T05:49:19 lat=-21.210 lon=-44.490 mag=2.7 window=+/-120.0s r=1.0deg
MATCHED: 2018-09-14T06:08:24Z -> data/sisbra_all_w24/20180914T060824_usp2018saey_row3688 picks=1
[1722/3570] SISBRA 2018-11-15T20:43:36 lat=-8.680 lon=-74.150 mag=4.1 window=+/-120.0s r=1.0deg
MATCHED: 2018-08-08T13:10:34Z -> data/sisbra_all_w24/20180808T131034_usp2018pldg_row3674 picks=4
[1723/3570] SISBRA 2018-11-15T22:11:46 lat=-11.560 lon=-56.770 mag=2.6 window=+/-120.0s r=1.0deg
  candidates=1 scored=1
  best=smi:org.gfz-potsdam.de/geofon/usp2018pybf dt_s=0.200 dist_km=0.123 picks<=400.0km=2
MATCHED: 2018-08-15T14:54:32Z -> data/sisbra_all_w24/20180815T145432_usp2018pybf_row3681 picks=2
[1724/3570] SISBRA 2018-11-18T05:29:06 lat=-6.280 lon=-49.740 mag=2.4 window=+/-120.0s r=1.0deg
  candidates=1 scored=1
  best=smi:org.gfz-potsdam.de/geofon/usp2018ufjf dt_s=0.903 dist_km=0.546 picks<=400.0km=3
  candidates=1 scored=1
  best=smi:org.gfz-potsdam.de/geofon/usp2018uweb dt_s=0.222 dist_km=0.275 picks<=400.0km=4
  candidates=1 scored=1
  best=smi:org.gfz-potsdam.de/geofon/usp2018ujlo dt_s=0.042 dist_km=0.227 picks<=400.0km=4
NO_MATCH: 2018-11-14T05:49:19Z -> data/sisbra_all_w24/20181114T054919_row3721
[1725/3570] SISBRA 2018-11-21T20:08:28 lat=-21.100 lon=-44.560 mag=2.6 window=+/-120.0s r=1.0deg
MATCHED: 2018-10-15T13:02:38Z -> data/sisbra_all_w24/20181015T130238_usp2018ufjf_row3707 picks=3
[1726/3570] SISBRA 2018-11-22T08:37:15 lat=-32.690 lon=-58.980 mag=3.8 window=+/-120.0s r=1.0deg
MATCHED: 2018-10-17T18:47:14Z -> data/sisbra_all_w24/20181017T184714_usp2018ujlo_row3708 picks=4
[1727/3570] SISBRA 2018-11-28T21:36:19 lat=-11.680 lon=-56.700 mag=2.8 window=+/-120.0s r=1.0deg
  candidates=1 scored=1
  best=smi:org.gfz-potsdam.de/geofon/usp2018twwl dt_s=0.020 dist_km=0.231 picks<=400.0km=3
MATCHED: 2018-10-24T17:45:54Z -> data/sisbra_all_w24/20181024T174554_usp2018uweb_row3710 picks=4
[1728/3570] SISBRA 2018-11-30T13:27:41 lat=-34.830 lon=-58.370 mag=3.5 window=+/-120.0s r=1.0deg
  candidates=1 scored=1
  best=smi:org.gfz-potsdam.de/geofon/usp2018pknj dt_s=0.580 dist_km=1.417 picks<=400.0km=6
MATCHED: 2018-10-10T21:29:19Z -> data/sisbra_all_w24/20181010T212919_usp2018twwl_row3706 picks=3
[1729/3570] SISBRA 2018-11-30T20:05:18 lat=-22.620 lon=-43.240 mag=3.0 window=+/-120.0s r=1.0deg
MATCHED: 2018-08-08T05:08:54Z -> data/sisbra_all_w24/20180808T050854_usp2018pknj_row3673 picks=6
[1730/3570] SISBRA 2018-12-03T21:36:25 lat=-7.510 lon=-74.150 mag=4.2 window=+/-120.0s r=1.0deg
  candidates=1 scored=1
  best=smi:org.gfz-potsdam.de/geofon/usp2018wblj dt_s=0.294 dist_km=0.492 picks<=400.0km=1
NO_MATCH: 2018-11-21T20:08:28Z -> data/sisbra_all_w24/20181121T200828_row3725
[1731/3570] SISBRA 2018-12-04T04:39:53 lat=-13.250 lon=-45.960 mag=2.8 window=+/-120.0s r=1.0deg
MATCHED: 2018-11-10T20:40:12Z -> data/sisbra_all_w24/20181110T204012_usp2018wblj_row3717 picks=1
[1732/3570] SISBRA 2018-12-10T16:36:50 lat=-13.680 lon=-40.640 mag=1.7 window=+/-120.0s r=1.0deg
  candidates=1 scored=1
  best=smi:org.gfz-potsdam.de/geofon/usp2018sqxn dt_s=0.008 dist_km=0.335 picks<=400.0km=1
MATCHED: 2018-09-23T09:42:01Z -> data/sisbra_all_w24/20180923T094201_usp2018sqxn_row3697 picks=1
[1733/3570] SISBRA 2018-12-14T16:53:43 lat=-10.040 lon=-37.100 mag=2.7 window=+/-120.0s r=1.0deg
  candidates=1 scored=1
  best=smi:org.gfz-potsdam.de/geofon/usp2018uqnp dt_s=0.821 dist_km=0.266 picks<=400.0km=4
  candidates=1 scored=1
  best=smi:org.gfz-potsdam.de/geofon/usp2018wkrx dt_s=0.043 dist_km=0.192 picks<=400.0km=2
  candidates=1 scored=1
  candidates=1 scored=1
  best=smi:org.gfz-potsdam.de/geofon/usp2018qgvm dt_s=0.940 dist_km=0.153 picks<=400.0km=7
  best=smi:org.gfz-potsdam.de/geofon/usp2018saul dt_s=0.340 dist_km=0.415 picks<=400.0km=4
MATCHED: 2018-11-15T22:11:46Z -> data/sisbra_all_w24/20181115T221146_usp2018wkrx_row3723 picks=2
[1734/3570] SISBRA 2018-12-14T19:44:02 lat=-8.150 lon=-37.220 mag=1.8 window=+/-120.0s r=1.0deg
MATCHED: 2018-10-21T15:46:18Z -> data/sisbra_all_w24/20181021T154618_usp2018uqnp_row3709 picks=4
[1735/3570] SISBRA 2018-12-18T16:19:18 lat=-13.700 lon=-40.660 mag=1.7 window=+/-120.0s r=1.0deg
MATCHED: 2018-08-20T10:15:32Z -> data/sisbra_all_w24/20180820T101532_usp2018qgvm_row3682 picks=7
[1736/3570] SISBRA 2018-12-19T23:54:15 lat=-15.330 lon=-56.000 mag=3.2 window=+/-120.0s r=1.0deg
MATCHED: 2018-09-14T13:58:05Z -> data/sisbra_all_w24/20180914T135805_usp2018saul_row3689 picks=4
[1737/3570] SISBRA 2018-12-20T00:49:20 lat=-24.440 lon=-49.910 mag=2.8 window=+/-120.0s r=1.0deg
  candidates=1 scored=1
  best=smi:org.gfz-potsdam.de/geofon/usp2018wfht dt_s=0.236 dist_km=0.164 picks<=400.0km=3
  candidates=1 scored=1
  best=smi:org.gfz-potsdam.de/geofon/usp2018wfmr dt_s=1.541 dist_km=4.599 picks<=400.0km=3
  candidates=1 scored=1
  best=smi:org.gfz-potsdam.de/geofon/usp2018xikh dt_s=0.840 dist_km=0.487 picks<=400.0km=2
MATCHED: 2018-11-12T23:23:37Z -> data/sisbra_all_w24/20181112T232337_usp2018wfht_row3719 picks=3
[1738/3570] SISBRA 2018-12-21T23:41:03 lat=-22.850 lon=-44.450 mag=2.1 window=+/-120.0s r=1.0deg
MATCHED: 2018-11-13T01:52:05Z -> data/sisbra_all_w24/20181113T015206_usp2018wfmr_row3720 picks=3
[1739/3570] SISBRA 2018-12-23T11:58:20 lat=-13.640 lon=-50.240 mag=2.6 window=+/-120.0s r=1.0deg
MATCHED: 2018-11-28T21:36:19Z -> data/sisbra_all_w24/20181128T213619_usp2018xikh_row3727 picks=2
[1740/3570] SISBRA 2018-12-26T13:40:08 lat=-22.750 lon=-43.760 mag=2.4 window=+/-120.0s r=1.0deg
  candidates=1 scored=1
  best=smi:org.gfz-potsdam.de/geofon/usp2018uwlp dt_s=0.042 dist_km=0.457 picks<=400.0km=5
MATCHED: 2018-10-24T21:34:22Z -> data/sisbra_all_w24/20181024T213422_usp2018uwlp_row3711 picks=5
[1741/3570] SISBRA 2019-01-05T19:25:38 lat=-8.230 lon=-71.650 mag=6.3 window=+/-120.0s r=1.0deg
  candidates=1 scored=1
  best=smi:org.gfz-potsdam.de/geofon/usp2018xlle dt_s=2.869 dist_km=45.599 picks<=400.0km=2
MATCHED: 2018-11-30T13:27:41Z -> data/sisbra_all_w24/20181130T132743_usp2018xlle_row3728 picks=2
[1742/3570] SISBRA 2019-01-07T17:11:59 lat=-11.550 lon=-56.800 mag=2.0 window=+/-120.0s r=1.0deg
  candidates=1 scored=1
  best=smi:org.gfz-potsdam.de/geofon/usp2018woxi dt_s=0.309 dist_km=0.341 picks<=400.0km=2
MATCHED: 2018-11-18T05:29:06Z -> data/sisbra_all_w24/20181118T052906_usp2018woxi_row3724 picks=2
[1743/3570] SISBRA 2019-01-09T08:55:52 lat=-10.530 lon=-37.450 mag=2.7 window=+/-120.0s r=1.0deg
  candidates=1 scored=1
  best=smi:org.gfz-potsdam.de/geofon/usp2018ydyl dt_s=0.352 dist_km=0.272 picks<=400.0km=3
MATCHED: 2018-12-10T16:36:50Z -> data/sisbra_all_w24/20181210T163650_usp2018ydyl_row3732 picks=3
[1744/3570] SISBRA 2019-01-10T11:05:18 lat=-25.320 lon=-44.810 mag=3.1 window=+/-120.0s r=1.0deg
  candidates=1 scored=1
  best=smi:org.gfz-potsdam.de/geofon/usp2019amhb dt_s=0.658 dist_km=0.623 picks<=400.0km=3
  candidates=1 scored=1
  best=smi:org.gfz-potsdam.de/geofon/usp2018omrs dt_s=0.205 dist_km=6.955 picks<=400.0km=11
MATCHED: 2019-01-07T17:11:59Z -> data/sisbra_all_w24/20190107T171159_usp2019amhb_row3742 picks=3
[1745/3570] SISBRA 2019-01-11T15:18:49 lat=-15.100 lon=-60.880 mag=3.2 window=+/-120.0s r=1.0deg
  candidates=1 scored=1
  best=smi:org.gfz-potsdam.de/geofon/usp2018zgyr dt_s=0.914 dist_km=0.444 picks<=400.0km=11
  candidates=1 scored=1
  best=smi:org.gfz-potsdam.de/geofon/usp2018wfhg dt_s=0.179 dist_km=0.304 picks<=400.0km=5
  candidates=1 scored=1
MATCHED: 2018-07-26T04:04:21Z -> data/sisbra_all_w24/20180726T040421_usp2018omrs_row3669 picks=11
[1746/3570] SISBRA 2019-01-12T09:54:07 lat=-10.650 lon=-37.370 mag=2.2 window=+/-120.0s r=1.0deg
MATCHED: 2018-12-26T13:40:08Z -> data/sisbra_all_w24/20181226T134008_usp2018zgyr_row3740 picks=11
[1747/3570] SISBRA 2019-01-13T21:32:23 lat=-11.610 lon=-56.730 mag=1.2 window=+/-120.0s r=1.0deg
  best=smi:org.gfz-potsdam.de/geofon/usp2018vaun dt_s=0.066 dist_km=1.971 picks<=400.0km=5
MATCHED: 2018-11-12T23:07:35Z -> data/sisbra_all_w24/20181112T230735_usp2018wfhg_row3718 picks=5
[1748/3570] SISBRA 2019-01-14T10:11:45 lat=-5.530 lon=-50.980 mag=2.8 window=+/-120.0s r=1.0deg
  candidates=1 scored=1
  candidates=1 scored=1
  best=smi:org.gfz-potsdam.de/geofon/usp2018zbiu dt_s=0.357 dist_km=0.804 picks<=400.0km=6
  best=smi:org.gfz-potsdam.de/geofon/usp2018ttnm dt_s=0.045 dist_km=8.164 picks<=400.0km=2
MATCHED: 2018-10-27T06:36:57Z -> data/sisbra_all_w24/20181027T063657_usp2018vaun_row3713 picks=5
[1749/3570] SISBRA 2019-01-19T07:35:40 lat=-10.650 lon=-37.280 mag=2.0 window=+/-120.0s r=1.0deg
MATCHED: 2018-12-23T11:58:20Z -> data/sisbra_all_w24/20181223T115820_usp2018zbiu_row3739 picks=6
[1750/3570] SISBRA 2019-01-20T04:36:49 lat=-11.710 lon=-56.740 mag=2.3 window=+/-120.0s r=1.0deg
  candidates=1 scored=1
  best=smi:org.gfz-potsdam.de/geofon/usp2018ysnw dt_s=0.273 dist_km=0.128 picks<=400.0km=3
MATCHED: 2018-10-09T01:34:07Z -> data/sisbra_all_w24/20181009T013406_usp2018ttnm_row3705 picks=2
[1751/3570] SISBRA 2019-01-21T09:01:30 lat=-15.390 lon=-44.870 mag=3.0 window=+/-120.0s r=1.0deg
  candidates=1 scored=1
  best=smi:org.gfz-potsdam.de/geofon/usp2018szne dt_s=0.710 dist_km=0.545 picks<=400.0km=4
MATCHED: 2018-12-18T16:19:18Z -> data/sisbra_all_w24/20181218T161918_usp2018ysnw_row3735 picks=3
[1752/3570] SISBRA 2019-01-28T02:20:47 lat=-23.620 lon=-51.740 mag=1.8 window=+/-120.0s r=1.0deg
MATCHED: 2018-09-28T02:41:49Z -> data/sisbra_all_w24/20180928T024149_usp2018szne_row3700 picks=4
[1753/3570] SISBRA 2019-01-28T04:49:42 lat=-20.540 lon=-41.200 mag=2.2 window=+/-120.0s r=1.0deg
NO_MATCH: 2019-01-14T10:11:45Z -> data/sisbra_all_w24/20190114T101145_row3748
[1754/3570] SISBRA 2019-01-28T14:05:23 lat=-16.630 lon=-39.770 mag=2.5 window=+/-120.0s r=1.0deg
  candidates=1 scored=1
  best=smi:org.gfz-potsdam.de/geofon/usp2018wkoz dt_s=0.193 dist_km=0.374 picks<=400.0km=1
  candidates=1 scored=1
  best=smi:org.gfz-potsdam.de/geofon/usp2018xlyh dt_s=0.748 dist_km=0.359 picks<=400.0km=10
  candidates=1 scored=1
  best=smi:org.gfz-potsdam.de/geofon/usp2019axor dt_s=0.000 dist_km=0.423 picks<=400.0km=2
MATCHED: 2018-11-30T20:05:18Z -> data/sisbra_all_w24/20181130T200518_usp2018xlyh_row3729 picks=10
[1755/3570] SISBRA 2019-01-30T05:42:47 lat=-9.610 lon=-35.900 mag=1.4 window=+/-120.0s r=1.0deg
MATCHED: 2018-11-15T20:43:36Z -> data/sisbra_all_w24/20181115T204336_usp2018wkoz_row3722 picks=1
[1756/3570] SISBRA 2019-01-30T05:47:16 lat=-9.610 lon=-35.910 mag=1.5 window=+/-120.0s r=1.0deg
MATCHED: 2019-01-13T21:32:23Z -> data/sisbra_all_w24/20190113T213223_usp2019axor_row3747 picks=2
[1757/3570] SISBRA 2019-01-30T05:53:22 lat=-9.600 lon=-35.840 mag=1.4 window=+/-120.0s r=1.0deg
NO_MATCH: 2019-01-28T04:49:42Z -> data/sisbra_all_w24/20190128T044942_row3754
[1758/3570] SISBRA 2019-01-30T06:02:18 lat=-9.630 lon=-35.860 mag=1.5 window=+/-120.0s r=1.0deg
  candidates=1 scored=1
  best=smi:org.gfz-potsdam.de/geofon/usp2019atli dt_s=0.265 dist_km=0.282 picks<=400.0km=4
MATCHED: 2019-01-11T15:18:49Z -> data/sisbra_all_w24/20190111T151848_usp2019atli_row3745 picks=4
[1759/3570] SISBRA 2019-01-31T08:22:35 lat=-24.770 lon=-48.120 mag=2.7 window=+/-120.0s r=1.0deg
  candidates=1 scored=1
  candidates=1 scored=1
  best=smi:org.gfz-potsdam.de/geofon/usp2018yyoz dt_s=0.811 dist_km=0.181 picks<=400.0km=6
  best=smi:org.gfz-potsdam.de/geofon/usp2018ylmp dt_s=0.560 dist_km=0.618 picks<=400.0km=8
MATCHED: 2018-12-21T23:41:03Z -> data/sisbra_all_w24/20181221T234103_usp2018yyoz_row3738 picks=6
[1760/3570] SISBRA 2019-02-02T18:13:21 lat=-22.600 lon=-44.030 mag=1.7 window=+/-120.0s r=1.0deg
MATCHED: 2018-12-14T19:44:02Z -> data/sisbra_all_w24/20181214T194402_usp2018ylmp_row3734 picks=8
[1761/3570] SISBRA 2019-02-07T18:26:47 lat=-21.200 lon=-48.150 mag=2.5 window=+/-120.0s r=1.0deg
  candidates=1 scored=1
  candidates=1 scored=1
  best=smi:org.gfz-potsdam.de/geofon/usp2018xrnu dt_s=1.078 dist_km=15.775 picks<=400.0km=1
  best=smi:org.gfz-potsdam.de/geofon/usp2019auwd dt_s=0.623 dist_km=0.484 picks<=400.0km=3
  candidates=1 scored=1
  best=smi:org.gfz-potsdam.de/geofon/usp2018wwlo dt_s=1.380 dist_km=21.877 picks<=400.0km=1
MATCHED: 2018-12-03T21:36:25Z -> data/sisbra_all_w24/20181203T213626_usp2018xrnu_row3730 picks=1
[1762/3570] SISBRA 2019-02-09T01:29:49 lat=-23.060 lon=-51.220 mag=1.7 window=+/-120.0s r=1.0deg
MATCHED: 2019-01-12T09:54:07Z -> data/sisbra_all_w24/20190112T095407_usp2019auwd_row3746 picks=3
[1763/3570] SISBRA 2019-02-11T15:26:21 lat=-16.620 lon=-39.790 mag=2.1 window=+/-120.0s r=1.0deg
  candidates=1 scored=1
  best=smi:org.gfz-potsdam.de/geofon/usp2019bjbr dt_s=0.044 dist_km=0.627 picks<=400.0km=2
  candidates=1 scored=1
MATCHED: 2018-11-22T08:37:15Z -> data/sisbra_all_w24/20181122T083713_usp2018wwlo_row3726 picks=1
[1764/3570] SISBRA 2019-02-14T19:46:11 lat=-22.930 lon=-47.680 mag=2.8 window=+/-120.0s r=1.0deg
  best=smi:org.gfz-potsdam.de/geofon/usp2019cblg dt_s=0.856 dist_km=0.210 picks<=400.0km=7
MATCHED: 2019-01-30T05:53:22Z -> data/sisbra_all_w24/20190130T055322_usp2019cblg_row3758 picks=7
[1765/3570] SISBRA 2019-02-15T09:33:41 lat=-23.780 lon=-50.980 mag=2.4 window=+/-120.0s r=1.0deg
MATCHED: 2019-01-20T04:36:49Z -> data/sisbra_all_w24/20190120T043649_usp2019bjbr_row3751 picks=2
[1766/3570] SISBRA 2019-02-17T04:50:02 lat=-23.040 lon=-51.200 mag=1.7 window=+/-120.0s r=1.0deg
  candidates=1 scored=1
  best=smi:org.gfz-potsdam.de/geofon/usp2019bhmc dt_s=0.219 dist_km=0.620 picks<=400.0km=3
  candidates=1 scored=1
  best=smi:org.gfz-potsdam.de/geofon/usp2019bxnf dt_s=0.277 dist_km=0.218 picks<=400.0km=6
  candidates=1 scored=1
MATCHED: 2019-01-19T07:35:40Z -> data/sisbra_all_w24/20190119T073540_usp2019bhmc_row3749 picks=3
[1767/3570] SISBRA 2019-02-18T07:00:46 lat=-11.970 lon=-51.290 mag=0.8 window=+/-120.0s r=1.0deg
  best=smi:org.gfz-potsdam.de/geofon/usp2018yuyk dt_s=0.260 dist_km=11.230 picks<=400.0km=8
MATCHED: 2019-01-28T02:20:47Z -> data/sisbra_all_w24/20190128T022047_usp2019bxnf_row3753 picks=6
[1768/3570] SISBRA 2019-02-19T17:08:54 lat=-23.320 lon=-51.200 mag=0.6 window=+/-120.0s r=1.0deg
MATCHED: 2018-12-19T23:54:15Z -> data/sisbra_all_w24/20181219T235415_usp2018yuyk_row3736 picks=8
[1769/3570] SISBRA 2019-02-25T14:44:04 lat=-5.850 lon=-50.610 mag=3.3 window=+/-120.0s r=1.0deg
  candidates=1 scored=1
  best=smi:org.gfz-potsdam.de/geofon/usp2018ylha dt_s=1.921 dist_km=5.362 picks<=400.0km=5
  candidates=1 scored=1
  best=smi:org.gfz-potsdam.de/geofon/usp2019deyo dt_s=0.100 dist_km=0.050 picks<=400.0km=3
  candidates=1 scored=1
  best=smi:org.gfz-potsdam.de/geofon/usp2019chwe dt_s=0.742 dist_km=0.469 picks<=400.0km=6
  candidates=1 scored=1
MATCHED: 2018-12-14T16:53:43Z -> data/sisbra_all_w24/20181214T165344_usp2018ylha_row3733 picks=5
[1770/3570] SISBRA 2019-02-26T23:11:44 lat=-5.850 lon=-50.610 mag=3.2 window=+/-120.0s r=1.0deg
  best=smi:org.gfz-potsdam.de/geofon/usp2019cdlr dt_s=0.063 dist_km=3.728 picks<=400.0km=6
MATCHED: 2019-02-15T09:33:41Z -> data/sisbra_all_w24/20190215T093341_usp2019deyo_row3766 picks=3
[1771/3570] SISBRA 2019-02-27T12:52:49 lat=-5.850 lon=-50.580 mag=3.6 window=+/-120.0s r=1.0deg
MATCHED: 2019-02-02T18:13:21Z -> data/sisbra_all_w24/20190202T181321_usp2019chwe_row3761 picks=6
[1772/3570] SISBRA 2019-03-06T04:22:31 lat=-5.860 lon=-50.630 mag=3.3 window=+/-120.0s r=1.0deg
MATCHED: 2019-01-31T08:22:35Z -> data/sisbra_all_w24/20190131T082234_usp2019cdlr_row3760 picks=6
[1773/3570] SISBRA 2019-03-10T04:48:22 lat=-12.550 lon=-58.000 mag=2.7 window=+/-120.0s r=1.0deg
  candidates=1 scored=1
  candidates=1 scored=1
  best=smi:org.gfz-potsdam.de/geofon/usp2019cbkx dt_s=0.450 dist_km=0.276 picks<=400.0km=8
  best=smi:org.gfz-potsdam.de/geofon/usp2019cblo dt_s=0.537 dist_km=0.354 picks<=400.0km=6
MATCHED: 2019-01-30T05:42:47Z -> data/sisbra_all_w24/20190130T054247_usp2019cbkx_row3756 picks=8
[1774/3570] SISBRA 2019-03-12T16:09:30 lat=-7.040 lon=-55.300 mag=2.7 window=+/-120.0s r=1.0deg
MATCHED: 2019-01-30T06:02:18Z -> data/sisbra_all_w24/20190130T060218_usp2019cblo_row3759 picks=6
[1775/3570] SISBRA 2019-03-14T08:52:56 lat=-5.790 lon=-37.580 mag=2.2 window=+/-120.0s r=1.0deg
  candidates=1 scored=1
  best=smi:org.gfz-potsdam.de/geofon/usp2018xsbt dt_s=0.758 dist_km=11.870 picks<=400.0km=6
MATCHED: 2018-12-04T04:39:53Z -> data/sisbra_all_w24/20181204T043952_usp2018xsbt_row3731 picks=6
[1776/3570] SISBRA 2019-03-18T02:17:49 lat=-10.020 lon=-36.780 mag=2.5 window=+/-120.0s r=1.0deg
  candidates=1 scored=1
  best=smi:org.gfz-potsdam.de/geofon/usp2019cblb dt_s=0.009 dist_km=0.425 picks<=400.0km=8
MATCHED: 2019-01-30T05:47:16Z -> data/sisbra_all_w24/20190130T054716_usp2019cblb_row3757 picks=8
[1777/3570] SISBRA 2019-03-18T02:20:49 lat=-5.100 lon=-39.430 mag=1.5 window=+/-120.0s r=1.0deg
  candidates=1 scored=1
  best=smi:org.gfz-potsdam.de/geofon/usp2019dmvk dt_s=0.000 dist_km=0.423 picks<=400.0km=1
  candidates=1 scored=1
  best=smi:org.gfz-potsdam.de/geofon/usp2019bykm dt_s=0.354 dist_km=2.969 picks<=400.0km=5
  candidates=1 scored=1
  best=smi:org.gfz-potsdam.de/geofon/usp2019arhm dt_s=0.649 dist_km=0.499 picks<=400.0km=3
  candidates=1 scored=1
MATCHED: 2019-02-19T17:08:54Z -> data/sisbra_all_w24/20190219T170854_usp2019dmvk_row3769 picks=1
[1778/3570] SISBRA 2019-03-18T02:41:55 lat=-5.150 lon=-39.390 mag=2.3 window=+/-120.0s r=1.0deg
  best=smi:org.gfz-potsdam.de/geofon/usp2018vsps dt_s=0.360 dist_km=0.484 picks<=400.0km=6
MATCHED: 2019-01-28T14:05:23Z -> data/sisbra_all_w24/20190128T140522_usp2019bykm_row3755 picks=5
[1779/3570] SISBRA 2019-03-18T11:24:02 lat=-10.020 lon=-36.780 mag=1.6 window=+/-120.0s r=1.0deg
MATCHED: 2019-01-10T11:05:18Z -> data/sisbra_all_w24/20190110T110518_usp2019arhm_row3744 picks=3
[1780/3570] SISBRA 2019-03-18T18:02:17 lat=-10.020 lon=-36.780 mag=2.5 window=+/-120.0s r=1.0deg
MATCHED: 2018-11-06T00:38:34Z -> data/sisbra_all_w24/20181106T003834_usp2018vsps_row3715 picks=6
[1781/3570] SISBRA 2019-03-18T18:11:24 lat=-9.960 lon=-36.630 mag=1.6 window=+/-120.0s r=1.0deg
  candidates=1 scored=1
  best=smi:org.gfz-potsdam.de/geofon/usp2019dkga dt_s=0.000 dist_km=0.552 picks<=400.0km=1
  candidates=1 scored=1
  best=smi:org.gfz-potsdam.de/geofon/usp2018yvaf dt_s=0.680 dist_km=0.373 picks<=400.0km=9
MATCHED: 2019-02-18T07:00:46Z -> data/sisbra_all_w24/20190218T070046_usp2019dkga_row3768 picks=1
[1782/3570] SISBRA 2019-03-18T19:28:02 lat=-5.160 lon=-39.420 mag=2.4 window=+/-120.0s r=1.0deg
MATCHED: 2018-12-20T00:49:20Z -> data/sisbra_all_w24/20181220T004920_usp2018yvaf_row3737 picks=9
[1783/3570] SISBRA 2019-03-19T11:19:04 lat=-5.190 lon=-39.430 mag=2.3 window=+/-120.0s r=1.0deg
  candidates=1 scored=1
  best=smi:org.gfz-potsdam.de/geofon/usp2019ctjp dt_s=0.547 dist_km=0.474 picks<=400.0km=3
  candidates=1 scored=1
  best=smi:org.gfz-potsdam.de/geofon/usp2019eups dt_s=0.240 dist_km=0.246 picks<=400.0km=3
NO_MATCH: 2019-03-18T18:11:24Z -> data/sisbra_all_w24/20190318T181124_row3782
[1784/3570] SISBRA 2019-03-20T10:32:37 lat=-5.180 lon=-39.420 mag=2.9 window=+/-120.0s r=1.0deg
NO_MATCH: 2019-03-18T18:02:17Z -> data/sisbra_all_w24/20190318T180217_row3781
[1785/3570] SISBRA 2019-03-23T06:36:09 lat=-5.080 lon=-39.440 mag=2.0 window=+/-120.0s r=1.0deg
MATCHED: 2019-03-10T04:48:22Z -> data/sisbra_all_w24/20190310T044822_usp2019eups_row3774 picks=3
[1786/3570] SISBRA 2019-03-23T06:57:26 lat=-5.090 lon=-39.450 mag=2.1 window=+/-120.0s r=1.0deg
MATCHED: 2019-02-09T01:29:49Z -> data/sisbra_all_w24/20190209T012949_usp2019ctjp_row3763 picks=3
[1787/3570] SISBRA 2019-03-23T19:18:38 lat=-5.170 lon=-39.410 mag=2.5 window=+/-120.0s r=1.0deg
  candidates=1 scored=1
  best=smi:org.gfz-potsdam.de/geofon/usp2019digf dt_s=0.570 dist_km=0.614 picks<=400.0km=3
  candidates=1 scored=1
  best=smi:org.gfz-potsdam.de/geofon/usp2019aphs dt_s=2.100 dist_km=18.728 picks<=400.0km=3
MATCHED: 2019-02-17T04:50:02Z -> data/sisbra_all_w24/20190217T045002_usp2019digf_row3767 picks=3
[1788/3570] SISBRA 2019-03-25T16:37:43 lat=-22.960 lon=-47.680 mag=2.4 window=+/-120.0s r=1.0deg
MATCHED: 2019-01-09T08:55:52Z -> data/sisbra_all_w24/20190109T085554_usp2019aphs_row3743 picks=3
[1789/3570] SISBRA 2019-03-26T05:37:58 lat=-19.240 lon=-56.400 mag=2.2 window=+/-120.0s r=1.0deg
  candidates=1 scored=1
  best=smi:org.gfz-potsdam.de/geofon/usp2019ddxg dt_s=0.777 dist_km=0.628 picks<=400.0km=8
  candidates=1 scored=1
  best=smi:org.gfz-potsdam.de/geofon/usp2019fjaw dt_s=0.354 dist_km=0.470 picks<=400.0km=2
MATCHED: 2019-03-18T02:20:49Z -> data/sisbra_all_w24/20190318T022049_usp2019fjaw_row3778 picks=2
[1790/3570] SISBRA 2019-03-28T01:12:11 lat=-18.260 lon=-45.260 mag=2.6 window=+/-120.0s r=1.0deg
MATCHED: 2019-02-14T19:46:11Z -> data/sisbra_all_w24/20190214T194611_usp2019ddxg_row3765 picks=8
[1791/3570] SISBRA 2019-03-30T11:08:06 lat=-5.100 lon=-39.450 mag=3.2 window=+/-120.0s r=1.0deg
  candidates=1 scored=1
  best=smi:org.gfz-potsdam.de/geofon/usp2019blfy dt_s=0.770 dist_km=0.547 picks<=400.0km=3
  candidates=1 scored=1
  best=smi:org.gfz-potsdam.de/geofon/usp2019ezdf dt_s=0.190 dist_km=0.306 picks<=400.0km=2
  candidates=1 scored=1
  best=smi:org.gfz-potsdam.de/geofon/usp2019fsnn dt_s=0.710 dist_km=0.058 picks<=400.0km=1
MATCHED: 2019-01-21T09:01:30Z -> data/sisbra_all_w24/20190121T090130_usp2019blfy_row3752 picks=3
[1792/3570] SISBRA 2019-04-12T07:54:49 lat=-6.690 lon=-74.040 mag=4.3 window=+/-120.0s r=1.0deg
MATCHED: 2019-03-12T16:09:30Z -> data/sisbra_all_w24/20190312T160930_usp2019ezdf_row3775 picks=2
[1793/3570] SISBRA 2019-04-14T03:54:11 lat=-5.450 lon=-49.970 mag=3.2 window=+/-120.0s r=1.0deg
  candidates=1 scored=1
  best=smi:org.gfz-potsdam.de/geofon/usp2019fjbo dt_s=0.138 dist_km=0.617 picks<=400.0km=2
  candidates=1 scored=1
  best=smi:org.gfz-potsdam.de/geofon/usp2019dxpv dt_s=0.190 dist_km=10.539 picks<=400.0km=0
MATCHED: 2019-03-18T02:41:55Z -> data/sisbra_all_w24/20190318T024155_usp2019fjbo_row3779 picks=2
[1794/3570] SISBRA 2019-04-16T03:19:29 lat=-8.170 lon=-71.750 mag=5.2 window=+/-120.0s r=1.0deg
MATCHED: 2019-03-23T06:57:26Z -> data/sisbra_all_w24/20190323T065726_usp2019fsnn_row3787 picks=1
[1795/3570] SISBRA 2019-04-16T15:58:52 lat=-23.370 lon=-51.110 mag=1.6 window=+/-120.0s r=1.0deg
  candidates=1 scored=1
MATCHED: 2019-02-25T14:44:04Z -> data/sisbra_all_w24/20190225T144404_usp2019dxpv_row3770 picks=0
[1796/3570] SISBRA 2019-04-18T08:11:45 lat=3.840 lon=-59.920 mag=3.7 window=+/-120.0s r=1.0deg
  best=smi:org.gfz-potsdam.de/geofon/usp2019crad dt_s=0.648 dist_km=0.247 picks<=400.0km=4
MATCHED: 2019-02-07T18:26:47Z -> data/sisbra_all_w24/20190207T182647_usp2019crad_row3762 picks=4
[1797/3570] SISBRA 2019-04-19T02:30:31 lat=-5.050 lon=-39.500 mag=3.4 window=+/-120.0s r=1.0deg
  candidates=1 scored=1
  best=smi:org.gfz-potsdam.de/geofon/usp2019eacc dt_s=2.740 dist_km=5.407 picks<=400.0km=0
  candidates=1 scored=1
  best=smi:org.gfz-potsdam.de/geofon/usp2019cyce dt_s=0.920 dist_km=0.305 picks<=400.0km=7
  candidates=1 scored=1
  best=smi:org.gfz-potsdam.de/geofon/usp2019fsmv dt_s=0.690 dist_km=0.656 picks<=400.0km=1
MATCHED: 2019-02-26T23:11:44Z -> data/sisbra_all_w24/20190226T231146_usp2019eacc_row3771 picks=0
[1798/3570] SISBRA 2019-04-20T07:40:07 lat=-8.230 lon=-74.050 mag=4.0 window=+/-120.0s r=1.0deg
  candidates=1 scored=1
  best=smi:org.gfz-potsdam.de/geofon/usp2019fcfu dt_s=0.058 dist_km=0.653 picks<=400.0km=2
  candidates=1 scored=1
  best=smi:org.gfz-potsdam.de/geofon/usp2019fjsu dt_s=0.334 dist_km=17.159 picks<=400.0km=2
MATCHED: 2019-03-23T06:36:09Z -> data/sisbra_all_w24/20190323T063609_usp2019fsmv_row3786 picks=1
[1799/3570] SISBRA 2019-04-22T17:10:11 lat=-20.640 lon=-48.510 mag=2.3 window=+/-120.0s r=1.0deg
MATCHED: 2019-03-14T08:52:56Z -> data/sisbra_all_w24/20190314T085256_usp2019fcfu_row3776 picks=2
[1800/3570] SISBRA 2019-04-22T20:14:19 lat=-20.860 lon=-48.680 mag=2.4 window=+/-120.0s r=1.0deg
MATCHED: 2019-02-11T15:26:21Z -> data/sisbra_all_w24/20190211T152621_usp2019cyce_row3764 picks=7
[1801/3570] SISBRA 2019-04-23T05:40:02 lat=1.580 lon=-55.500 mag=3.0 window=+/-120.0s r=1.0deg
MATCHED: 2019-03-18T11:24:02Z -> data/sisbra_all_w24/20190318T112402_usp2019fjsu_row3780 picks=2
[1802/3570] SISBRA 2019-04-23T06:53:18 lat=-23.010 lon=-51.180 mag=2.2 window=+/-120.0s r=1.0deg
  candidates=1 scored=1
  best=smi:org.gfz-potsdam.de/geofon/usp2019engw dt_s=0.780 dist_km=0.438 picks<=400.0km=0
  candidates=1 scored=1
  best=smi:org.gfz-potsdam.de/geofon/usp2019fkit dt_s=0.442 dist_km=0.451 picks<=400.0km=2
  candidates=1 scored=1MATCHED: 2019-03-06T04:22:31Z -> data/sisbra_all_w24/20190306T042231_usp2019engw_row3773 picks=0
[1803/3570] SISBRA 2019-04-23T07:38:09 lat=-25.200 lon=-49.290 mag=2.5 window=+/-120.0s r=1.0deg

  best=smi:org.gfz-potsdam.de/geofon/usp2019fwxr dt_s=0.810 dist_km=0.374 picks<=400.0km=3
MATCHED: 2019-03-18T19:28:02Z -> data/sisbra_all_w24/20190318T192802_usp2019fkit_row3783 picks=2
[1804/3570] SISBRA 2019-04-25T03:10:02 lat=-29.330 lon=-50.850 mag=0.7 window=+/-120.0s r=1.0deg
MATCHED: 2019-03-25T16:37:43Z -> data/sisbra_all_w24/20190325T163743_usp2019fwxr_row3789 picks=3
[1805/3570] SISBRA 2019-04-26T00:05:20 lat=-21.890 lon=-44.480 mag=2.0 window=+/-120.0s r=1.0deg
  candidates=1 scored=1
  best=smi:org.gfz-potsdam.de/geofon/usp2019flod dt_s=0.226 dist_km=0.276 picks<=400.0km=2
  candidates=1 scored=1
  best=smi:org.gfz-potsdam.de/geofon/usp2019hlbl dt_s=0.047 dist_km=0.529 picks<=400.0km=3
MATCHED: 2019-03-19T11:19:04Z -> data/sisbra_all_w24/20190319T111904_usp2019flod_row3784 picks=2
[1806/3570] SISBRA 2019-04-26T05:15:37 lat=-13.010 lon=-39.430 mag=1.6 window=+/-120.0s r=1.0deg
MATCHED: 2019-04-16T15:58:52Z -> data/sisbra_all_w24/20190416T155852_usp2019hlbl_row3796 picks=3
[1807/3570] SISBRA 2019-04-27T03:42:15 lat=-29.460 lon=-50.690 mag=2.1 window=+/-120.0s r=1.0deg
  candidates=1 scored=1
  best=smi:org.gfz-potsdam.de/geofon/usp2019ebde dt_s=1.780 dist_km=5.638 picks<=400.0km=1
MATCHED: 2019-02-27T12:52:49Z -> data/sisbra_all_w24/20190227T125250_usp2019ebde_row3772 picks=1
[1808/3570] SISBRA 2019-04-27T23:53:53 lat=1.580 lon=-55.500 mag=2.6 window=+/-120.0s r=1.0deg
  candidates=1 scored=1
  best=smi:org.gfz-potsdam.de/geofon/usp2019fxxk dt_s=0.431 dist_km=0.524 picks<=400.0km=5
  candidates=1 scored=1
  best=smi:org.gfz-potsdam.de/geofon/usp2019gfqi dt_s=0.658 dist_km=13.539 picks<=400.0km=2
MATCHED: 2019-03-26T05:37:58Z -> data/sisbra_all_w24/20190326T053758_usp2019fxxk_row3790 picks=5
[1809/3570] SISBRA 2019-04-28T10:45:40 lat=-11.610 lon=-56.730 mag=1.4 window=+/-120.0s r=1.0deg
  candidates=1 scored=1
  best=smi:org.gfz-potsdam.de/geofon/usp2019ftlz dt_s=0.160 dist_km=9.148 picks<=400.0km=1
MATCHED: 2019-03-30T11:08:06Z -> data/sisbra_all_w24/20190330T110806_usp2019gfqi_row3792 picks=2
[1810/3570] SISBRA 2019-04-29T08:07:38 lat=1.490 lon=-55.570 mag=2.9 window=+/-120.0s r=1.0deg
  candidates=1 scored=1
  best=smi:org.gfz-potsdam.de/geofon/usp2019ianq dt_s=0.000 dist_km=0.255 picks<=400.0km=1
MATCHED: 2019-03-23T19:18:38Z -> data/sisbra_all_w24/20190323T191838_usp2019ftlz_row3788 picks=1
[1811/3570] SISBRA 2019-05-01T06:29:39 lat=-5.850 lon=-50.610 mag=3.1 window=+/-120.0s r=1.0deg
  candidates=1 scored=1
MATCHED: 2019-04-25T03:10:02Z -> data/sisbra_all_w24/20190425T031002_usp2019ianq_row3805 picks=1
[1812/3570] SISBRA 2019-05-04T12:25:04 lat=-4.990 lon=-35.190 mag=2.0 window=+/-120.0s r=1.0deg
  best=smi:org.gfz-potsdam.de/geofon/usp2019fjau dt_s=0.821 dist_km=0.416 picks<=400.0km=2
MATCHED: 2019-03-18T02:17:49Z -> data/sisbra_all_w24/20190318T021749_usp2019fjau_row3777 picks=2
[1813/3570] SISBRA 2019-05-08T00:31:56 lat=-25.100 lon=-49.240 mag=2.2 window=+/-120.0s r=1.0deg
  candidates=1 scored=1
  best=smi:org.gfz-potsdam.de/geofon/usp2019hgmo dt_s=0.822 dist_km=0.143 picks<=400.0km=0
NO_MATCH: 2019-04-29T08:07:38Z -> data/sisbra_all_w24/20190429T080738_row3811
[1814/3570] SISBRA 2019-05-08T10:34:20 lat=-27.290 lon=-49.310 mag=2.2 window=+/-120.0s r=1.0deg
MATCHED: 2019-04-14T03:54:11Z -> data/sisbra_all_w24/20190414T035411_usp2019hgmo_row3794 picks=0
[1815/3570] SISBRA 2019-05-14T06:38:03 lat=-13.150 lon=-49.330 mag=2.6 window=+/-120.0s r=1.0deg
  candidates=1 scored=1
  best=smi:org.gfz-potsdam.de/geofon/usp2019fnic dt_s=0.900 dist_km=0.392 picks<=400.0km=2
MATCHED: 2019-03-20T10:32:37Z -> data/sisbra_all_w24/20190320T103237_usp2019fnic_row3785 picks=2
[1816/3570] SISBRA 2019-05-14T06:43:36 lat=-25.230 lon=-49.320 mag=2.3 window=+/-120.0s r=1.0deg
  candidates=1 scored=1
  best=smi:org.gfz-potsdam.de/geofon/usp2019icng dt_s=0.304 dist_km=0.587 picks<=400.0km=2
MATCHED: 2019-04-26T05:15:37Z -> data/sisbra_all_w24/20190426T051537_usp2019icng_row3807 picks=2
[1817/3570] SISBRA 2019-05-16T14:45:58 lat=-6.140 lon=-36.040 mag=2.1 window=+/-120.0s r=1.0deg
  candidates=1 scored=1
  best=smi:org.gfz-potsdam.de/geofon/usp2019iefr dt_s=0.740 dist_km=0.253 picks<=400.0km=6
  candidates=1 scored=1
  best=smi:org.gfz-potsdam.de/geofon/usp2019igpe dt_s=0.000 dist_km=0.451 picks<=400.0km=1
  candidates=1 scored=1
  best=smi:org.gfz-potsdam.de/geofon/usp2019hxdz dt_s=0.290 dist_km=0.577 picks<=400.0km=3
MATCHED: 2019-04-27T03:42:15Z -> data/sisbra_all_w24/20190427T034215_usp2019iefr_row3808 picks=6
[1818/3570] SISBRA 2019-05-17T02:28:48 lat=1.360 lon=-60.570 mag=3.6 window=+/-120.0s r=1.0deg
MATCHED: 2019-04-28T10:45:40Z -> data/sisbra_all_w24/20190428T104540_usp2019igpe_row3810 picks=1
[1819/3570] SISBRA 2019-05-18T15:30:58 lat=-6.250 lon=-49.700 mag=2.0 window=+/-120.0s r=1.0deg
  candidates=1 scored=1
MATCHED: 2019-04-23T06:53:18Z -> data/sisbra_all_w24/20190423T065318_usp2019hxdz_row3803 picks=3
[1820/3570] SISBRA 2019-05-19T04:24:32 lat=-14.040 lon=-49.320 mag=2.1 window=+/-120.0s r=1.0deg
  best=smi:org.gfz-potsdam.de/geofon/usp2019hxfl dt_s=0.258 dist_km=4.179 picks<=400.0km=5
MATCHED: 2019-04-23T07:38:09Z -> data/sisbra_all_w24/20190423T073809_usp2019hxfl_row3804 picks=5
[1821/3570] SISBRA 2019-05-20T19:46:34 lat=-20.340 lon=-46.960 mag=3.9 window=+/-120.0s r=1.0deg
  candidates=1 scored=1
  best=smi:org.gfz-potsdam.de/geofon/usp2019iftr dt_s=0.000 dist_km=0.300 picks<=400.0km=0
MATCHED: 2019-04-27T23:53:53Z -> data/sisbra_all_w24/20190427T235353_usp2019iftr_row3809 picks=0
[1822/3570] SISBRA 2019-05-21T21:47:07 lat=-12.970 lon=-39.410 mag=2.0 window=+/-120.0s r=1.0deg
NO_MATCH: 2019-05-18T15:30:58Z -> data/sisbra_all_w24/20190518T153058_row3820
[1823/3570] SISBRA 2019-05-23T13:46:40 lat=-15.550 lon=-53.240 mag=2.1 window=+/-120.0s r=1.0deg
  candidates=1 scored=1
  best=smi:org.gfz-potsdam.de/geofon/usp2019hxbo dt_s=0.650 dist_km=0.279 picks<=400.0km=0
  candidates=1 scored=1
  best=smi:org.gfz-potsdam.de/geofon/usp2019hrta dt_s=1.304 dist_km=22.787 picks<=400.0km=2
  candidates=1 scored=1
  best=smi:org.gfz-potsdam.de/geofon/usp2019hddm dt_s=0.126 dist_km=0.842 picks<=400.0km=2
MATCHED: 2019-04-23T05:40:02Z -> data/sisbra_all_w24/20190423T054002_usp2019hxbo_row3802 picks=0
[1824/3570] SISBRA 2019-05-23T16:27:15 lat=-23.660 lon=-51.190 mag=2.3 window=+/-120.0s r=1.0deg
  candidates=1 scored=1
MATCHED: 2019-04-20T07:40:07Z -> data/sisbra_all_w24/20190420T074008_usp2019hrta_row3799 picks=2
[1825/3570] SISBRA 2019-05-24T14:40:42 lat=-15.150 lon=-50.820 mag=3.0 window=+/-120.0s r=1.0deg
  best=smi:org.gfz-potsdam.de/geofon/usp2019hodb dt_s=0.190 dist_km=0.500 picks<=400.0km=1
  candidates=1 scored=1
  best=smi:org.gfz-potsdam.de/geofon/usp2019gbfq dt_s=0.665 dist_km=0.060 picks<=400.0km=4
MATCHED: 2019-04-12T07:54:49Z -> data/sisbra_all_w24/20190412T075449_usp2019hddm_row3793 picks=2
[1826/3570] SISBRA 2019-05-24T15:38:00 lat=-15.070 lon=-50.830 mag=3.0 window=+/-120.0s r=1.0deg
  candidates=1 scored=1
  best=smi:org.gfz-potsdam.de/geofon/usp2019hpnh dt_s=2.940 dist_km=14.070 picks<=400.0km=2
MATCHED: 2019-03-28T01:12:11Z -> data/sisbra_all_w24/20190328T011211_usp2019gbfq_row3791 picks=4
[1827/3570] SISBRA 2019-05-26T06:45:40 lat=-20.250 lon=-43.530 mag=2.0 window=+/-120.0s r=1.0deg
MATCHED: 2019-04-18T08:11:45Z -> data/sisbra_all_w24/20190418T081144_usp2019hodb_row3797 picks=1
[1828/3570] SISBRA 2019-05-27T00:35:16 lat=-27.480 lon=-52.200 mag=2.1 window=+/-120.0s r=1.0deg
  candidates=1 scored=1
MATCHED: 2019-04-19T02:30:31Z -> data/sisbra_all_w24/20190419T023033_usp2019hpnh_row3798 picks=2
[1829/3570] SISBRA 2019-05-27T04:21:34 lat=1.470 lon=-55.650 mag=2.8 window=+/-120.0s r=1.0deg
  candidates=1 scored=1
  best=smi:org.gfz-potsdam.de/geofon/usp2019hwcv dt_s=0.143 dist_km=0.264 picks<=400.0km=4
  best=smi:org.gfz-potsdam.de/geofon/usp2019icda dt_s=2.110 dist_km=13.136 picks<=400.0km=11
MATCHED: 2019-04-22T17:10:11Z -> data/sisbra_all_w24/20190422T171011_usp2019hwcv_row3800 picks=4
[1830/3570] SISBRA 2019-05-28T14:41:50 lat=-8.880 lon=-73.870 mag=4.5 window=+/-120.0s r=1.0deg
MATCHED: 2019-04-26T00:05:20Z -> data/sisbra_all_w24/20190426T000522_usp2019icda_row3806 picks=11
[1831/3570] SISBRA 2019-05-28T21:00:19 lat=1.430 lon=-55.670 mag=3.1 window=+/-120.0s r=1.0deg
NO_MATCH: 2019-05-26T06:45:40Z -> data/sisbra_all_w24/20190526T064540_row3828
[1832/3570] SISBRA 2019-05-30T13:30:37 lat=-13.990 lon=-49.170 mag=2.0 window=+/-120.0s r=1.0deg
  candidates=1 scored=1
  best=smi:org.gfz-potsdam.de/geofon/usp2019iyvv dt_s=0.574 dist_km=0.453 picks<=400.0km=3
  candidates=1 scored=1
  best=smi:org.gfz-potsdam.de/geofon/usp2019hwix dt_s=0.551 dist_km=0.598 picks<=400.0km=6
  candidates=1 scored=1
  best=smi:org.gfz-potsdam.de/geofon/usp2019kams dt_s=0.288 dist_km=0.503 picks<=400.0km=2
MATCHED: 2019-05-08T10:34:20Z -> data/sisbra_all_w24/20190508T103420_usp2019iyvv_row3815 picks=3
[1833/3570] SISBRA 2019-05-31T04:42:20 lat=-5.760 lon=-50.500 mag=1.9 window=+/-120.0s r=1.0deg
MATCHED: 2019-04-22T20:14:19Z -> data/sisbra_all_w24/20190422T201419_usp2019hwix_row3801 picks=6
[1834/3570] SISBRA 2019-06-02T17:52:03 lat=-10.680 lon=-37.330 mag=2.4 window=+/-120.0s r=1.0deg
MATCHED: 2019-05-23T13:46:40Z -> data/sisbra_all_w24/20190523T134640_usp2019kams_row3824 picks=2
[1835/3570] SISBRA 2019-06-06T22:55:30 lat=-13.850 lon=-44.720 mag=2.8 window=+/-120.0s r=1.0deg
  candidates=1 scored=1
  best=smi:org.gfz-potsdam.de/geofon/usp2019irrl dt_s=0.420 dist_km=0.490 picks<=400.0km=2
  candidates=1 scored=1
  best=smi:org.gfz-potsdam.de/geofon/usp2019iltf dt_s=0.307 dist_km=4.549 picks<=400.0km=1
NO_MATCH: 2019-05-31T04:42:20Z -> data/sisbra_all_w24/20190531T044220_row3834
[1836/3570] SISBRA 2019-06-07T03:04:37 lat=-5.880 lon=-50.600 mag=1.7 window=+/-120.0s r=1.0deg
MATCHED: 2019-05-01T06:29:39Z -> data/sisbra_all_w24/20190501T062939_usp2019iltf_row3812 picks=1
[1837/3570] SISBRA 2019-06-07T09:29:00 lat=-29.400 lon=-51.050 mag=2.2 window=+/-120.0s r=1.0deg
MATCHED: 2019-05-04T12:25:04Z -> data/sisbra_all_w24/20190504T122504_usp2019irrl_row3813 picks=2
[1838/3570] SISBRA 2019-06-08T23:32:25 lat=-19.960 lon=-44.230 mag=2.3 window=+/-120.0s r=1.0deg
  candidates=1 scored=1
  best=smi:org.gfz-potsdam.de/geofon/usp2019jxlo dt_s=0.427 dist_km=0.339 picks<=400.0km=2
  candidates=1 scored=1
  best=smi:org.gfz-potsdam.de/geofon/usp2019jsmd dt_s=0.172 dist_km=0.156 picks<=400.0km=2
  candidates=1 scored=1
  best=smi:org.gfz-potsdam.de/geofon/usp2019hkck dt_s=0.900 dist_km=2.103 picks<=400.0km=3
NO_MATCH: 2019-06-07T03:04:37Z -> data/sisbra_all_w24/20190607T030437_row3837
[1839/3570] SISBRA 2019-06-10T23:15:29 lat=-17.000 lon=-53.290 mag=1.8 window=+/-120.0s r=1.0deg
MATCHED: 2019-05-21T21:47:07Z -> data/sisbra_all_w24/20190521T214707_usp2019jxlo_row3823 picks=2
[1840/3570] SISBRA 2019-06-11T08:05:00 lat=-5.760 lon=-50.500 mag=2.8 window=+/-120.0s r=1.0deg
MATCHED: 2019-05-19T04:24:32Z -> data/sisbra_all_w24/20190519T042432_usp2019jsmd_row3821 picks=2
[1841/3570] SISBRA 2019-06-11T09:48:48 lat=-5.760 lon=-50.510 mag=1.7 window=+/-120.0s r=1.0deg
  candidates=1 scored=1
  best=smi:org.gfz-potsdam.de/geofon/usp2019jjnb dt_s=0.792 dist_km=0.400 picks<=400.0km=2
MATCHED: 2019-04-16T03:19:29Z -> data/sisbra_all_w24/20190416T031929_usp2019hkck_row3795 picks=3
[1842/3570] SISBRA 2019-06-11T10:24:39 lat=-5.750 lon=-50.510 mag=2.2 window=+/-120.0s r=1.0deg
  candidates=1 scored=1
  best=smi:org.gfz-potsdam.de/geofon/usp2019jori dt_s=0.238 dist_km=0.469 picks<=400.0km=1
MATCHED: 2019-05-14T06:38:03Z -> data/sisbra_all_w24/20190514T063803_usp2019jjnb_row3816 picks=2
[1843/3570] SISBRA 2019-06-11T10:33:14 lat=-5.760 lon=-50.500 mag=1.9 window=+/-120.0s r=1.0deg
  candidates=1 scored=1
  best=smi:org.gfz-potsdam.de/geofon/usp2019jjnf dt_s=0.616 dist_km=1.290 picks<=400.0km=7
NO_MATCH: 2019-06-11T09:48:48Z -> data/sisbra_all_w24/20190611T094848_row3842
[1844/3570] SISBRA 2019-06-13T18:17:04 lat=-21.260 lon=-47.710 mag=1.7 window=+/-120.0s r=1.0deg
MATCHED: 2019-05-17T02:28:48Z -> data/sisbra_all_w24/20190517T022848_usp2019jori_row3819 picks=1
[1845/3570] SISBRA 2019-06-16T05:56:44 lat=-14.510 lon=-50.970 mag=2.7 window=+/-120.0s r=1.0deg
  candidates=1 scored=1
  best=smi:org.gfz-potsdam.de/geofon/usp2019ktbv dt_s=0.780 dist_km=0.678 picks<=400.0km=1
  candidates=1 scored=1
  best=smi:org.gfz-potsdam.de/geofon/usp2019jnud dt_s=0.900 dist_km=0.731 picks<=400.0km=6
MATCHED: 2019-05-14T06:43:36Z -> data/sisbra_all_w24/20190514T064336_usp2019jjnf_row3817 picks=7
[1846/3570] SISBRA 2019-06-17T20:03:23 lat=0.530 lon=-27.710 mag=4.6 window=+/-120.0s r=1.0deg
MATCHED: 2019-05-16T14:45:58Z -> data/sisbra_all_w24/20190516T144558_usp2019jnud_row3818 picks=6
[1847/3570] SISBRA 2019-06-17T22:08:19 lat=-18.500 lon=-39.010 mag=3.8 window=+/-120.0s r=1.0deg
MATCHED: 2019-06-02T17:52:03Z -> data/sisbra_all_w24/20190602T175203_usp2019ktbv_row3835 picks=1
[1848/3570] SISBRA 2019-06-18T02:25:18 lat=-16.420 lon=-41.000 mag=1.7 window=+/-120.0s r=1.0deg
  candidates=1 scored=1
  best=smi:org.gfz-potsdam.de/geofon/usp2019lbot dt_s=0.823 dist_km=0.385 picks<=400.0km=1
  candidates=1 scored=1
  best=smi:org.gfz-potsdam.de/geofon/usp2019liyp dt_s=1.130 dist_km=3.426 picks<=400.0km=7
MATCHED: 2019-06-07T09:29:00Z -> data/sisbra_all_w24/20190607T092900_usp2019lbot_row3838 picks=1
[1849/3570] SISBRA 2019-06-18T09:28:19 lat=-11.680 lon=-57.640 mag=2.5 window=+/-120.0s r=1.0deg
MATCHED: 2019-06-11T10:24:39Z -> data/sisbra_all_w24/20190611T102440_usp2019liyp_row3843 picks=7
[1850/3570] SISBRA 2019-06-20T09:05:09 lat=-16.710 lon=-54.410 mag=2.3 window=+/-120.0s r=1.0deg
  candidates=1 scored=1
  best=smi:org.gfz-potsdam.de/geofon/usp2019kngs dt_s=0.130 dist_km=0.642 picks<=400.0km=2
  candidates=1 scored=1
  best=smi:org.gfz-potsdam.de/geofon/usp2019khcb dt_s=0.446 dist_km=0.393 picks<=400.0km=0
  candidates=1 scored=1
MATCHED: 2019-05-30T13:30:37Z -> data/sisbra_all_w24/20190530T133037_usp2019kngs_row3833 picks=2
[1851/3570] SISBRA 2019-07-04T10:53:04 lat=-12.910 lon=-60.730 mag=2.5 window=+/-120.0s r=1.0deg
  best=smi:org.gfz-potsdam.de/geofon/usp2019kcjz dt_s=1.494 dist_km=5.333 picks<=400.0km=1
  candidates=1 scored=1
  best=smi:org.gfz-potsdam.de/geofon/usp2019kasa dt_s=0.701 dist_km=0.316 picks<=400.0km=3
MATCHED: 2019-05-27T04:21:34Z -> data/sisbra_all_w24/20190527T042134_usp2019khcb_row3830 picks=0
[1852/3570] SISBRA 2019-07-05T05:36:03 lat=-6.590 lon=-50.120 mag=2.4 window=+/-120.0s r=1.0deg
MATCHED: 2019-05-23T16:27:15Z -> data/sisbra_all_w24/20190523T162715_usp2019kasa_row3825 picks=3
[1853/3570] SISBRA 2019-07-11T03:14:26 lat=-25.250 lon=-49.330 mag=1.7 window=+/-120.0s r=1.0deg
MATCHED: 2019-05-24T14:40:42Z -> data/sisbra_all_w24/20190524T144043_usp2019kcjz_row3826 picks=1
[1854/3570] SISBRA 2019-07-11T03:23:00 lat=-25.220 lon=-49.310 mag=1.8 window=+/-120.0s r=1.0deg
  candidates=1 scored=1
  best=smi:org.gfz-potsdam.de/geofon/usp2019iyby dt_s=3.730 dist_km=5.842 picks<=400.0km=7
  candidates=1 scored=1
  candidates=1 scored=1
  best=smi:org.gfz-potsdam.de/geofon/usp2019kclw dt_s=1.804 dist_km=4.244 picks<=400.0km=2
  best=smi:org.gfz-potsdam.de/geofon/usp2019kjsa dt_s=0.869 dist_km=19.860 picks<=400.0km=2
  candidates=1 scored=1
  best=smi:org.gfz-potsdam.de/geofon/usp2019licn dt_s=0.194 dist_km=0.540 picks<=400.0km=2
NO_MATCH: 2019-07-05T05:36:03Z -> data/sisbra_all_w24/20190705T053603_row3853
[1855/3570] SISBRA 2019-07-13T12:56:20 lat=-5.480 lon=-35.820 mag=2.6 window=+/-120.0s r=1.0deg
MATCHED: 2019-05-08T00:31:56Z -> data/sisbra_all_w24/20190508T003152_usp2019iyby_row3814 picks=7
[1856/3570] SISBRA 2019-07-14T19:29:59 lat=-4.280 lon=-55.350 mag=2.6 window=+/-120.0s r=1.0deg
MATCHED: 2019-05-24T15:38:00Z -> data/sisbra_all_w24/20190524T153758_usp2019kclw_row3827 picks=2
[1857/3570] SISBRA 2019-07-15T05:49:57 lat=-5.050 lon=-39.560 mag=1.8 window=+/-120.0s r=1.0deg
MATCHED: 2019-05-28T14:41:50Z -> data/sisbra_all_w24/20190528T144149_usp2019kjsa_row3831 picks=2
[1858/3570] SISBRA 2019-07-16T22:40:43 lat=-11.600 lon=-56.830 mag=2.2 window=+/-120.0s r=1.0deg
MATCHED: 2019-06-10T23:15:29Z -> data/sisbra_all_w24/20190610T231529_usp2019licn_row3840 picks=2
[1859/3570] SISBRA 2019-07-17T07:45:59 lat=-6.410 lon=-50.050 mag=1.4 window=+/-120.0s r=1.0deg
  candidates=1 scored=1
  best=smi:org.gfz-potsdam.de/geofon/usp2019kken dt_s=0.516 dist_km=0.605 picks<=400.0km=0
  candidates=1 scored=1
  best=smi:org.gfz-potsdam.de/geofon/usp2019jvmb dt_s=1.051 dist_km=1.841 picks<=400.0km=12
  candidates=1 scored=1
  best=smi:org.gfz-potsdam.de/geofon/usp2019nlfu dt_s=0.922 dist_km=0.220 picks<=400.0km=5
  candidates=1 scored=1
  best=smi:org.gfz-potsdam.de/geofon/usp2019kgup dt_s=0.905 dist_km=0.432 picks<=400.0km=5
MATCHED: 2019-05-28T21:00:19Z -> data/sisbra_all_w24/20190528T210019_usp2019kken_row3832 picks=0
[1860/3570] SISBRA 2019-07-17T07:47:07 lat=2.750 lon=-59.720 mag=3.3 window=+/-120.0s r=1.0deg
MATCHED: 2019-05-20T19:46:34Z -> data/sisbra_all_w24/20190520T194632_usp2019jvmb_row3822 picks=12
[1861/3570] SISBRA 2019-07-18T01:05:58 lat=-14.800 lon=-50.530 mag=2.5 window=+/-120.0s r=1.0deg
NO_MATCH: 2019-07-17T07:45:59Z -> data/sisbra_all_w24/20190717T074559_row3860
[1862/3570] SISBRA 2019-07-20T11:10:18 lat=-5.710 lon=-35.820 mag=2.0 window=+/-120.0s r=1.0deg
MATCHED: 2019-05-27T00:35:16Z -> data/sisbra_all_w24/20190527T003516_usp2019kgup_row3829 picks=5
[1863/3570] SISBRA 2019-07-22T10:07:04 lat=-5.630 lon=-36.460 mag=1.8 window=+/-120.0s r=1.0deg
MATCHED: 2019-07-11T03:23:00Z -> data/sisbra_all_w24/20190711T032300_usp2019nlfu_row3855 picks=5
[1864/3570] SISBRA 2019-07-22T23:03:24 lat=-18.870 lon=-44.760 mag=2.1 window=+/-120.0s r=1.0deg
  candidates=1 scored=1
  best=smi:org.gfz-potsdam.de/geofon/usp2019latw dt_s=0.630 dist_km=0.144 picks<=400.0km=4
MATCHED: 2019-06-06T22:55:30Z -> data/sisbra_all_w24/20190606T225530_usp2019latw_row3836 picks=4
[1865/3570] SISBRA 2019-07-24T05:10:19 lat=-5.040 lon=-39.580 mag=2.0 window=+/-120.0s r=1.0deg
  candidates=1 scored=1
  best=smi:org.gfz-potsdam.de/geofon/usp2019lnfe dt_s=0.873 dist_km=0.493 picks<=400.0km=4
  candidates=1 scored=1
  best=smi:org.gfz-potsdam.de/geofon/usp2019nvvm dt_s=0.881 dist_km=0.398 picks<=400.0km=2
  candidates=1 scored=1
  best=smi:org.gfz-potsdam.de/geofon/usp2019lzhn dt_s=0.839 dist_km=0.504 picks<=400.0km=3
  candidates=1 scored=1
  best=smi:org.gfz-potsdam.de/geofon/usp2019lrth dt_s=0.836 dist_km=0.408 picks<=400.0km=0
MATCHED: 2019-07-16T22:40:43Z -> data/sisbra_all_w24/20190716T224043_usp2019nvvm_row3859 picks=2
[1866/3570] SISBRA 2019-07-24T05:46:03 lat=-5.070 lon=-39.510 mag=2.7 window=+/-120.0s r=1.0deg
MATCHED: 2019-06-13T18:17:04Z -> data/sisbra_all_w24/20190613T181704_usp2019lnfe_row3845 picks=4
[1867/3570] SISBRA 2019-07-24T21:07:19 lat=-10.340 lon=-48.320 mag=2.4 window=+/-120.0s r=1.0deg
  candidates=1 scored=1
MATCHED: 2019-06-20T09:05:09Z -> data/sisbra_all_w24/20190620T090509_usp2019lzhn_row3851 picks=3
[1868/3570] SISBRA 2019-07-24T21:25:46 lat=-19.820 lon=-41.020 mag=2.1 window=+/-120.0s r=1.0deg
  best=smi:org.gfz-potsdam.de/geofon/usp2019luqs dt_s=0.086 dist_km=0.443 picks<=400.0km=0
NO_MATCH: 2019-07-24T05:10:19Z -> data/sisbra_all_w24/20190724T051019_row3866
[1869/3570] SISBRA 2019-07-26T00:44:35 lat=-5.040 lon=-39.570 mag=3.1 window=+/-120.0s r=1.0deg
  candidates=1 scored=1
MATCHED: 2019-06-16T05:56:44Z -> data/sisbra_all_w24/20190616T055644_usp2019lrth_row3846 picks=0
[1870/3570] SISBRA 2019-07-28T10:33:34 lat=-10.940 lon=-56.820 mag=2.2 window=+/-120.0s r=1.0deg
  best=smi:org.gfz-potsdam.de/geofon/usp2018qobe dt_s=0.106 dist_km=1.455 picks<=400.0km=2
  candidates=1 scored=1
MATCHED: 2019-06-17T20:03:23Z -> data/sisbra_all_w24/20190617T200323_usp2019luqs_row3847 picks=0
[1871/3570] SISBRA 2019-07-30T20:57:01 lat=-7.140 lon=-55.500 mag=2.6 window=+/-120.0s r=1.0deg
  best=smi:org.gfz-potsdam.de/geofon/usp2019litz dt_s=0.770 dist_km=8.373 picks<=400.0km=5
NO_MATCH: 2019-07-26T00:44:35Z -> data/sisbra_all_w24/20190726T004435_row3870
[1872/3570] SISBRA 2019-07-31T06:10:50 lat=-7.120 lon=-70.450 mag=3.7 window=+/-120.0s r=1.0deg
  candidates=1 scored=1
  best=smi:org.gfz-potsdam.de/geofon/usp2019liyw dt_s=0.440 dist_km=1.670 picks<=400.0km=7
MATCHED: 2018-08-24T09:04:07Z -> data/sisbra_all_w24/20180824T090407_usp2018qobe_row3684 picks=2
[1873/3570] SISBRA 2019-08-02T03:31:13 lat=-5.840 lon=-50.630 mag=3.0 window=+/-120.0s r=1.0deg
  candidates=1 scored=1
  best=smi:org.gfz-potsdam.de/geofon/usp2019nrye dt_s=0.921 dist_km=0.339 picks<=400.0km=3
MATCHED: 2019-06-11T10:33:14Z -> data/sisbra_all_w24/20190611T103314_usp2019liyw_row3844 picks=7
[1874/3570] SISBRA 2019-08-02T19:03:53 lat=-20.380 lon=-45.580 mag=2.3 window=+/-120.0s r=1.0deg
MATCHED: 2019-06-11T08:05:00Z -> data/sisbra_all_w24/20190611T080500_usp2019litz_row3841 picks=5
[1875/3570] SISBRA 2019-08-02T20:32:12 lat=-22.870 lon=-45.260 mag=2.0 window=+/-120.0s r=1.0deg
  candidates=1 scored=1
  best=smi:org.gfz-potsdam.de/geofon/usp2019nssq dt_s=1.196 dist_km=13.189 picks<=400.0km=2
MATCHED: 2019-07-14T19:29:59Z -> data/sisbra_all_w24/20190714T192959_usp2019nrye_row3857 picks=3
[1876/3570] SISBRA 2019-08-03T15:57:16 lat=-19.930 lon=-43.120 mag=2.6 window=+/-120.0s r=1.0deg
  candidates=1 scored=1
  candidates=1 scored=1
  best=smi:org.gfz-potsdam.de/geofon/usp2019nlfm dt_s=0.514 dist_km=1.565 picks<=400.0km=8
  best=smi:org.gfz-potsdam.de/geofon/usp2019mzac dt_s=0.377 dist_km=4.862 picks<=400.0km=4
MATCHED: 2019-07-15T05:49:57Z -> data/sisbra_all_w24/20190715T054958_usp2019nssq_row3858 picks=2
[1877/3570] SISBRA 2019-08-03T23:41:19 lat=-5.590 lon=-35.520 mag=2.0 window=+/-120.0s r=1.0deg
MATCHED: 2019-07-04T10:53:04Z -> data/sisbra_all_w24/20190704T105303_usp2019mzac_row3852 picks=4
[1878/3570] SISBRA 2019-08-04T06:43:24 lat=-6.360 lon=-72.470 mag=4.0 window=+/-120.0s r=1.0deg
MATCHED: 2019-07-11T03:14:26Z -> data/sisbra_all_w24/20190711T031426_usp2019nlfm_row3854 picks=8
[1879/3570] SISBRA 2019-08-05T00:40:42 lat=1.100 lon=-27.980 mag=5.8 window=+/-120.0s r=1.0deg
  candidates=1 scored=1
  best=smi:org.gfz-potsdam.de/geofon/usp2019npps dt_s=0.933 dist_km=0.452 picks<=400.0km=3
  candidates=1 scored=1
  best=smi:org.gfz-potsdam.de/geofon/usp2019ocgs dt_s=0.777 dist_km=0.058 picks<=400.0km=2
  candidates=1 scored=1
  best=smi:org.gfz-potsdam.de/geofon/usp2019lvrg dt_s=0.044 dist_km=0.516 picks<=400.0km=3
MATCHED: 2019-07-20T11:10:18Z -> data/sisbra_all_w24/20190720T111018_usp2019ocgs_row3863 picks=2
[1880/3570] SISBRA 2019-08-05T13:10:03 lat=-5.140 lon=-65.060 mag=3.6 window=+/-120.0s r=1.0deg
  candidates=1 scored=1
  best=smi:org.gfz-potsdam.de/geofon/usp2019lvdi dt_s=0.994 dist_km=0.424 picks<=400.0km=5
MATCHED: 2019-07-13T12:56:20Z -> data/sisbra_all_w24/20190713T125620_usp2019npps_row3856 picks=3
[1881/3570] SISBRA 2019-08-07T19:47:53 lat=-9.660 lon=-35.940 mag=1.9 window=+/-120.0s r=1.0deg
MATCHED: 2019-06-18T09:28:19Z -> data/sisbra_all_w24/20190618T092819_usp2019lvrg_row3850 picks=3
[1882/3570] SISBRA 2019-08-08T23:28:27 lat=-11.280 lon=-48.380 mag=3.1 window=+/-120.0s r=1.0deg
NO_MATCH: 2019-08-03T15:57:16Z -> data/sisbra_all_w24/20190803T155716_row3877
[1883/3570] SISBRA 2019-08-09T07:39:01 lat=-15.310 lon=-56.050 mag=2.7 window=+/-120.0s r=1.0deg
MATCHED: 2019-06-18T02:25:18Z -> data/sisbra_all_w24/20190618T022518_usp2019lvdi_row3849 picks=5
[1884/3570] SISBRA 2019-08-09T11:09:43 lat=-4.180 lon=-38.130 mag=1.5 window=+/-120.0s r=1.0deg
  candidates=1 scored=1
  best=smi:org.gfz-potsdam.de/geofon/usp2019lemc dt_s=0.154 dist_km=4.329 picks<=400.0km=13
NO_MATCH: 2019-08-05T00:40:42Z -> data/sisbra_all_w24/20190805T004042_row3880
[1885/3570] SISBRA 2019-08-11T15:52:40 lat=-2.780 lon=-50.220 mag=2.9 window=+/-120.0s r=1.0deg
  candidates=1 scored=1
  best=smi:org.gfz-potsdam.de/geofon/usp2019okjb dt_s=0.171 dist_km=0.204 picks<=400.0km=6
  candidates=1 scored=1
  best=smi:org.gfz-potsdam.de/geofon/usp2019nxvu dt_s=0.283 dist_km=0.597 picks<=400.0km=2
MATCHED: 2019-06-08T23:32:25Z -> data/sisbra_all_w24/20190608T233224_usp2019lemc_row3839 picks=13
[1886/3570] SISBRA 2019-08-15T16:06:55 lat=-8.350 lon=-74.610 mag=4.9 window=+/-120.0s r=1.0deg
  candidates=1 scored=1
  best=smi:org.gfz-potsdam.de/geofon/usp2019nwnn dt_s=0.972 dist_km=9.135 picks<=400.0km=1
MATCHED: 2019-07-24T21:25:46Z -> data/sisbra_all_w24/20190724T212546_usp2019okjb_row3869 picks=6
[1887/3570] SISBRA 2019-08-17T06:49:50 lat=-11.610 lon=-56.740 mag=1.3 window=+/-120.0s r=1.0deg
MATCHED: 2019-07-18T01:05:58Z -> data/sisbra_all_w24/20190718T010558_usp2019nxvu_row3862 picks=2
[1888/3570] SISBRA 2019-08-18T18:56:58 lat=-17.260 lon=-40.720 mag=2.4 window=+/-120.0s r=1.0deg
NO_MATCH: 2019-08-09T07:39:01Z -> data/sisbra_all_w24/20190809T073901_row3884
[1889/3570] SISBRA 2019-08-19T03:50:51 lat=-6.400 lon=-50.090 mag=1.7 window=+/-120.0s r=1.0deg
MATCHED: 2019-07-17T07:47:07Z -> data/sisbra_all_w24/20190717T074707_usp2019nwnn_row3861 picks=1
[1890/3570] SISBRA 2019-08-27T00:08:32 lat=-8.460 lon=-74.590 mag=4.8 window=+/-120.0s r=1.0deg
  candidates=1 scored=1
  best=smi:org.gfz-potsdam.de/geofon/usp2019oqvn dt_s=0.200 dist_km=0.566 picks<=400.0km=2
NO_MATCH: 2019-08-11T15:52:40Z -> data/sisbra_all_w24/20190811T155240_row3886
[1891/3570] SISBRA 2019-08-30T01:47:31 lat=-10.140 lon=-59.290 mag=2.8 window=+/-120.0s r=1.0deg
  candidates=1 scored=1
  best=smi:org.gfz-potsdam.de/geofon/usp2019ogvg dt_s=0.840 dist_km=0.476 picks<=400.0km=8
  candidates=1 scored=1
  best=smi:org.gfz-potsdam.de/geofon/usp2019okil dt_s=0.999 dist_km=0.457 picks<=400.0km=1
MATCHED: 2019-07-28T10:33:34Z -> data/sisbra_all_w24/20190728T103334_usp2019oqvn_row3871 picks=2
[1892/3570] SISBRA 2019-09-02T06:07:18 lat=-17.380 lon=-40.510 mag=1.7 window=+/-120.0s r=1.0deg
NO_MATCH: 2019-08-19T03:50:51Z -> data/sisbra_all_w24/20190819T035051_row3891
[1893/3570] SISBRA 2019-09-03T07:27:55 lat=-5.850 lon=-50.600 mag=2.2 window=+/-120.0s r=1.0deg
  candidates=1 scored=1
  best=smi:org.gfz-potsdam.de/geofon/usp2019ofvr dt_s=0.896 dist_km=0.197 picks<=400.0km=3
MATCHED: 2019-07-22T23:03:24Z -> data/sisbra_all_w24/20190722T230324_usp2019ogvg_row3865 picks=8
[1894/3570] SISBRA 2019-09-05T03:37:04 lat=-5.700 lon=-37.510 mag=2.8 window=+/-120.0s r=1.0deg
MATCHED: 2019-07-24T21:07:19Z -> data/sisbra_all_w24/20190724T210719_usp2019okil_row3868 picks=1
[1895/3570] SISBRA 2019-09-05T05:43:57 lat=-11.620 lon=-57.620 mag=2.5 window=+/-120.0s r=1.0deg
MATCHED: 2019-07-22T10:07:04Z -> data/sisbra_all_w24/20190722T100704_usp2019ofvr_row3864 picks=3
[1896/3570] SISBRA 2019-09-05T22:23:15 lat=0.650 lon=-60.110 mag=3.2 window=+/-120.0s r=1.0deg
NO_MATCH: 2019-09-03T07:27:55Z -> data/sisbra_all_w24/20190903T072755_row3895
[1897/3570] SISBRA 2019-09-09T21:06:27 lat=-20.760 lon=-47.850 mag=2.3 window=+/-120.0s r=1.0deg
  candidates=1 scored=1
  best=smi:org.gfz-potsdam.de/geofon/usp2019qbcf dt_s=0.000 dist_km=0.301 picks<=400.0km=1
  candidates=1 scored=1
  best=smi:org.gfz-potsdam.de/geofon/usp2019pasu dt_s=0.410 dist_km=0.526 picks<=400.0km=9
MATCHED: 2019-08-17T06:49:50Z -> data/sisbra_all_w24/20190817T064950_usp2019qbcf_row3889 picks=1
[1898/3570] SISBRA 2019-09-11T21:07:06 lat=-16.220 lon=-44.240 mag=2.2 window=+/-120.0s r=1.0deg
MATCHED: 2019-08-02T20:32:12Z -> data/sisbra_all_w24/20190802T203212_usp2019pasu_row3876 picks=9
[1899/3570] SISBRA 2019-09-13T17:29:56 lat=-12.730 lon=-45.600 mag=3.6 window=+/-120.0s r=1.0deg
  candidates=1 scored=1
  best=smi:org.gfz-potsdam.de/geofon/usp2019plxq dt_s=0.327 dist_km=6.771 picks<=400.0km=2
  candidates=1 scored=1
  best=smi:org.gfz-potsdam.de/geofon/usp2019pdim dt_s=0.992 dist_km=0.560 picks<=400.0km=3
MATCHED: 2019-08-08T23:28:27Z -> data/sisbra_all_w24/20190808T232826_usp2019plxq_row3883 picks=2
[1900/3570] SISBRA 2019-09-13T22:46:41 lat=-2.960 lon=-44.740 mag=3.2 window=+/-120.0s r=1.0deg
MATCHED: 2019-08-04T06:43:24Z -> data/sisbra_all_w24/20190804T064324_usp2019pdim_row3879 picks=3
[1901/3570] SISBRA 2019-09-14T16:43:05 lat=-22.720 lon=-45.250 mag=1.9 window=+/-120.0s r=1.0deg
  candidates=1 scored=1
  best=smi:org.gfz-potsdam.de/geofon/usp2019pmut dt_s=0.995 dist_km=26.439 picks<=400.0km=3
  candidates=1 scored=1
  best=smi:org.gfz-potsdam.de/geofon/usp2019papx dt_s=0.433 dist_km=0.621 picks<=400.0km=6
MATCHED: 2019-08-09T11:09:43Z -> data/sisbra_all_w24/20190809T110943_usp2019pmut_row3885 picks=3
[1902/3570] SISBRA 2019-09-15T14:14:55 lat=-5.500 lon=-35.580 mag=1.3 window=+/-120.0s r=1.0deg
  candidates=1 scored=1
  best=smi:org.gfz-potsdam.de/geofon/usp2019ojeb dt_s=0.900 dist_km=0.261 picks<=400.0km=2
  candidates=1 scored=1
  best=smi:org.gfz-potsdam.de/geofon/usp2019pcuo dt_s=0.193 dist_km=0.553 picks<=400.0km=2
MATCHED: 2019-08-02T19:03:53Z -> data/sisbra_all_w24/20190802T190353_usp2019papx_row3875 picks=6
[1903/3570] SISBRA 2019-09-19T21:49:21 lat=-21.050 lon=-43.590 mag=2.5 window=+/-120.0s r=1.0deg
MATCHED: 2019-08-03T23:41:19Z -> data/sisbra_all_w24/20190803T234119_usp2019pcuo_row3878 picks=2
[1904/3570] SISBRA 2019-09-25T07:01:53 lat=0.040 lon=-60.240 mag=2.3 window=+/-120.0s r=1.0deg
  candidates=1 scored=1
  best=smi:org.gfz-potsdam.de/geofon/usp2019ovhc dt_s=0.877 dist_km=0.401 picks<=400.0km=2
MATCHED: 2019-07-24T05:46:03Z -> data/sisbra_all_w24/20190724T054603_usp2019ojeb_row3867 picks=2
[1905/3570] SISBRA 2019-09-26T18:58:59 lat=-16.460 lon=-43.050 mag=2.6 window=+/-120.0s r=1.0deg
  candidates=1 scored=1
  best=smi:org.gfz-potsdam.de/geofon/usp2019rvwb dt_s=0.650 dist_km=0.658 picks<=400.0km=4
  candidates=1 scored=1
  best=smi:org.gfz-potsdam.de/geofon/usp2019pfqs dt_s=0.429 dist_km=0.521 picks<=400.0km=1
MATCHED: 2019-07-30T20:57:01Z -> data/sisbra_all_w24/20190730T205701_usp2019ovhc_row3872 picks=2
[1906/3570] SISBRA 2019-09-27T23:46:49 lat=-9.940 lon=-36.520 mag=2.3 window=+/-120.0s r=1.0deg
MATCHED: 2019-09-11T21:07:06Z -> data/sisbra_all_w24/20190911T210706_usp2019rvwb_row3900 picks=4
[1907/3570] SISBRA 2019-09-29T15:50:52 lat=-7.070 lon=-72.810 mag=3.9 window=+/-120.0s r=1.0deg
MATCHED: 2019-08-05T13:10:03Z -> data/sisbra_all_w24/20190805T131003_usp2019pfqs_row3881 picks=1
[1908/3570] SISBRA 2019-10-01T15:28:35 lat=-14.140 lon=-48.860 mag=2.4 window=+/-120.0s r=1.0deg
NO_MATCH: 2019-09-26T18:58:59Z -> data/sisbra_all_w24/20190926T185859_row3907
[1909/3570] SISBRA 2019-10-04T14:56:20 lat=-27.400 lon=-49.670 mag=2.3 window=+/-120.0s r=1.0deg
  candidates=1 scored=1
  best=smi:org.gfz-potsdam.de/geofon/usp2019rjsp dt_s=0.850 dist_km=0.485 picks<=400.0km=6
  candidates=1 scored=1
  best=smi:org.gfz-potsdam.de/geofon/usp2019rsfb dt_s=0.543 dist_km=7.913 picks<=400.0km=4
MATCHED: 2019-09-05T05:43:57Z -> data/sisbra_all_w24/20190905T054357_usp2019rjsp_row3897 picks=6
[1910/3570] SISBRA 2019-10-05T06:26:22 lat=0.190 lon=-61.340 mag=2.6 window=+/-120.0s r=1.0deg
MATCHED: 2019-09-09T21:06:27Z -> data/sisbra_all_w24/20190909T210627_usp2019rsfb_row3899 picks=4
[1911/3570] SISBRA 2019-10-07T12:28:16 lat=-16.970 lon=-54.360 mag=3.2 window=+/-120.0s r=1.0deg
  candidates=1 scored=1
  best=smi:org.gfz-potsdam.de/geofon/usp2019regw dt_s=0.745 dist_km=0.389 picks<=400.0km=10
MATCHED: 2019-09-02T06:07:18Z -> data/sisbra_all_w24/20190902T060718_usp2019regw_row3894 picks=10
[1912/3570] SISBRA 2019-10-07T17:59:13 lat=-27.890 lon=-50.480 mag=2.1 window=+/-120.0s r=1.0deg
  candidates=1 scored=1
  best=smi:org.gfz-potsdam.de/geofon/usp2019rjok dt_s=0.312 dist_km=0.417 picks<=400.0km=2
  candidates=1 scored=1
  best=smi:org.gfz-potsdam.de/geofon/usp2019scqm dt_s=0.989 dist_km=0.615 picks<=400.0km=2
  candidates=1 scored=1
  best=smi:org.gfz-potsdam.de/geofon/usp2019pjuw dt_s=0.615 dist_km=0.557 picks<=400.0km=3
MATCHED: 2019-09-05T03:37:04Z -> data/sisbra_all_w24/20190905T033704_usp2019rjok_row3896 picks=2
[1913/3570] SISBRA 2019-10-14T01:47:35 lat=-4.800 lon=-41.180 mag=2.7 window=+/-120.0s r=1.0deg
MATCHED: 2019-09-15T14:14:55Z -> data/sisbra_all_w24/20190915T141455_usp2019scqm_row3904 picks=2
[1914/3570] SISBRA 2019-10-15T07:40:27 lat=-6.530 lon=-50.040 mag=1.7 window=+/-120.0s r=1.0deg
MATCHED: 2019-08-07T19:47:53Z -> data/sisbra_all_w24/20190807T194753_usp2019pjuw_row3882 picks=3
[1915/3570] SISBRA 2019-10-18T21:45:23 lat=-7.050 lon=-55.190 mag=2.4 window=+/-120.0s r=1.0deg
NO_MATCH: 2019-10-15T07:40:27Z -> data/sisbra_all_w24/20191015T074027_row3916
[1916/3570] SISBRA 2019-10-18T23:00:47 lat=-5.620 lon=-35.600 mag=0.9 window=+/-120.0s r=1.0deg
  candidates=1 scored=1
  best=smi:org.gfz-potsdam.de/geofon/usp2019qylu dt_s=0.768 dist_km=0.423 picks<=400.0km=6
  candidates=1 scored=1
  best=smi:org.gfz-potsdam.de/geofon/usp2019szhk dt_s=0.000 dist_km=0.462 picks<=400.0km=2
MATCHED: 2019-08-30T01:47:31Z -> data/sisbra_all_w24/20190830T014731_usp2019qylu_row3893 picks=6
[1917/3570] SISBRA 2019-10-19T23:33:52 lat=-5.620 lon=-35.600 mag=0.9 window=+/-120.0s r=1.0deg
MATCHED: 2019-09-27T23:46:49Z -> data/sisbra_all_w24/20190927T234649_usp2019szhk_row3908 picks=2
[1918/3570] SISBRA 2019-10-21T20:23:04 lat=-6.830 lon=-73.500 mag=4.0 window=+/-120.0s r=1.0deg
  candidates=1 scored=1
  best=smi:org.gfz-potsdam.de/geofon/usp2019sujg dt_s=0.917 dist_km=0.151 picks<=400.0km=4
  candidates=1 scored=1
MATCHED: 2019-09-25T07:01:53Z -> data/sisbra_all_w24/20190925T070153_usp2019sujg_row3906 picks=4
[1919/3570] SISBRA 2019-10-31T18:32:34 lat=-11.550 lon=-56.770 mag=1.9 window=+/-120.0s r=1.0deg
  best=smi:org.gfz-potsdam.de/geofon/usp2019ozld dt_s=0.642 dist_km=3.539 picks<=400.0km=3
  candidates=1 scored=1
  candidates=1 scored=1
  candidates=1 scored=1
  best=smi:org.gfz-potsdam.de/geofon/usp2019trcy dt_s=0.530 dist_km=0.381 picks<=400.0km=4
  best=smi:org.gfz-potsdam.de/geofon/usp2019tmpc dt_s=0.617 dist_km=0.299 picks<=400.0km=4
  best=smi:org.gfz-potsdam.de/geofon/usp2019qdvs dt_s=0.005 dist_km=0.418 picks<=400.0km=7
MATCHED: 2019-08-02T03:31:13Z -> data/sisbra_all_w24/20190802T033113_usp2019ozld_row3874 picks=3
[1920/3570] SISBRA 2019-10-31T19:29:06 lat=-11.610 lon=-56.730 mag=1.2 window=+/-120.0s r=1.0deg
MATCHED: 2019-10-07T17:59:13Z -> data/sisbra_all_w24/20191007T175913_usp2019trcy_row3914 picks=4
[1921/3570] SISBRA 2019-11-01T03:53:02 lat=-6.420 lon=-50.110 mag=1.8 window=+/-120.0s r=1.0deg
MATCHED: 2019-10-05T06:26:22Z -> data/sisbra_all_w24/20191005T062622_usp2019tmpc_row3912 picks=4
[1922/3570] SISBRA 2019-11-01T11:38:49 lat=-5.710 lon=-37.500 mag=2.1 window=+/-120.0s r=1.0deg
  candidates=1 scored=1
  best=smi:org.gfz-potsdam.de/geofon/usp2019ulpl dt_s=0.000 dist_km=0.411 picks<=400.0km=2
MATCHED: 2019-08-18T18:56:58Z -> data/sisbra_all_w24/20190818T185658_usp2019qdvs_row3890 picks=7
[1923/3570] SISBRA 2019-11-03T15:33:36 lat=-4.740 lon=-37.950 mag=2.4 window=+/-120.0s r=1.0deg
MATCHED: 2019-10-18T23:00:47Z -> data/sisbra_all_w24/20191018T230047_usp2019ulpl_row3918 picks=2
[1924/3570] SISBRA 2019-11-03T15:42:59 lat=-4.760 lon=-37.950 mag=2.4 window=+/-120.0s r=1.0deg
  candidates=1 scored=1
  candidates=1 scored=1
  candidates=1 scored=1
  best=smi:org.gfz-potsdam.de/geofon/usp2019rkzo dt_s=0.271 dist_km=3.248 picks<=400.0km=1
  best=smi:org.gfz-potsdam.de/geofon/usp2019tcis dt_s=0.844 dist_km=0.318 picks<=400.0km=4
  best=smi:org.gfz-potsdam.de/geofon/usp2019ovzj dt_s=0.649 dist_km=0.502 picks<=400.0km=4
NO_MATCH: 2019-11-01T03:53:02Z -> data/sisbra_all_w24/20191101T035302_row3923
[1925/3570] SISBRA 2019-11-03T16:15:06 lat=-5.840 lon=-50.630 mag=3.4 window=+/-120.0s r=1.0deg
MATCHED: 2019-09-29T15:50:52Z -> data/sisbra_all_w24/20190929T155052_usp2019tcis_row3909 picks=4
[1926/3570] SISBRA 2019-11-04T10:43:30 lat=-20.690 lon=-45.730 mag=2.8 window=+/-120.0s r=1.0deg
  candidates=1 scored=1
MATCHED: 2019-09-05T22:23:15Z -> data/sisbra_all_w24/20190905T222314_usp2019rkzo_row3898 picks=1
[1927/3570] SISBRA 2019-11-04T20:46:11 lat=-14.780 lon=-50.860 mag=2.3 window=+/-120.0s r=1.0deg
  best=smi:org.gfz-potsdam.de/geofon/usp2019sazu dt_s=0.345 dist_km=0.120 picks<=400.0km=10
MATCHED: 2019-07-31T06:10:50Z -> data/sisbra_all_w24/20190731T061050_usp2019ovzj_row3873 picks=4
[1928/3570] SISBRA 2019-11-07T19:43:55 lat=-6.260 lon=-49.690 mag=1.9 window=+/-120.0s r=1.0deg
MATCHED: 2019-09-14T16:43:05Z -> data/sisbra_all_w24/20190914T164305_usp2019sazu_row3903 picks=10
[1929/3570] SISBRA 2019-11-08T22:29:39 lat=-10.570 lon=-48.620 mag=2.2 window=+/-120.0s r=1.0deg
NO_MATCH: 2019-11-03T16:15:06Z -> data/sisbra_all_w24/20191103T161506_row3927
[1930/3570] SISBRA 2019-11-09T07:30:24 lat=-13.010 lon=-39.590 mag=3.3 window=+/-120.0s r=1.0deg
  candidates=1 scored=1
  best=smi:org.gfz-potsdam.de/geofon/usp2019luuv dt_s=1.030 dist_km=11.238 picks<=400.0km=4
NO_MATCH: 2019-11-07T19:43:55Z -> data/sisbra_all_w24/20191107T194355_row3930
[1931/3570] SISBRA 2019-11-10T19:52:03 lat=-5.720 lon=-50.520 mag=2.9 window=+/-120.0s r=1.0deg
  candidates=1 scored=1
  best=smi:org.gfz-potsdam.de/geofon/usp2019rzqj dt_s=0.486 dist_km=2.211 picks<=400.0km=4
  candidates=1 scored=1
  best=smi:org.gfz-potsdam.de/geofon/usp2019tfyz dt_s=0.860 dist_km=0.394 picks<=400.0km=2
  candidates=1 scored=1
  best=smi:org.gfz-potsdam.de/geofon/usp2019unma dt_s=0.000 dist_km=0.411 picks<=400.0km=2
  candidates=1 scored=1
MATCHED: 2019-06-17T22:08:19Z -> data/sisbra_all_w24/20190617T220820_usp2019luuv_row3848 picks=4
[1932/3570] SISBRA 2019-11-10T23:54:59 lat=-20.640 lon=-43.710 mag=1.9 window=+/-120.0s r=1.0deg
MATCHED: 2019-10-01T15:28:35Z -> data/sisbra_all_w24/20191001T152835_usp2019tfyz_row3910 picks=2
[1933/3570] SISBRA 2019-11-12T10:40:38 lat=-12.460 lon=-57.190 mag=3.3 window=+/-120.0s r=1.0deg
  best=smi:org.gfz-potsdam.de/geofon/usp2019pydp dt_s=0.353 dist_km=0.548 picks<=400.0km=1
MATCHED: 2019-10-19T23:33:52Z -> data/sisbra_all_w24/20191019T233352_usp2019unma_row3919 picks=2
[1934/3570] SISBRA 2019-11-13T05:15:34 lat=-14.410 lon=-59.160 mag=2.0 window=+/-120.0s r=1.0deg
MATCHED: 2019-09-13T22:46:41Z -> data/sisbra_all_w24/20190913T224641_usp2019rzqj_row3902 picks=4
[1935/3570] SISBRA 2019-11-14T20:52:26 lat=-8.610 lon=-74.440 mag=4.8 window=+/-120.0s r=1.0deg
  candidates=1 scored=1
  best=smi:org.gfz-potsdam.de/geofon/usp2019vogt dt_s=0.115 dist_km=0.171 picks<=400.0km=1
NO_MATCH: 2019-11-10T19:52:03Z -> data/sisbra_all_w24/20191110T195203_row3933
[1936/3570] SISBRA 2019-11-15T02:50:52 lat=-9.260 lon=-60.500 mag=2.8 window=+/-120.0s r=1.0deg
  candidates=1 scored=1
  best=smi:org.gfz-potsdam.de/geofon/usp2019vkhz dt_s=0.964 dist_km=0.201 picks<=400.0km=1
MATCHED: 2019-08-15T16:06:55Z -> data/sisbra_all_w24/20190815T160655_usp2019pydp_row3888 picks=1
[1937/3570] SISBRA 2019-11-16T08:31:25 lat=-4.240 lon=-38.250 mag=1.0 window=+/-120.0s r=1.0deg
MATCHED: 2019-11-03T15:42:59Z -> data/sisbra_all_w24/20191103T154259_usp2019vogt_row3926 picks=1
[1938/3570] SISBRA 2019-11-17T01:46:39 lat=-5.850 lon=-50.550 mag=3.3 window=+/-120.0s r=1.0deg
  candidates=1 scored=1
  best=smi:org.gfz-potsdam.de/geofon/usp2019ulmy dt_s=0.169 dist_km=0.694 picks<=400.0km=2
  candidates=1 scored=1
  best=smi:org.gfz-potsdam.de/geofon/usp2019ucrk dt_s=1.617 dist_km=14.220 picks<=400.0km=0
MATCHED: 2019-11-01T11:38:49Z -> data/sisbra_all_w24/20191101T113849_usp2019vkhz_row3924 picks=1
[1939/3570] SISBRA 2019-11-19T12:28:58 lat=-18.980 lon=-44.030 mag=2.4 window=+/-120.0s r=1.0deg
NO_MATCH: 2019-11-10T23:54:59Z -> data/sisbra_all_w24/20191110T235459_row3934
[1940/3570] SISBRA 2019-11-21T20:32:05 lat=-27.620 lon=-52.350 mag=2.1 window=+/-120.0s r=1.0deg
MATCHED: 2019-10-18T21:45:23Z -> data/sisbra_all_w24/20191018T214523_usp2019ulmy_row3917 picks=2
[1941/3570] SISBRA 2019-11-21T21:38:55 lat=-13.860 lon=-44.790 mag=3.0 window=+/-120.0s r=1.0deg
MATCHED: 2019-10-14T01:47:35Z -> data/sisbra_all_w24/20191014T014733_usp2019ucrk_row3915 picks=0
[1942/3570] SISBRA 2019-11-25T22:51:35 lat=-20.430 lon=-43.870 mag=2.1 window=+/-120.0s r=1.0deg
  candidates=1 scored=1
  best=smi:org.gfz-potsdam.de/geofon/usp2019tlkk dt_s=0.100 dist_km=0.353 picks<=400.0km=4
  candidates=1 scored=1
  best=smi:org.gfz-potsdam.de/geofon/usp2019vogu dt_s=0.347 dist_km=9.114 picks<=400.0km=1
MATCHED: 2019-10-04T14:56:20Z -> data/sisbra_all_w24/20191004T145620_usp2019tlkk_row3911 picks=4
[1943/3570] SISBRA 2019-11-25T23:27:26 lat=-20.427 lon=-43.887 mag=3.5 window=+/-120.0s r=1.0deg
MATCHED: 2019-11-03T15:33:36Z -> data/sisbra_all_w24/20191103T153335_usp2019vogu_row3925 picks=1
[1944/3570] SISBRA 2019-11-26T11:22:35 lat=1.810 lon=-61.130 mag=2.8 window=+/-120.0s r=1.0deg
  candidates=1 scored=1
  best=smi:org.gfz-potsdam.de/geofon/usp2019vjad dt_s=0.761 dist_km=0.158 picks<=400.0km=2
  candidates=1 scored=1
  best=smi:org.gfz-potsdam.de/geofon/usp2019vxxz dt_s=0.948 dist_km=0.455 picks<=400.0km=4
MATCHED: 2019-10-31T18:32:34Z -> data/sisbra_all_w24/20191031T183234_usp2019vjad_row3921 picks=2
[1945/3570] SISBRA 2019-11-26T19:42:08 lat=0.880 lon=-59.840 mag=3.8 window=+/-120.0s r=1.0deg
  candidates=1 scored=1
  best=smi:org.gfz-potsdam.de/geofon/usp2019vjbz dt_s=0.000 dist_km=0.466 picks<=400.0km=1
NO_MATCH: 2019-11-25T22:51:35Z -> data/sisbra_all_w24/20191125T225135_row3944
[1946/3570] SISBRA 2019-11-26T20:51:45 lat=-13.000 lon=-39.460 mag=2.0 window=+/-120.0s r=1.0deg
MATCHED: 2019-11-08T22:29:39Z -> data/sisbra_all_w24/20191108T222939_usp2019vxxz_row3931 picks=4
[1947/3570] SISBRA 2019-11-30T21:58:04 lat=-13.060 lon=-39.450 mag=2.0 window=+/-120.0s r=1.0deg
MATCHED: 2019-10-31T19:29:06Z -> data/sisbra_all_w24/20191031T192906_usp2019vjbz_row3922 picks=1
[1948/3570] SISBRA 2019-12-01T03:21:28 lat=-5.870 lon=-50.590 mag=1.7 window=+/-120.0s r=1.0deg
  candidates=1 scored=1
  best=smi:org.gfz-potsdam.de/geofon/usp2019wlmi dt_s=0.944 dist_km=0.560 picks<=400.0km=2
  candidates=1 scored=1
  best=smi:org.gfz-potsdam.de/geofon/usp2019wftj dt_s=0.639 dist_km=0.273 picks<=400.0km=4
NO_MATCH: 2019-12-01T03:21:28Z -> data/sisbra_all_w24/20191201T032128_row3950
[1949/3570] SISBRA 2019-12-01T19:12:24 lat=-6.440 lon=-50.120 mag=3.1 window=+/-120.0s r=1.0deg
MATCHED: 2019-11-16T08:31:25Z -> data/sisbra_all_w24/20191116T083125_usp2019wlmi_row3939 picks=2
[1950/3570] SISBRA 2019-12-03T15:08:35 lat=-23.440 lon=-50.770 mag=2.9 window=+/-120.0s r=1.0deg
MATCHED: 2019-11-13T05:15:34Z -> data/sisbra_all_w24/20191113T051534_usp2019wftj_row3936 picks=4
[1951/3570] SISBRA 2019-12-03T21:04:39 lat=-3.270 lon=-44.090 mag=3.2 window=+/-120.0s r=1.0deg
NO_MATCH: 2019-12-01T19:12:24Z -> data/sisbra_all_w24/20191201T191224_row3951
[1952/3570] SISBRA 2019-12-05T15:48:50 lat=-11.620 lon=-56.840 mag=2.5 window=+/-120.0s r=1.0deg
  candidates=1 scored=1
  candidates=1 scored=1
  best=smi:org.gfz-potsdam.de/geofon/usp2019wmul dt_s=0.326 dist_km=0.111 picks<=400.0km=3
  best=smi:org.gfz-potsdam.de/geofon/usp2019sknm dt_s=0.147 dist_km=0.581 picks<=400.0km=24
  candidates=1 scored=1
  best=smi:org.gfz-potsdam.de/geofon/usp2019weip dt_s=4.032 dist_km=15.861 picks<=400.0km=1
  candidates=1 scored=1
  best=smi:org.gfz-potsdam.de/geofon/usp2019vqmo dt_s=0.994 dist_km=0.376 picks<=400.0km=4
MATCHED: 2019-11-17T01:46:39Z -> data/sisbra_all_w24/20191117T014639_usp2019wmul_row3940 picks=3
[1953/3570] SISBRA 2019-12-05T17:57:53 lat=-11.700 lon=-56.720 mag=1.6 window=+/-120.0s r=1.0deg
MATCHED: 2019-09-19T21:49:21Z -> data/sisbra_all_w24/20190919T214921_usp2019sknm_row3905 picks=24
[1954/3570] SISBRA 2019-12-05T23:48:36 lat=-18.990 lon=-44.730 mag=2.7 window=+/-120.0s r=1.0deg
MATCHED: 2019-11-12T10:40:38Z -> data/sisbra_all_w24/20191112T104033_usp2019weip_row3935 picks=1
[1955/3570] SISBRA 2019-12-06T21:01:45 lat=-24.870 lon=-49.630 mag=2.0 window=+/-120.0s r=1.0deg
MATCHED: 2019-11-04T20:46:11Z -> data/sisbra_all_w24/20191104T204611_usp2019vqmo_row3929 picks=4
[1956/3570] SISBRA 2019-12-07T12:18:54 lat=-24.750 lon=-44.250 mag=2.9 window=+/-120.0s r=1.0deg
  candidates=1 scored=1
  best=smi:org.gfz-potsdam.de/geofon/usp2019xeru dt_s=0.510 dist_km=9.267 picks<=400.0km=3
  candidates=1 scored=1
MATCHED: 2019-11-26T20:51:45Z -> data/sisbra_all_w24/20191126T205145_usp2019xeru_row3948 picks=3
[1957/3570] SISBRA 2019-12-09T05:35:52 lat=0.040 lon=-60.320 mag=3.4 window=+/-120.0s r=1.0deg
  best=smi:org.gfz-potsdam.de/geofon/usp2019wvnq dt_s=0.974 dist_km=0.635 picks<=400.0km=8
  candidates=1 scored=1
  best=smi:org.gfz-potsdam.de/geofon/usp2019uqws dt_s=0.064 dist_km=19.005 picks<=400.0km=2
MATCHED: 2019-11-21T20:32:05Z -> data/sisbra_all_w24/20191121T203205_usp2019wvnq_row3942 picks=8
[1958/3570] SISBRA 2019-12-09T05:37:07 lat=0.020 lon=-60.240 mag=4.0 window=+/-120.0s r=1.0deg
MATCHED: 2019-10-21T20:23:04Z -> data/sisbra_all_w24/20191021T202303_usp2019uqws_row3920 picks=2
[1959/3570] SISBRA 2019-12-10T11:06:21 lat=-5.390 lon=-65.820 mag=3.4 window=+/-120.0s r=1.0deg
  candidates=1 scored=1
  best=smi:org.gfz-potsdam.de/geofon/usp2019xdza dt_s=1.545 dist_km=11.411 picks<=400.0km=1
  candidates=1 scored=1
  candidates=1 scored=1
  best=smi:org.gfz-potsdam.de/geofon/usp2019xwze dt_s=0.581 dist_km=2.842 picks<=400.0km=3
  candidates=1 scored=1
  best=smi:org.gfz-potsdam.de/geofon/usp2019xuti dt_s=0.559 dist_km=0.195 picks<=400.0km=2
MATCHED: 2019-11-26T11:22:35Z -> data/sisbra_all_w24/20191126T112233_usp2019xdza_row3946 picks=1
[1960/3570] SISBRA 2019-12-15T15:56:59 lat=-6.450 lon=-50.120 mag=3.1 window=+/-120.0s r=1.0deg
  best=smi:org.gfz-potsdam.de/geofon/usp2019tqsb dt_s=0.498 dist_km=0.074 picks<=400.0km=7
  candidates=1 scored=1
  best=smi:org.gfz-potsdam.de/geofon/usp2019wrgs dt_s=0.080 dist_km=0.611 picks<=400.0km=16
  candidates=1 scored=1
MATCHED: 2019-12-06T21:01:45Z -> data/sisbra_all_w24/20191206T210145_usp2019xwze_row3957 picks=3
[1961/3570] SISBRA 2019-12-26T21:20:26 lat=-8.030 lon=-36.200 mag=1.9 window=+/-120.0s r=1.0deg
MATCHED: 2019-11-19T12:28:58Z -> data/sisbra_all_w24/20191119T122858_usp2019wrgs_row3941 picks=16
[1962/3570] SISBRA 2019-12-27T03:16:40 lat=-19.070 lon=-47.610 mag=3.0 window=+/-120.0s r=1.0deg
MATCHED: 2019-12-05T15:48:50Z -> data/sisbra_all_w24/20191205T154850_usp2019xuti_row3954 picks=2
[1963/3570] SISBRA 2019-12-29T12:19:30 lat=-10.720 lon=-62.170 mag=3.0 window=+/-120.0s r=1.0deg
  best=smi:org.gfz-potsdam.de/geofon/usp2019qswa dt_s=0.175 dist_km=1.558 picks<=400.0km=1
MATCHED: 2019-10-07T12:28:16Z -> data/sisbra_all_w24/20191007T122816_usp2019tqsb_row3913 picks=7
[1964/3570] SISBRA 2019-12-29T15:12:35 lat=-6.460 lon=-50.140 mag=2.8 window=+/-120.0s r=1.0deg
MATCHED: 2019-08-27T00:08:32Z -> data/sisbra_all_w24/20190827T000831_usp2019qswa_row3892 picks=1
[1965/3570] SISBRA 2019-12-29T20:28:52 lat=-6.480 lon=-50.130 mag=2.7 window=+/-120.0s r=1.0deg
NO_MATCH: 2019-12-15T15:56:59Z -> data/sisbra_all_w24/20191215T155659_row3962
[1966/3570] SISBRA 2019-12-30T01:31:02 lat=-8.300 lon=-35.950 mag=1.8 window=+/-120.0s r=1.0deg
NO_MATCH: 2019-12-29T15:12:35Z -> data/sisbra_all_w24/20191229T151235_row3966
[1967/3570] SISBRA 2019-12-31T03:24:30 lat=-8.050 lon=-36.140 mag=1.9 window=+/-120.0s r=1.0deg
  candidates=1 scored=1
  best=smi:org.gfz-potsdam.de/geofon/usp2019wjfp dt_s=0.050 dist_km=3.427 picks<=400.0km=0
  candidates=1 scored=1
  best=smi:org.gfz-potsdam.de/geofon/usp2019rzfx dt_s=0.050 dist_km=3.415 picks<=400.0km=4
NO_MATCH: 2019-12-29T20:28:52Z -> data/sisbra_all_w24/20191229T202852_row3967
[1968/3570] SISBRA 2020-01-02T02:03:24 lat=-5.770 lon=-37.500 mag=2.0 window=+/-120.0s r=1.0deg
MATCHED: 2019-09-13T17:29:56Z -> data/sisbra_all_w24/20190913T172955_usp2019rzfx_row3901 picks=4
[1969/3570] SISBRA 2020-01-06T22:28:19 lat=-26.950 lon=-51.470 mag=2.0 window=+/-120.0s r=1.0deg
MATCHED: 2019-11-15T02:50:52Z -> data/sisbra_all_w24/20191115T025052_usp2019wjfp_row3938 picks=0
[1970/3570] SISBRA 2020-01-09T04:40:40 lat=-4.750 lon=-38.010 mag=2.1 window=+/-120.0s r=1.0deg
  candidates=1 scored=1
  best=smi:org.gfz-potsdam.de/geofon/usp2019xuxp dt_s=0.784 dist_km=0.473 picks<=400.0km=2
NO_MATCH: 2020-01-02T02:03:24Z -> data/sisbra_all_w24/20200102T020324_row3970
[1971/3570] SISBRA 2020-01-10T19:50:57 lat=-4.820 lon=-37.970 mag=2.0 window=+/-120.0s r=1.0deg
MATCHED: 2019-12-05T17:57:53Z -> data/sisbra_all_w24/20191205T175753_usp2019xuxp_row3955 picks=2
[1972/3570] SISBRA 2020-01-13T12:46:43 lat=-5.570 lon=-35.530 mag=1.6 window=+/-120.0s r=1.0deg
NO_MATCH: 2020-01-09T04:40:40Z -> data/sisbra_all_w24/20200109T044040_row3972
[1973/3570] SISBRA 2020-01-14T22:34:47 lat=-8.780 lon=-57.110 mag=2.2 window=+/-120.0s r=1.0deg
NO_MATCH: 2020-01-06T22:28:19Z -> data/sisbra_all_w24/20200106T222819_row3971
[1974/3570] SISBRA 2020-01-14T23:19:00 lat=-24.490 lon=-43.970 mag=2.7 window=+/-120.0s r=1.0deg
  candidates=1 scored=1
  best=smi:org.gfz-potsdam.de/geofon/usp2019vpsr dt_s=0.468 dist_km=0.267 picks<=400.0km=22
  candidates=1 scored=1
  best=smi:org.gfz-potsdam.de/geofon/usp2019ybhe dt_s=0.580 dist_km=6.321 picks<=400.0km=4
MATCHED: 2019-11-04T10:43:30Z -> data/sisbra_all_w24/20191104T104330_usp2019vpsr_row3928 picks=22
[1975/3570] SISBRA 2020-01-15T11:57:13 lat=-26.880 lon=-51.060 mag=2.6 window=+/-120.0s r=1.0deg
  candidates=1 scored=1
  best=smi:org.gfz-potsdam.de/geofon/usp2019xmca dt_s=0.149 dist_km=11.624 picks<=400.0km=9
MATCHED: 2019-11-30T21:58:04Z -> data/sisbra_all_w24/20191130T215803_usp2019xmca_row3949 picks=9
[1976/3570] SISBRA 2020-01-16T00:51:56 lat=-7.900 lon=-74.260 mag=4.3 window=+/-120.0s r=1.0deg
  candidates=1 scored=1
  best=smi:org.gfz-potsdam.de/geofon/usp2019xepn dt_s=0.390 dist_km=0.606 picks<=400.0km=1
MATCHED: 2019-12-09T05:37:07Z -> data/sisbra_all_w24/20191209T053707_usp2019ybhe_row3960 picks=4
[1977/3570] SISBRA 2020-01-16T23:50:19 lat=-14.140 lon=-48.840 mag=2.6 window=+/-120.0s r=1.0deg
MATCHED: 2019-11-26T19:42:08Z -> data/sisbra_all_w24/20191126T194208_usp2019xepn_row3947 picks=1
[1978/3570] SISBRA 2020-01-17T07:59:03 lat=-11.610 lon=-56.720 mag=2.8 window=+/-120.0s r=1.0deg
  candidates=1 scored=1
  best=smi:org.gfz-potsdam.de/geofon/usp2019wvpv dt_s=0.573 dist_km=6.214 picks<=400.0km=1
MATCHED: 2019-11-21T21:38:55Z -> data/sisbra_all_w24/20191121T213854_usp2019wvpv_row3943 picks=1
[1979/3570] SISBRA 2020-01-19T07:58:36 lat=-5.100 lon=-35.440 mag=1.3 window=+/-120.0s r=1.0deg
  candidates=1 scored=1
  best=smi:org.gfz-potsdam.de/geofon/usp2019zmin dt_s=0.735 dist_km=0.422 picks<=400.0km=0
  candidates=1 scored=1
  candidates=1 scored=1
  best=smi:org.gfz-potsdam.de/geofon/usp2020aryv dt_s=0.557 dist_km=2.315 picks<=400.0km=4
  best=smi:org.gfz-potsdam.de/geofon/usp2019aium dt_s=0.577 dist_km=3.928 picks<=400.0km=2
MATCHED: 2019-12-29T12:19:30Z -> data/sisbra_all_w24/20191229T121930_usp2019zmin_row3965 picks=0
[1980/3570] SISBRA 2020-01-20T10:17:31 lat=-16.180 lon=-55.920 mag=3.2 window=+/-120.0s r=1.0deg
  candidates=1 scored=1
  best=smi:org.gfz-potsdam.de/geofon/usp2019zhnv dt_s=0.023 dist_km=0.497 picks<=400.0km=4
  candidates=1 scored=1
  best=smi:org.gfz-potsdam.de/geofon/usp2019zniq dt_s=0.850 dist_km=0.165 picks<=400.0km=4
MATCHED: 2020-01-10T19:50:57Z -> data/sisbra_all_w24/20200110T195057_usp2020aryv_row3973 picks=4
[1981/3570] SISBRA 2020-01-20T20:44:39 lat=-11.680 lon=-47.510 mag=2.4 window=+/-120.0s r=1.0deg
MATCHED: 2019-01-05T19:25:38Z -> data/sisbra_all_w24/20190105T192538_usp2019aium_row3741 picks=2
[1982/3570] SISBRA 2020-01-20T21:04:25 lat=-19.100 lon=-47.650 mag=2.5 window=+/-120.0s r=1.0deg
MATCHED: 2019-12-26T21:20:26Z -> data/sisbra_all_w24/20191226T212026_usp2019zhnv_row3963 picks=4
[1983/3570] SISBRA 2020-01-21T14:52:01 lat=-30.340 lon=-53.950 mag=2.0 window=+/-120.0s r=1.0deg
MATCHED: 2019-12-30T01:31:02Z -> data/sisbra_all_w24/20191230T013102_usp2019zniq_row3968 picks=4
[1984/3570] SISBRA 2020-01-22T22:18:09 lat=-19.550 lon=-44.030 mag=2.8 window=+/-120.0s r=1.0deg
  candidates=1 scored=1
  best=smi:org.gfz-potsdam.de/geofon/usp2019zphw dt_s=0.045 dist_km=0.115 picks<=400.0km=8
MATCHED: 2019-12-31T03:24:30Z -> data/sisbra_all_w24/20191231T032430_usp2019zphw_row3969 picks=8
[1985/3570] SISBRA 2020-01-24T19:08:37 lat=-21.080 lon=-48.660 mag=2.2 window=+/-120.0s r=1.0deg
  candidates=1 scored=1
  best=smi:org.gfz-potsdam.de/geofon/usp2020awxi dt_s=0.915 dist_km=0.527 picks<=400.0km=3
  candidates=1 scored=1
  best=smi:org.gfz-potsdam.de/geofon/usp2020azmg dt_s=0.328 dist_km=0.579 picks<=400.0km=2
MATCHED: 2020-01-13T12:46:43Z -> data/sisbra_all_w24/20200113T124643_usp2020awxi_row3974 picks=3
[1986/3570] SISBRA 2020-01-26T15:57:33 lat=-5.780 lon=-50.530 mag=2.3 window=+/-120.0s r=1.0deg
  candidates=1 scored=1
  best=smi:org.gfz-potsdam.de/geofon/usp2020bkhq dt_s=0.375 dist_km=30.787 picks<=400.0km=2
  candidates=1 scored=1
  candidates=1 scored=1
  best=smi:org.gfz-potsdam.de/geofon/usp2019xrmt dt_s=0.334 dist_km=0.435 picks<=400.0km=0
  best=smi:org.gfz-potsdam.de/geofon/usp2019ydnn dt_s=1.625 dist_km=14.709 picks<=400.0km=2
MATCHED: 2020-01-20T20:44:39Z -> data/sisbra_all_w24/20200120T204438_usp2020bkhq_row3983 picks=2
[1987/3570] SISBRA 2020-01-26T19:35:16 lat=-6.420 lon=-50.080 mag=2.6 window=+/-120.0s r=1.0deg
MATCHED: 2020-01-14T22:34:47Z -> data/sisbra_all_w24/20200114T223446_usp2020azmg_row3975 picks=2
[1988/3570] SISBRA 2020-01-26T20:49:45 lat=-5.780 lon=-50.540 mag=2.0 window=+/-120.0s r=1.0deg
MATCHED: 2019-12-03T21:04:39Z -> data/sisbra_all_w24/20191203T210438_usp2019xrmt_row3953 picks=0
[1989/3570] SISBRA 2020-01-27T12:33:56 lat=-5.220 lon=-35.230 mag=2.2 window=+/-120.0s r=1.0deg
  candidates=1 scored=1
MATCHED: 2019-12-10T11:06:21Z -> data/sisbra_all_w24/20191210T110619_usp2019ydnn_row3961 picks=2
[1990/3570] SISBRA 2020-01-28T14:37:23 lat=-19.450 lon=-44.270 mag=2.2 window=+/-120.0s r=1.0deg
  best=smi:org.gfz-potsdam.de/geofon/usp2019zhzp dt_s=0.678 dist_km=0.626 picks<=400.0km=6
NO_MATCH: 2020-01-26T15:57:33Z -> data/sisbra_all_w24/20200126T155733_row3988
[1991/3570] SISBRA 2020-01-31T18:53:42 lat=-0.520 lon=-60.680 mag=4.2 window=+/-120.0s r=1.0deg
MATCHED: 2019-12-27T03:16:40Z -> data/sisbra_all_w24/20191227T031640_usp2019zhzp_row3964 picks=6
[1992/3570] SISBRA 2020-01-31T19:59:35 lat=-16.490 lon=-40.090 mag=1.8 window=+/-120.0s r=1.0deg
NO_MATCH: 2020-01-26T19:35:16Z -> data/sisbra_all_w24/20200126T193516_row3989
[1993/3570] SISBRA 2020-02-02T18:19:14 lat=-6.160 lon=-50.220 mag=1.9 window=+/-120.0s r=1.0deg
NO_MATCH: 2020-01-26T20:49:45Z -> data/sisbra_all_w24/20200126T204945_row3990
[1994/3570] SISBRA 2020-02-04T20:57:05 lat=-29.920 lon=-51.340 mag=2.4 window=+/-120.0s r=1.0deg
NO_MATCH: 2020-01-27T12:33:56Z -> data/sisbra_all_w24/20200127T123356_row3991
[1995/3570] SISBRA 2020-02-05T11:39:37 lat=-11.620 lon=-56.830 mag=2.8 window=+/-120.0s r=1.0deg
  candidates=1 scored=1
  best=smi:org.gfz-potsdam.de/geofon/usp2020bhmv dt_s=0.875 dist_km=0.328 picks<=400.0km=3
  candidates=1 scored=1
  best=smi:org.gfz-potsdam.de/geofon/usp2020bams dt_s=0.029 dist_km=0.506 picks<=400.0km=8
NO_MATCH: 2020-02-02T18:19:14Z -> data/sisbra_all_w24/20200202T181914_row3995
[1996/3570] SISBRA 2020-02-09T17:58:53 lat=-4.660 lon=-41.030 mag=2.0 window=+/-120.0s r=1.0deg
MATCHED: 2020-01-15T11:57:13Z -> data/sisbra_all_w24/20200115T115712_usp2020bams_row3977 picks=8
[1997/3570] SISBRA 2020-02-11T03:11:05 lat=-6.830 lon=-49.380 mag=2.2 window=+/-120.0s r=1.0deg
NO_MATCH: 2020-02-05T11:39:37Z -> data/sisbra_all_w24/20200205T113937_row3997
[1998/3570] SISBRA 2020-02-11T15:33:42 lat=-14.210 lon=-39.840 mag=2.1 window=+/-120.0s r=1.0deg
MATCHED: 2020-01-19T07:58:36Z -> data/sisbra_all_w24/20200119T075836_usp2020bhmv_row3981 picks=3
[1999/3570] SISBRA 2020-02-11T18:28:27 lat=-27.290 lon=-50.520 mag=2.8 window=+/-120.0s r=1.0deg
  candidates=1 scored=1
  best=smi:org.gfz-potsdam.de/geofon/usp2020bdfs dt_s=0.327 dist_km=0.517 picks<=400.0km=1
  candidates=1 scored=1
  best=smi:org.gfz-potsdam.de/geofon/usp2020bkih dt_s=0.146 dist_km=4.450 picks<=400.0km=7
MATCHED: 2020-01-16T23:50:19Z -> data/sisbra_all_w24/20200116T235018_usp2020bdfs_row3979 picks=1
[2000/3570] SISBRA 2020-02-11T23:49:36 lat=-21.330 lon=-48.700 mag=1.5 window=+/-120.0s r=1.0deg
MATCHED: 2020-01-20T21:04:25Z -> data/sisbra_all_w24/20200120T210424_usp2020bkih_row3984 picks=7
[2001/3570] SISBRA 2020-02-12T01:20:46 lat=-3.350 lon=-40.630 mag=2.0 window=+/-120.0s r=1.0deg
NO_MATCH: 2020-02-09T17:58:53Z -> data/sisbra_all_w24/20200209T175853_row3998
[2002/3570] SISBRA 2020-02-16T19:01:42 lat=-6.430 lon=-50.120 mag=3.1 window=+/-120.0s r=1.0deg
NO_MATCH: 2020-02-11T15:33:42Z -> data/sisbra_all_w24/20200211T153342_row4000
[2003/3570] SISBRA 2020-02-16T21:23:38 lat=-3.090 lon=-40.710 mag=2.0 window=+/-120.0s r=1.0deg
NO_MATCH: 2020-02-11T03:11:05Z -> data/sisbra_all_w24/20200211T031105_row3999
[2004/3570] SISBRA 2020-02-17T18:53:11 lat=-7.660 lon=-74.590 mag=4.6 window=+/-120.0s r=1.0deg
  candidates=1 scored=1
  best=smi:org.gfz-potsdam.de/geofon/usp2020blrm dt_s=0.005 dist_km=0.402 picks<=400.0km=5
  candidates=1 scored=1
  best=smi:org.gfz-potsdam.de/geofon/usp2020bdvw dt_s=0.950 dist_km=2.279 picks<=400.0km=2
NO_MATCH: 2020-02-12T01:20:46Z -> data/sisbra_all_w24/20200212T012046_row4003
[2005/3570] SISBRA 2020-02-20T08:03:31 lat=-22.430 lon=-40.080 mag=2.2 window=+/-120.0s r=1.0deg
MATCHED: 2020-01-21T14:52:01Z -> data/sisbra_all_w24/20200121T145200_usp2020blrm_row3985 picks=5
[2006/3570] SISBRA 2020-02-20T15:21:44 lat=-4.050 lon=-40.310 mag=2.7 window=+/-120.0s r=1.0deg
NO_MATCH: 2020-02-16T19:01:42Z -> data/sisbra_all_w24/20200216T190142_row4004
[2007/3570] SISBRA 2020-02-21T18:20:35 lat=-21.120 lon=-42.380 mag=1.9 window=+/-120.0s r=1.0deg
  candidates=1 scored=1
MATCHED: 2020-01-17T07:59:03Z -> data/sisbra_all_w24/20200117T075903_usp2020bdvw_row3980 picks=2
[2008/3570] SISBRA 2020-02-21T19:08:19 lat=-21.130 lon=-42.380 mag=2.2 window=+/-120.0s r=1.0deg
  best=smi:org.gfz-potsdam.de/geofon/usp2020aznr dt_s=0.500 dist_km=0.340 picks<=400.0km=6
MATCHED: 2020-01-14T23:19:00Z -> data/sisbra_all_w24/20200114T231900_usp2020aznr_row3976 picks=6
[2009/3570] SISBRA 2020-02-23T06:17:12 lat=-21.160 lon=-42.380 mag=1.7 window=+/-120.0s r=1.0deg
  candidates=1 scored=1
  best=smi:org.gfz-potsdam.de/geofon/usp2019vypv dt_s=0.050 dist_km=0.558 picks<=400.0km=3
  candidates=1 scored=1
  best=smi:org.gfz-potsdam.de/geofon/usp2019xrba dt_s=0.523 dist_km=19.611 picks<=400.0km=13
NO_MATCH: 2020-02-20T15:21:44Z -> data/sisbra_all_w24/20200220T152144_row4008
[2010/3570] SISBRA 2020-02-24T20:13:28 lat=-18.470 lon=-40.780 mag=1.8 window=+/-120.0s r=1.0deg
  candidates=1 scored=1
  best=smi:org.gfz-potsdam.de/geofon/usp2020ceiq dt_s=0.890 dist_km=0.557 picks<=400.0km=5
MATCHED: 2019-11-09T07:30:24Z -> data/sisbra_all_w24/20191109T073024_usp2019vypv_row3932 picks=3
[2011/3570] SISBRA 2020-02-25T03:14:33 lat=-21.150 lon=-42.360 mag=1.9 window=+/-120.0s r=1.0deg
MATCHED: 2019-12-03T15:08:35Z -> data/sisbra_all_w24/20191203T150835_usp2019xrba_row3952 picks=13
[2012/3570] SISBRA 2020-02-26T02:55:45 lat=-11.620 lon=-56.820 mag=2.0 window=+/-120.0s r=1.0deg
MATCHED: 2020-01-31T19:59:35Z -> data/sisbra_all_w24/20200131T195935_usp2020ceiq_row3994 picks=5
[2013/3570] SISBRA 2020-02-26T03:31:15 lat=-21.090 lon=-48.670 mag=1.4 window=+/-120.0s r=1.0deg
  candidates=1 scored=1
  best=smi:org.gfz-potsdam.de/geofon/usp2019xdbk dt_s=0.030 dist_km=3.323 picks<=400.0km=12
MATCHED: 2019-11-25T23:27:26Z -> data/sisbra_all_w24/20191125T232726_usp2019xdbk_row3945 picks=12
[2014/3570] SISBRA 2020-02-28T08:23:31 lat=-8.300 lon=-36.000 mag=1.7 window=+/-120.0s r=1.0deg
  candidates=1 scored=1
  best=smi:org.gfz-potsdam.de/geofon/usp2020dhrm dt_s=0.928 dist_km=0.445 picks<=400.0km=4
  candidates=1 scored=1
  best=smi:org.gfz-potsdam.de/geofon/usp2020clso dt_s=0.057 dist_km=0.637 picks<=400.0km=5
  candidates=1 scored=1
  best=smi:org.gfz-potsdam.de/geofon/usp2020cysu dt_s=0.232 dist_km=0.515 picks<=400.0km=3
  candidates=1 scored=1
MATCHED: 2020-02-16T21:23:38Z -> data/sisbra_all_w24/20200216T212338_usp2020dhrm_row4005 picks=4
[2015/3570] SISBRA 2020-02-28T20:56:20 lat=-29.800 lon=-51.600 mag=2.0 window=+/-120.0s r=1.0deg
  best=smi:org.gfz-potsdam.de/geofon/usp2020bbmg dt_s=0.081 dist_km=28.135 picks<=400.0km=2
MATCHED: 2020-02-04T20:57:05Z -> data/sisbra_all_w24/20200204T205705_usp2020clso_row3996 picks=5
[2016/3570] SISBRA 2020-02-29T15:03:13 lat=-15.180 lon=-59.470 mag=2.8 window=+/-120.0s r=1.0deg
  candidates=1 scored=1
  best=smi:org.gfz-potsdam.de/geofon/usp2019xydk dt_s=0.010 dist_km=0.584 picks<=400.0km=7
  candidates=1 scored=1
  best=smi:org.gfz-potsdam.de/geofon/usp2020dypd dt_s=0.689 dist_km=0.555 picks<=400.0km=3
MATCHED: 2020-02-11T23:49:36Z -> data/sisbra_all_w24/20200211T234936_usp2020cysu_row4002 picks=3
[2017/3570] SISBRA 2020-03-01T08:45:19 lat=-22.520 lon=-43.180 mag=2.3 window=+/-120.0s r=1.0deg
MATCHED: 2020-01-16T00:51:56Z -> data/sisbra_all_w24/20200116T005155_usp2020bbmg_row3978 picks=2
[2018/3570] SISBRA 2020-03-01T20:30:53 lat=-6.420 lon=-50.120 mag=3.2 window=+/-120.0s r=1.0deg
MATCHED: 2019-12-07T12:18:54Z -> data/sisbra_all_w24/20191207T121854_usp2019xydk_row3958 picks=7
[2019/3570] SISBRA 2020-03-07T03:13:49 lat=-21.320 lon=-48.640 mag=1.2 window=+/-120.0s r=1.0deg
MATCHED: 2020-02-26T03:31:15Z -> data/sisbra_all_w24/20200226T033115_usp2020dypd_row4015 picks=3
[2020/3570] SISBRA 2020-03-08T15:33:43 lat=-21.090 lon=-48.690 mag=1.3 window=+/-120.0s r=1.0deg
  candidates=1 scored=1
  best=smi:org.gfz-potsdam.de/geofon/usp2020brmm dt_s=0.892 dist_km=0.563 picks<=400.0km=5
MATCHED: 2020-01-24T19:08:37Z -> data/sisbra_all_w24/20200124T190837_usp2020brmm_row3987 picks=5
[2021/3570] SISBRA 2020-03-09T02:18:36 lat=-21.290 lon=-48.430 mag=2.0 window=+/-120.0s r=1.0deg
NO_MATCH: 2020-02-29T15:03:13Z -> data/sisbra_all_w24/20200229T150313_row4018
[2022/3570] SISBRA 2020-03-09T19:51:17 lat=-13.880 lon=-49.290 mag=1.6 window=+/-120.0s r=1.0deg
  candidates=1 scored=1
  best=smi:org.gfz-potsdam.de/geofon/usp2020bobs dt_s=0.723 dist_km=2.144 picks<=400.0km=9
NO_MATCH: 2020-03-01T20:30:53Z -> data/sisbra_all_w24/20200301T203053_row4020
[2023/3570] SISBRA 2020-03-10T20:03:04 lat=-5.840 lon=-50.620 mag=3.0 window=+/-120.0s r=1.0deg
  candidates=2 scored=2
  best=smi:org.gfz-potsdam.de/geofon/usp2019ybhd dt_s=1.357 dist_km=1.814 picks<=400.0km=3
MATCHED: 2020-01-22T22:18:09Z -> data/sisbra_all_w24/20200122T221808_usp2020bobs_row3986 picks=9
[2024/3570] SISBRA 2020-03-10T20:17:55 lat=-5.800 lon=-50.510 mag=2.0 window=+/-120.0s r=1.0deg
MATCHED: 2019-12-09T05:35:52Z -> data/sisbra_all_w24/20191209T053550_usp2019ybhd_row3959 picks=3
[2025/3570] SISBRA 2020-03-11T00:32:49 lat=-21.310 lon=-48.460 mag=2.1 window=+/-120.0s r=1.0deg
NO_MATCH: 2020-03-09T19:51:17Z -> data/sisbra_all_w24/20200309T195117_row4024
[2026/3570] SISBRA 2020-03-11T01:11:26 lat=-5.370 lon=-35.550 mag=1.9 window=+/-120.0s r=1.0deg
  candidates=1 scored=1
  best=smi:org.gfz-potsdam.de/geofon/usp2020cyie dt_s=0.442 dist_km=0.070 picks<=400.0km=6
NO_MATCH: 2020-03-10T20:03:04Z -> data/sisbra_all_w24/20200310T200304_row4025
[2027/3570] SISBRA 2020-03-11T15:48:29 lat=-21.180 lon=-42.250 mag=2.4 window=+/-120.0s r=1.0deg
MATCHED: 2020-02-11T18:28:27Z -> data/sisbra_all_w24/20200211T182827_usp2020cyie_row4001 picks=6
[2028/3570] SISBRA 2020-03-12T01:26:00 lat=-3.130 lon=-40.710 mag=3.1 window=+/-120.0s r=1.0deg
  candidates=1 scored=1
  best=smi:org.gfz-potsdam.de/geofon/usp2020dtic dt_s=0.427 dist_km=0.573 picks<=400.0km=3
NO_MATCH: 2020-03-10T20:17:55Z -> data/sisbra_all_w24/20200310T201755_row4026
[2029/3570] SISBRA 2020-03-13T05:54:20 lat=-3.950 lon=-39.750 mag=2.5 window=+/-120.0s r=1.0deg
  candidates=1 scored=1
  best=smi:org.gfz-potsdam.de/geofon/usp2020etpn dt_s=0.526 dist_km=0.411 picks<=400.0km=3
MATCHED: 2020-02-23T06:17:12Z -> data/sisbra_all_w24/20200223T061712_usp2020dtic_row4011 picks=3
[2030/3570] SISBRA 2020-03-14T10:29:53 lat=-28.560 lon=-51.740 mag=2.4 window=+/-120.0s r=1.0deg
  candidates=1 scored=1
  best=smi:org.gfz-potsdam.de/geofon/usp2020dynz dt_s=0.611 dist_km=0.588 picks<=400.0km=2
MATCHED: 2020-03-08T15:33:43Z -> data/sisbra_all_w24/20200308T153343_usp2020etpn_row4022 picks=3
[2031/3570] SISBRA 2020-03-14T12:25:12 lat=-19.280 lon=-44.620 mag=2.6 window=+/-120.0s r=1.0deg
  candidates=1 scored=1
  best=smi:org.gfz-potsdam.de/geofon/usp2020eqvp dt_s=0.978 dist_km=0.440 picks<=400.0km=3
NO_MATCH: 2020-03-12T01:26:00Z -> data/sisbra_all_w24/20200312T012600_row4030
[2032/3570] SISBRA 2020-03-15T18:33:37 lat=0.560 lon=-68.900 mag=4.4 window=+/-120.0s r=1.0deg
NO_MATCH: 2020-03-13T05:54:20Z -> data/sisbra_all_w24/20200313T055420_row4031
[2033/3570] SISBRA 2020-03-16T09:24:59 lat=-15.050 lon=-56.220 mag=2.4 window=+/-120.0s r=1.0deg
MATCHED: 2020-02-26T02:55:45Z -> data/sisbra_all_w24/20200226T025545_usp2020dynz_row4014 picks=2
[2034/3570] SISBRA 2020-03-16T16:58:49 lat=-22.510 lon=-47.520 mag=2.3 window=+/-120.0s r=1.0deg
MATCHED: 2020-03-07T03:13:49Z -> data/sisbra_all_w24/20200307T031349_usp2020eqvp_row4021 picks=3
[2035/3570] SISBRA 2020-03-17T02:29:22 lat=-5.360 lon=-35.570 mag=1.7 window=+/-120.0s r=1.0deg
  candidates=1 scored=1
  best=smi:org.gfz-potsdam.de/geofon/usp2020dwff dt_s=0.480 dist_km=0.620 picks<=400.0km=8
  candidates=1 scored=1
  best=smi:org.gfz-potsdam.de/geofon/usp2020dqoz dt_s=0.872 dist_km=0.514 picks<=400.0km=14
MATCHED: 2020-02-24T20:13:28Z -> data/sisbra_all_w24/20200224T201328_usp2020dwff_row4012 picks=8
[2036/3570] SISBRA 2020-03-17T21:26:55 lat=-14.590 lon=-56.230 mag=2.7 window=+/-120.0s r=1.0deg
MATCHED: 2020-02-21T18:20:35Z -> data/sisbra_all_w24/20200221T182035_usp2020dqoz_row4009 picks=14
[2037/3570] SISBRA 2020-03-21T02:47:51 lat=-20.050 lon=-47.280 mag=2.3 window=+/-120.0s r=1.0deg
  candidates=1 scored=1
  best=smi:org.gfz-potsdam.de/geofon/usp2020cegm dt_s=0.216 dist_km=18.005 picks<=400.0km=3
  candidates=1 scored=1
  best=smi:org.gfz-potsdam.de/geofon/usp2020dqqn dt_s=0.999 dist_km=0.196 picks<=400.0km=7
MATCHED: 2020-01-31T18:53:42Z -> data/sisbra_all_w24/20200131T185341_usp2020cegm_row3993 picks=3
[2038/3570] SISBRA 2020-03-23T05:19:58 lat=-21.070 lon=-48.650 mag=1.1 window=+/-120.0s r=1.0deg  candidates=1 scored=1
  best=smi:org.gfz-potsdam.de/geofon/usp2019xvje dt_s=0.680 dist_km=0.444 picks<=400.0km=12

  candidates=1 scored=1
  best=smi:org.gfz-potsdam.de/geofon/usp2020ecpu dt_s=0.947 dist_km=0.546 picks<=400.0km=3
MATCHED: 2020-02-21T19:08:19Z -> data/sisbra_all_w24/20200221T190819_usp2020dqqn_row4010 picks=7
[2039/3570] SISBRA 2020-03-23T07:43:47 lat=-21.080 lon=-48.690 mag=1.2 window=+/-120.0s r=1.0deg
MATCHED: 2019-12-05T23:48:36Z -> data/sisbra_all_w24/20191205T234836_usp2019xvje_row3956 picks=12
[2040/3570] SISBRA 2020-03-23T16:23:44 lat=-21.080 lon=-48.680 mag=2.4 window=+/-120.0s r=1.0deg
MATCHED: 2020-02-28T08:23:31Z -> data/sisbra_all_w24/20200228T082331_usp2020ecpu_row4016 picks=3
[2041/3570] SISBRA 2020-03-23T16:33:23 lat=-21.070 lon=-48.720 mag=1.9 window=+/-120.0s r=1.0deg
  candidates=1 scored=1
  best=smi:org.gfz-potsdam.de/geofon/usp2020byln dt_s=0.611 dist_km=0.519 picks<=400.0km=6
  candidates=1 scored=1
  best=smi:org.gfz-potsdam.de/geofon/usp2020edoq dt_s=0.061 dist_km=0.405 picks<=400.0km=6
  candidates=1 scored=1
  best=smi:org.gfz-potsdam.de/geofon/usp2020dnzc dt_s=0.742 dist_km=5.824 picks<=400.0km=4
MATCHED: 2020-01-28T14:37:23Z -> data/sisbra_all_w24/20200128T143723_usp2020byln_row3992 picks=6
[2042/3570] SISBRA 2020-03-25T11:30:39 lat=-24.600 lon=-41.950 mag=3.7 window=+/-120.0s r=1.0deg
MATCHED: 2020-02-28T20:56:20Z -> data/sisbra_all_w24/20200228T205620_usp2020edoq_row4017 picks=6
[2043/3570] SISBRA 2020-03-25T15:28:41 lat=-14.670 lon=-56.330 mag=2.3 window=+/-120.0s r=1.0deg
MATCHED: 2020-02-20T08:03:31Z -> data/sisbra_all_w24/20200220T080331_usp2020dnzc_row4007 picks=4
[2044/3570] SISBRA 2020-03-25T19:59:41 lat=-21.370 lon=-48.560 mag=1.9 window=+/-120.0s r=1.0deg
  candidates=1 scored=1
  best=smi:org.gfz-potsdam.de/geofon/usp2020bjmy dt_s=1.170 dist_km=6.858 picks<=400.0km=3
MATCHED: 2020-01-20T10:17:31Z -> data/sisbra_all_w24/20200120T101729_usp2020bjmy_row3982 picks=3
[2045/3570] SISBRA 2020-03-27T12:47:26 lat=-18.870 lon=-44.750 mag=2.9 window=+/-120.0s r=1.0deg
  candidates=1 scored=1
  best=smi:org.gfz-potsdam.de/geofon/usp2020euku dt_s=0.501 dist_km=0.489 picks<=400.0km=6
  candidates=1 scored=1
  best=smi:org.gfz-potsdam.de/geofon/usp2020fuko dt_s=0.990 dist_km=0.102 picks<=400.0km=6
MATCHED: 2020-03-09T02:18:36Z -> data/sisbra_all_w24/20200309T021836_usp2020euku_row4023 picks=6
[2046/3570] SISBRA 2020-03-29T14:21:41 lat=-4.720 lon=-38.090 mag=2.3 window=+/-120.0s r=1.0deg
  candidates=1 scored=1
  best=smi:org.gfz-potsdam.de/geofon/usp2020exyh dt_s=0.893 dist_km=0.489 picks<=400.0km=8
MATCHED: 2020-03-23T07:43:47Z -> data/sisbra_all_w24/20200323T074347_usp2020fuko_row4041 picks=6
[2047/3570] SISBRA 2020-03-30T03:30:11 lat=-5.540 lon=-35.640 mag=1.7 window=+/-120.0s r=1.0deg
  candidates=1 scored=1
  best=smi:org.gfz-potsdam.de/geofon/usp2020feen dt_s=0.269 dist_km=0.536 picks<=400.0km=5
  candidates=1 scored=1
  best=smi:org.gfz-potsdam.de/geofon/usp2020eghn dt_s=0.932 dist_km=2.216 picks<=400.0km=5
MATCHED: 2020-03-11T00:32:49Z -> data/sisbra_all_w24/20200311T003249_usp2020exyh_row4027 picks=8
[2048/3570] SISBRA 2020-03-31T19:35:32 lat=-22.040 lon=-42.490 mag=1.9 window=+/-120.0s r=1.0deg
  candidates=1 scored=1
  best=smi:org.gfz-potsdam.de/geofon/usp2020exzo dt_s=0.683 dist_km=0.584 picks<=400.0km=3
MATCHED: 2020-03-14T10:29:53Z -> data/sisbra_all_w24/20200314T102953_usp2020feen_row4032 picks=5
[2049/3570] SISBRA 2020-04-01T11:34:36 lat=-20.110 lon=-39.010 mag=2.1 window=+/-120.0s r=1.0deg
  candidates=1 scored=1
  best=smi:org.gfz-potsdam.de/geofon/usp2020ezcn dt_s=0.390 dist_km=0.367 picks<=400.0km=18
MATCHED: 2020-03-01T08:45:19Z -> data/sisbra_all_w24/20200301T084519_usp2020eghn_row4019 picks=5
[2050/3570] SISBRA 2020-04-02T20:49:46 lat=-11.810 lon=-48.310 mag=2.2 window=+/-120.0s r=1.0deg
MATCHED: 2020-03-11T01:11:26Z -> data/sisbra_all_w24/20200311T011126_usp2020exzo_row4028 picks=3
[2051/3570] SISBRA 2020-04-03T12:56:48 lat=-5.770 lon=-50.470 mag=1.1 window=+/-120.0s r=1.0deg
NO_MATCH: 2020-03-29T14:21:41Z -> data/sisbra_all_w24/20200329T142141_row4048
[2052/3570] SISBRA 2020-04-05T00:51:35 lat=-18.950 lon=-47.940 mag=1.9 window=+/-120.0s r=1.0deg
MATCHED: 2020-03-11T15:48:29Z -> data/sisbra_all_w24/20200311T154829_usp2020ezcn_row4029 picks=18
[2053/3570] SISBRA 2020-04-05T14:52:37 lat=-18.850 lon=-44.760 mag=2.0 window=+/-120.0s r=1.0deg
  candidates=1 scored=1
  best=smi:org.gfz-potsdam.de/geofon/usp2020fhtj dt_s=0.021 dist_km=0.586 picks<=400.0km=8
  candidates=1 scored=1
  best=smi:org.gfz-potsdam.de/geofon/usp2020feii dt_s=0.860 dist_km=0.204 picks<=400.0km=6
MATCHED: 2020-03-16T09:24:59Z -> data/sisbra_all_w24/20200316T092459_usp2020fhtj_row4035 picks=8
[2054/3570] SISBRA 2020-04-06T03:21:00 lat=-5.500 lon=-35.720 mag=2.0 window=+/-120.0s r=1.0deg
  candidates=1 scored=1
  best=smi:org.gfz-potsdam.de/geofon/usp2020fyzv dt_s=0.000 dist_km=0.479 picks<=400.0km=2
MATCHED: 2020-03-14T12:25:12Z -> data/sisbra_all_w24/20200314T122512_usp2020feii_row4033 picks=6
[2055/3570] SISBRA 2020-04-06T03:21:20 lat=-5.480 lon=-35.700 mag=2.0 window=+/-120.0s r=1.0deg
MATCHED: 2020-03-25T19:59:41Z -> data/sisbra_all_w24/20200325T195941_usp2020fyzv_row4046 picks=2
[2056/3570] SISBRA 2020-04-07T04:59:26 lat=-18.540 lon=-43.820 mag=2.5 window=+/-120.0s r=1.0deg
  candidates=1 scored=1
  best=smi:org.gfz-potsdam.de/geofon/usp2020dwtc dt_s=0.400 dist_km=0.489 picks<=400.0km=9
NO_MATCH: 2020-04-03T12:56:48Z -> data/sisbra_all_w24/20200403T125648_row4053
[2057/3570] SISBRA 2020-04-07T12:12:15 lat=-4.100 lon=-39.240 mag=1.6 window=+/-120.0s r=1.0deg
  candidates=1 scored=1
  best=smi:org.gfz-potsdam.de/geofon/usp2020fvcb dt_s=0.341 dist_km=0.594 picks<=400.0km=1
MATCHED: 2020-02-25T03:14:33Z -> data/sisbra_all_w24/20200225T031433_usp2020dwtc_row4013 picks=9
[2058/3570] SISBRA 2020-04-08T21:20:21 lat=-27.240 lon=-49.510 mag=2.0 window=+/-120.0s r=1.0deg
  candidates=1 scored=1
  best=smi:org.gfz-potsdam.de/geofon/usp2020gjyb dt_s=0.048 dist_km=0.309 picks<=400.0km=3
MATCHED: 2020-03-23T16:33:23Z -> data/sisbra_all_w24/20200323T163323_usp2020fvcb_row4043 picks=1
[2059/3570] SISBRA 2020-04-10T08:59:51 lat=-4.970 lon=-39.430 mag=2.0 window=+/-120.0s r=1.0deg
  candidates=1 scored=1
  best=smi:org.gfz-potsdam.de/geofon/usp2020fjbe dt_s=0.238 dist_km=0.084 picks<=400.0km=3
  candidates=1 scored=1
  best=smi:org.gfz-potsdam.de/geofon/usp2020fufu dt_s=0.595 dist_km=0.539 picks<=400.0km=4
MATCHED: 2020-03-31T19:35:32Z -> data/sisbra_all_w24/20200331T193532_usp2020gjyb_row4050 picks=3
[2060/3570] SISBRA 2020-04-10T23:27:49 lat=-8.640 lon=-74.320 mag=4.5 window=+/-120.0s r=1.0deg
  candidates=1 scored=1
  best=smi:org.gfz-potsdam.de/geofon/usp2020fkmr dt_s=0.170 dist_km=0.183 picks<=400.0km=8
MATCHED: 2020-03-17T02:29:22Z -> data/sisbra_all_w24/20200317T022922_usp2020fjbe_row4037 picks=3
[2061/3570] SISBRA 2020-04-14T23:13:56 lat=-3.170 lon=-40.710 mag=2.0 window=+/-120.0s r=1.0deg
MATCHED: 2020-03-23T05:19:58Z -> data/sisbra_all_w24/20200323T051958_usp2020fufu_row4040 picks=4
[2062/3570] SISBRA 2020-04-15T14:40:20 lat=-11.610 lon=-56.730 mag=0.2 window=+/-120.0s r=1.0deg
MATCHED: 2020-03-17T21:26:55Z -> data/sisbra_all_w24/20200317T212654_usp2020fkmr_row4038 picks=8
[2063/3570] SISBRA 2020-04-16T16:59:50 lat=-24.720 lon=-48.120 mag=2.3 window=+/-120.0s r=1.0deg
  candidates=1 scored=1
NO_MATCH: 2020-04-10T08:59:51Z -> data/sisbra_all_w24/20200410T085951_row4061
[2064/3570] SISBRA 2020-04-18T01:55:40 lat=-23.590 lon=-47.120 mag=2.0 window=+/-120.0s r=1.0deg
  best=smi:org.gfz-potsdam.de/geofon/usp2020djia dt_s=0.391 dist_km=0.393 picks<=400.0km=2
MATCHED: 2020-02-17T18:53:11Z -> data/sisbra_all_w24/20200217T185311_usp2020djia_row4006 picks=2
[2065/3570] SISBRA 2020-04-19T20:43:00 lat=-19.520 lon=-44.120 mag=2.1 window=+/-120.0s r=1.0deg
  candidates=1 scored=1
  best=smi:org.gfz-potsdam.de/geofon/usp2020ggws dt_s=0.513 dist_km=0.619 picks<=400.0km=3
  candidates=1 scored=1
  best=smi:org.gfz-potsdam.de/geofon/usp2020fyqx dt_s=0.121 dist_km=0.109 picks<=400.0km=8
MATCHED: 2020-03-25T15:28:41Z -> data/sisbra_all_w24/20200325T152840_usp2020fyqx_row4045 picks=8
[2066/3570] SISBRA 2020-04-20T03:57:56 lat=-19.400 lon=-45.710 mag=2.5 window=+/-120.0s r=1.0deg
MATCHED: 2020-03-30T03:30:11Z -> data/sisbra_all_w24/20200330T033011_usp2020ggws_row4049 picks=3
[2067/3570] SISBRA 2020-04-20T23:47:33 lat=-8.010 lon=-74.490 mag=4.8 window=+/-120.0s r=1.0deg
  candidates=1 scored=1
  best=smi:org.gfz-potsdam.de/geofon/usp2020fiii dt_s=0.303 dist_km=0.405 picks<=400.0km=7
MATCHED: 2020-03-16T16:58:49Z -> data/sisbra_all_w24/20200316T165848_usp2020fiii_row4036 picks=7
[2068/3570] SISBRA 2020-04-23T15:55:53 lat=-5.690 lon=-50.490 mag=1.5 window=+/-120.0s r=1.0deg
NO_MATCH: 2020-04-20T03:57:56Z -> data/sisbra_all_w24/20200420T035756_row4068
[2069/3570] SISBRA 2020-04-24T22:35:27 lat=-21.280 lon=-48.450 mag=1.7 window=+/-120.0s r=1.0deg
  candidates=1 scored=1
  candidates=1 scored=1
  best=smi:org.gfz-potsdam.de/geofon/usp2020gtqy dt_s=0.483 dist_km=2.678 picks<=400.0km=4
  candidates=1 scored=1
  best=smi:org.gfz-potsdam.de/geofon/usp2020hkyw dt_s=0.000 dist_km=0.315 picks<=400.0km=1
  best=smi:org.gfz-potsdam.de/geofon/usp2020fqju dt_s=0.818 dist_km=0.519 picks<=400.0km=16
  candidates=1 scored=1
  best=smi:org.gfz-potsdam.de/geofon/usp2020gwdy dt_s=0.942 dist_km=0.544 picks<=400.0km=2
MATCHED: 2020-04-15T14:40:20Z -> data/sisbra_all_w24/20200415T144020_usp2020hkyw_row4064 picks=1
[2070/3570] SISBRA 2020-04-26T00:44:42 lat=-7.780 lon=-50.280 mag=3.0 window=+/-120.0s r=1.0deg
MATCHED: 2020-04-06T03:21:20Z -> data/sisbra_all_w24/20200406T032120_usp2020gtqy_row4057 picks=4
[2071/3570] SISBRA 2020-04-26T04:45:05 lat=-4.700 lon=-38.110 mag=1.6 window=+/-120.0s r=1.0deg
MATCHED: 2020-03-21T02:47:51Z -> data/sisbra_all_w24/20200321T024751_usp2020fqju_row4039 picks=16
[2072/3570] SISBRA 2020-04-26T05:10:54 lat=-4.750 lon=-38.120 mag=1.3 window=+/-120.0s r=1.0deg
  candidates=1 scored=1
  best=smi:org.gfz-potsdam.de/geofon/usp2020gnrn dt_s=1.200 dist_km=6.608 picks<=400.0km=3
MATCHED: 2020-04-07T12:12:15Z -> data/sisbra_all_w24/20200407T121215_usp2020gwdy_row4059 picks=2
[2073/3570] SISBRA 2020-04-26T11:25:20 lat=-4.310 lon=-38.230 mag=1.8 window=+/-120.0s r=1.0deg
NO_MATCH: 2020-04-23T15:55:53Z -> data/sisbra_all_w24/20200423T155553_row4070
[2074/3570] SISBRA 2020-04-26T22:28:26 lat=-9.890 lon=-73.100 mag=4.8 window=+/-120.0s r=1.0deg
  candidates=1 scored=1
  best=smi:org.gfz-potsdam.de/geofon/usp2020gyrn dt_s=0.937 dist_km=0.529 picks<=400.0km=5
  candidates=1 scored=1
  best=smi:org.gfz-potsdam.de/geofon/usp2020gtqy dt_s=20.483 dist_km=4.836 picks<=400.0km=4
MATCHED: 2020-04-02T20:49:46Z -> data/sisbra_all_w24/20200402T204944_usp2020gnrn_row4052 picks=3
[2075/3570] SISBRA 2020-04-27T06:20:57 lat=-4.700 lon=-38.110 mag=2.0 window=+/-120.0s r=1.0deg
MATCHED: 2020-04-08T21:20:21Z -> data/sisbra_all_w24/20200408T212021_usp2020gyrn_row4060 picks=5
[2076/3570] SISBRA 2020-04-28T18:18:33 lat=-12.240 lon=-46.500 mag=2.1 window=+/-120.0s r=1.0deg
MATCHED: 2020-04-06T03:21:00Z -> data/sisbra_all_w24/20200406T032120_usp2020gtqy_row4056 picks=4
[2077/3570] SISBRA 2020-04-29T02:45:24 lat=-8.300 lon=-35.960 mag=1.7 window=+/-120.0s r=1.0deg
  candidates=1 scored=1
  best=smi:org.gfz-potsdam.de/geofon/usp2020grqm dt_s=0.423 dist_km=0.688 picks<=400.0km=8
  candidates=1 scored=1
  best=smi:org.gfz-potsdam.de/geofon/usp2020hjuh dt_s=0.390 dist_km=0.216 picks<=400.0km=2
MATCHED: 2020-04-05T00:51:35Z -> data/sisbra_all_w24/20200405T005135_usp2020grqm_row4054 picks=8
[2078/3570] SISBRA 2020-04-29T19:15:42 lat=-19.540 lon=-41.640 mag=2.3 window=+/-120.0s r=1.0deg
NO_MATCH: 2020-04-26T22:28:26Z -> data/sisbra_all_w24/20200426T222826_row4076
[2079/3570] SISBRA 2020-04-30T06:14:02 lat=-4.710 lon=-35.110 mag=1.4 window=+/-120.0s r=1.0deg
MATCHED: 2020-04-14T23:13:56Z -> data/sisbra_all_w24/20200414T231356_usp2020hjuh_row4063 picks=2
[2080/3570] SISBRA 2020-04-30T17:00:25 lat=-26.360 lon=-50.680 mag=2.7 window=+/-120.0s r=1.0deg
NO_MATCH: 2020-04-28T18:18:33Z -> data/sisbra_all_w24/20200428T181833_row4078
[2081/3570] SISBRA 2020-04-30T19:26:19 lat=-23.240 lon=-41.070 mag=2.2 window=+/-120.0s r=1.0deg
  candidates=1 scored=1
  best=smi:org.gfz-potsdam.de/geofon/usp2020fvbs dt_s=0.210 dist_km=2.436 picks<=400.0km=9
  candidates=1 scored=1
  best=smi:org.gfz-potsdam.de/geofon/usp2020fgpz dt_s=2.431 dist_km=3.225 picks<=400.0km=2
MATCHED: 2020-03-23T16:23:44Z -> data/sisbra_all_w24/20200323T162344_usp2020fvbs_row4042 picks=9
[2082/3570] SISBRA 2020-05-01T16:35:39 lat=-12.970 lon=-48.350 mag=2.2 window=+/-120.0s r=1.0deg
MATCHED: 2020-03-15T18:33:37Z -> data/sisbra_all_w24/20200315T183339_usp2020fgpz_row4034 picks=2
[2083/3570] SISBRA 2020-05-03T05:26:05 lat=-5.700 lon=-50.550 mag=1.8 window=+/-120.0s r=1.0deg
  candidates=1 scored=1
  best=smi:org.gfz-potsdam.de/geofon/usp2020iggl dt_s=0.000 dist_km=0.591 picks<=400.0km=1
MATCHED: 2020-04-27T06:20:57Z -> data/sisbra_all_w24/20200427T062057_usp2020iggl_row4077 picks=1
[2084/3570] SISBRA 2020-05-03T07:20:30 lat=-5.770 lon=-50.580 mag=2.6 window=+/-120.0s r=1.0deg
NO_MATCH: 2020-05-03T05:26:05Z -> data/sisbra_all_w24/20200503T052605_row4085
[2085/3570] SISBRA 2020-05-03T13:16:07 lat=-5.030 lon=-39.520 mag=1.8 window=+/-120.0s r=1.0deg
  candidates=1 scored=1
NO_MATCH: 2020-05-03T07:20:30Z -> data/sisbra_all_w24/20200503T072030_row4086
[2086/3570] SISBRA 2020-05-05T06:10:50 lat=-7.920 lon=-74.810 mag=4.1 window=+/-120.0s r=1.0deg
  best=smi:org.gfz-potsdam.de/geofon/usp2020gvpr dt_s=0.660 dist_km=1.053 picks<=400.0km=12
MATCHED: 2020-04-07T04:59:26Z -> data/sisbra_all_w24/20200407T045926_usp2020gvpr_row4058 picks=12
[2087/3570] SISBRA 2020-05-05T14:17:15 lat=-4.290 lon=-39.760 mag=2.0 window=+/-120.0s r=1.0deg
  candidates=1 scored=1
  best=smi:org.gfz-potsdam.de/geofon/usp2020glds dt_s=0.160 dist_km=0.576 picks<=400.0km=5
  candidates=1 scored=1
  candidates=1 scored=1
  best=smi:org.gfz-potsdam.de/geofon/usp2020ieip dt_s=0.317 dist_km=0.370 picks<=400.0km=3
  best=smi:org.gfz-potsdam.de/geofon/usp2020gccp dt_s=0.210 dist_km=1.373 picks<=400.0km=13
MATCHED: 2020-04-01T11:34:36Z -> data/sisbra_all_w24/20200401T113435_usp2020glds_row4051 picks=5
[2088/3570] SISBRA 2020-05-05T22:37:06 lat=-6.420 lon=-50.060 mag=1.9 window=+/-120.0s r=1.0deg
MATCHED: 2020-04-26T05:10:54Z -> data/sisbra_all_w24/20200426T051054_usp2020ieip_row4074 picks=3
[2089/3570] SISBRA 2020-05-06T01:26:45 lat=-3.590 lon=-40.520 mag=1.8 window=+/-120.0s r=1.0deg
MATCHED: 2020-03-27T12:47:26Z -> data/sisbra_all_w24/20200327T124726_usp2020gccp_row4047 picks=13
[2090/3570] SISBRA 2020-05-06T01:31:39 lat=-3.590 lon=-40.520 mag=1.6 window=+/-120.0s r=1.0deg
  candidates=1 scored=1
  best=smi:org.gfz-potsdam.de/geofon/usp2020ilss dt_s=0.767 dist_km=0.697 picks<=400.0km=6
NO_MATCH: 2020-05-05T14:17:15Z -> data/sisbra_all_w24/20200505T141715_row4089
[2091/3570] SISBRA 2020-05-07T14:18:06 lat=-3.590 lon=-40.520 mag=1.8 window=+/-120.0s r=1.0deg
  candidates=1 scored=1
  best=smi:org.gfz-potsdam.de/geofon/usp2020hpmd dt_s=0.831 dist_km=0.580 picks<=400.0km=12
  candidates=1 scored=1
  best=smi:org.gfz-potsdam.de/geofon/usp2020ieuz dt_s=0.153 dist_km=1.303 picks<=400.0km=5
MATCHED: 2020-04-30T06:14:02Z -> data/sisbra_all_w24/20200430T061402_usp2020ilss_row4081 picks=6
[2092/3570] SISBRA 2020-05-08T00:18:03 lat=-18.720 lon=-44.930 mag=2.1 window=+/-120.0s r=1.0deg
NO_MATCH: 2020-05-05T22:37:06Z -> data/sisbra_all_w24/20200505T223706_row4090
[2093/3570] SISBRA 2020-05-08T00:48:46 lat=-10.240 lon=-58.600 mag=2.7 window=+/-120.0s r=1.0deg
MATCHED: 2020-04-18T01:55:40Z -> data/sisbra_all_w24/20200418T015540_usp2020hpmd_row4066 picks=12
[2094/3570] SISBRA 2020-05-08T02:49:18 lat=-8.660 lon=-74.860 mag=4.7 window=+/-120.0s r=1.0deg
  candidates=1 scored=1
  best=smi:org.gfz-potsdam.de/geofon/usp2020icab dt_s=0.346 dist_km=0.417 picks<=400.0km=4
MATCHED: 2020-04-26T11:25:20Z -> data/sisbra_all_w24/20200426T112520_usp2020ieuz_row4075 picks=5
[2095/3570] SISBRA 2020-05-08T10:14:12 lat=-4.710 lon=-38.120 mag=1.7 window=+/-120.0s r=1.0deg
  candidates=1 scored=1
  best=smi:org.gfz-potsdam.de/geofon/usp2020imoa dt_s=0.933 dist_km=7.874 picks<=400.0km=4
  candidates=1 scored=1
  best=smi:org.gfz-potsdam.de/geofon/usp2020imsv dt_s=0.186 dist_km=4.952 picks<=400.0km=3
MATCHED: 2020-04-24T22:35:27Z -> data/sisbra_all_w24/20200424T223527_usp2020icab_row4071 picks=4
[2096/3570] SISBRA 2020-05-10T00:34:53 lat=-0.790 lon=-50.330 mag=3.4 window=+/-120.0s r=1.0deg
MATCHED: 2020-04-30T17:00:25Z -> data/sisbra_all_w24/20200430T170025_usp2020imoa_row4082 picks=4
[2097/3570] SISBRA 2020-05-10T01:34:36 lat=-4.340 lon=-38.230 mag=1.6 window=+/-120.0s r=1.0deg
MATCHED: 2020-04-30T19:26:19Z -> data/sisbra_all_w24/20200430T192618_usp2020imsv_row4083 picks=3
[2098/3570] SISBRA 2020-05-11T04:20:04 lat=-5.280 lon=-40.660 mag=1.6 window=+/-120.0s r=1.0deg
  candidates=1 scored=1
  best=smi:org.gfz-potsdam.de/geofon/usp2020ieht dt_s=0.546 dist_km=0.188 picks<=400.0km=4
  candidates=1 scored=1
  best=smi:org.gfz-potsdam.de/geofon/usp2020ijqi dt_s=0.462 dist_km=0.444 picks<=400.0km=4
MATCHED: 2020-04-26T04:45:05Z -> data/sisbra_all_w24/20200426T044505_usp2020ieht_row4073 picks=4
[2099/3570] SISBRA 2020-05-12T04:29:43 lat=-17.010 lon=-54.330 mag=1.7 window=+/-120.0s r=1.0deg
MATCHED: 2020-04-29T02:45:24Z -> data/sisbra_all_w24/20200429T024524_usp2020ijqi_row4079 picks=4
[2100/3570] SISBRA 2020-05-14T21:24:46 lat=-5.640 lon=-37.500 mag=1.8 window=+/-120.0s r=1.0deg
  candidates=1 scored=1
  best=smi:org.gfz-potsdam.de/geofon/usp2020hmyz dt_s=1.887 dist_km=3.744 picks<=400.0km=6
MATCHED: 2020-04-16T16:59:50Z -> data/sisbra_all_w24/20200416T165951_usp2020hmyz_row4065 picks=6
[2101/3570] SISBRA 2020-05-15T20:01:55 lat=-12.540 lon=-49.180 mag=2.5 window=+/-120.0s r=1.0deg
  candidates=1 scored=1
  best=smi:org.gfz-potsdam.de/geofon/usp2020hssv dt_s=0.771 dist_km=0.599 picks<=400.0km=18
  candidates=1 scored=1
  best=smi:org.gfz-potsdam.de/geofon/usp2020irtd dt_s=0.234 dist_km=0.500 picks<=400.0km=5
  candidates=1 scored=1
  best=smi:org.gfz-potsdam.de/geofon/usp2020iois dt_s=3.435 dist_km=19.627 picks<=400.0km=1
MATCHED: 2020-04-19T20:43:00Z -> data/sisbra_all_w24/20200419T204300_usp2020hssv_row4067 picks=18
[2102/3570] SISBRA 2020-05-15T20:42:26 lat=-8.330 lon=-36.470 mag=1.6 window=+/-120.0s r=1.0deg
MATCHED: 2020-05-03T13:16:07Z -> data/sisbra_all_w24/20200503T131607_usp2020irtd_row4087 picks=5
[2103/3570] SISBRA 2020-05-16T18:36:59 lat=-22.620 lon=-40.650 mag=2.4 window=+/-120.0s r=1.0deg
MATCHED: 2020-05-01T16:35:39Z -> data/sisbra_all_w24/20200501T163542_usp2020iois_row4084 picks=1
[2104/3570] SISBRA 2020-05-16T18:37:02 lat=-22.590 lon=-40.640 mag=2.3 window=+/-120.0s r=1.0deg
  candidates=1 scored=1
  best=smi:org.gfz-potsdam.de/geofon/usp2020iwig dt_s=0.342 dist_km=0.310 picks<=400.0km=2
  candidates=1 scored=1
  best=smi:org.gfz-potsdam.de/geofon/usp2020gssg dt_s=1.212 dist_km=1.336 picks<=400.0km=8
MATCHED: 2020-05-06T01:26:45Z -> data/sisbra_all_w24/20200506T012645_usp2020iwig_row4091 picks=2
[2105/3570] SISBRA 2020-05-17T19:23:23 lat=-5.800 lon=-36.160 mag=2.2 window=+/-120.0s r=1.0deg
  candidates=1 scored=1
  best=smi:org.gfz-potsdam.de/geofon/usp2020izdf dt_s=0.000 dist_km=0.597 picks<=400.0km=2
MATCHED: 2020-04-05T14:52:37Z -> data/sisbra_all_w24/20200405T145235_usp2020gssg_row4055 picks=8
[2106/3570] SISBRA 2020-05-17T23:20:53 lat=-21.630 lon=-39.340 mag=2.8 window=+/-120.0s r=1.0deg
  candidates=1 scored=1
  best=smi:org.gfz-potsdam.de/geofon/usp2020iwik dt_s=0.000 dist_km=0.166 picks<=400.0km=4
  candidates=1 scored=1
  best=smi:org.gfz-potsdam.de/geofon/usp2020jfrm dt_s=0.409 dist_km=0.484 picks<=400.0km=4
MATCHED: 2020-05-06T01:31:39Z -> data/sisbra_all_w24/20200506T013139_usp2020iwik_row4092 picks=4
[2107/3570] SISBRA 2020-05-18T04:45:04 lat=-5.650 lon=-37.510 mag=2.1 window=+/-120.0s r=1.0deg
MATCHED: 2020-05-07T14:18:06Z -> data/sisbra_all_w24/20200507T141806_usp2020izdf_row4093 picks=2
[2108/3570] SISBRA 2020-05-24T07:34:37 lat=-5.740 lon=-36.930 mag=1.7 window=+/-120.0s r=1.0deg
MATCHED: 2020-05-11T04:20:04Z -> data/sisbra_all_w24/20200511T042004_usp2020jfrm_row4100 picks=4
[2109/3570] SISBRA 2020-05-26T05:54:23 lat=-3.900 lon=-39.960 mag=1.2 window=+/-120.0s r=1.0deg
  candidates=1 scored=1
  best=smi:org.gfz-potsdam.de/geofon/usp2020idzv dt_s=0.148 dist_km=1.461 picks<=400.0km=2
  candidates=1 scored=1
  best=smi:org.gfz-potsdam.de/geofon/usp2020ikwz dt_s=1.307 dist_km=0.997 picks<=400.0km=8
MATCHED: 2020-04-26T00:44:42Z -> data/sisbra_all_w24/20200426T004442_usp2020idzv_row4072 picks=2
[2110/3570] SISBRA 2020-05-27T02:20:24 lat=-5.910 lon=-37.380 mag=1.6 window=+/-120.0s r=1.0deg
MATCHED: 2020-04-29T19:15:42Z -> data/sisbra_all_w24/20200429T191540_usp2020ikwz_row4080 picks=8
[2111/3570] SISBRA 2020-05-29T19:37:57 lat=-5.690 lon=-37.510 mag=1.5 window=+/-120.0s r=1.0deg
  candidates=1 scored=1
  candidates=1 scored=1
  best=smi:org.gfz-potsdam.de/geofon/usp2020izwz dt_s=0.623 dist_km=0.632 picks<=400.0km=8
  best=smi:org.gfz-potsdam.de/geofon/usp2020hcmt dt_s=0.601 dist_km=4.031 picks<=400.0km=3
  candidates=1 scored=1
  best=smi:org.gfz-potsdam.de/geofon/usp2020jaqr dt_s=0.775 dist_km=0.580 picks<=400.0km=8
MATCHED: 2020-04-10T23:27:49Z -> data/sisbra_all_w24/20200410T232749_usp2020hcmt_row4062 picks=3
[2112/3570] SISBRA 2020-05-31T13:02:55 lat=-3.300 lon=-40.510 mag=1.6 window=+/-120.0s r=1.0deg
MATCHED: 2020-05-08T00:18:03Z -> data/sisbra_all_w24/20200508T001803_usp2020izwz_row4094 picks=8
[2113/3570] SISBRA 2020-05-31T13:05:42 lat=-15.500 lon=-49.800 mag=3.1 window=+/-120.0s r=1.0deg
  candidates=1 scored=1
  best=smi:org.gfz-potsdam.de/geofon/usp2020jofx dt_s=0.206 dist_km=0.627 picks<=400.0km=3
MATCHED: 2020-05-08T10:14:12Z -> data/sisbra_all_w24/20200508T101412_usp2020jaqr_row4097 picks=8
[2114/3570] SISBRA 2020-06-01T05:08:30 lat=-10.900 lon=-37.910 mag=2.8 window=+/-120.0s r=1.0deg
  candidates=1 scored=1
  best=smi:org.gfz-potsdam.de/geofon/usp2020jmlu dt_s=0.493 dist_km=0.386 picks<=400.0km=5
MATCHED: 2020-05-15T20:42:26Z -> data/sisbra_all_w24/20200515T204226_usp2020jofx_row4104 picks=3
[2115/3570] SISBRA 2020-06-04T22:54:57 lat=-20.650 lon=-43.950 mag=2.6 window=+/-120.0s r=1.0deg
  candidates=1 scored=1
  best=smi:org.gfz-potsdam.de/geofon/usp2020jdqn dt_s=0.608 dist_km=0.219 picks<=400.0km=5
  candidates=1 scored=1
MATCHED: 2020-05-14T21:24:46Z -> data/sisbra_all_w24/20200514T212446_usp2020jmlu_row4102 picks=5
[2116/3570] SISBRA 2020-06-07T23:10:13 lat=-21.060 lon=-48.930 mag=2.2 window=+/-120.0s r=1.0deg
  best=smi:org.gfz-potsdam.de/geofon/usp2020jhnh dt_s=0.317 dist_km=0.292 picks<=400.0km=3
  candidates=1 scored=1
  best=smi:org.gfz-potsdam.de/geofon/usp2020khfd dt_s=0.805 dist_km=0.458 picks<=400.0km=2
MATCHED: 2020-05-10T01:34:36Z -> data/sisbra_all_w24/20200510T013436_usp2020jdqn_row4099 picks=5
[2117/3570] SISBRA 2020-06-08T06:20:11 lat=-19.180 lon=-47.650 mag=2.8 window=+/-120.0s r=1.0deg
MATCHED: 2020-05-12T04:29:43Z -> data/sisbra_all_w24/20200512T042943_usp2020jhnh_row4101 picks=3
[2118/3570] SISBRA 2020-06-08T08:19:11 lat=-10.520 lon=-47.440 mag=2.6 window=+/-120.0s r=1.0deg
MATCHED: 2020-05-26T05:54:23Z -> data/sisbra_all_w24/20200526T055423_usp2020khfd_row4111 picks=2
[2119/3570] SISBRA 2020-06-09T14:31:54 lat=-18.910 lon=-41.910 mag=2.1 window=+/-120.0s r=1.0deg
  candidates=1 scored=1
  best=smi:org.gfz-potsdam.de/geofon/usp2020izxz dt_s=2.239 dist_km=18.575 picks<=400.0km=2
  candidates=1 scored=1
  best=smi:org.gfz-potsdam.de/geofon/usp2020joeo dt_s=0.369 dist_km=1.670 picks<=400.0km=1
MATCHED: 2020-05-15T20:01:55Z -> data/sisbra_all_w24/20200515T200154_usp2020joeo_row4103 picks=1
[2120/3570] SISBRA 2020-06-10T07:52:23 lat=-14.720 lon=-50.430 mag=3.1 window=+/-120.0s r=1.0deg
MATCHED: 2020-05-08T00:48:46Z -> data/sisbra_all_w24/20200508T004843_usp2020izxz_row4095 picks=2
[2121/3570] SISBRA 2020-06-13T15:09:46 lat=-4.530 lon=-60.690 mag=3.2 window=+/-120.0s r=1.0deg
  candidates=2 scored=2
  best=smi:org.gfz-potsdam.de/geofon/usp2019witv dt_s=0.440 dist_km=0.374 picks<=400.0km=0
AMBIGUOUS: 2019-11-14T20:52:26Z -> data/sisbra_all_w24/20191114T205226_usp2019witv_row3937 picks=0
[2122/3570] SISBRA 2020-06-14T01:30:37 lat=-9.060 lon=-75.190 mag=4.2 window=+/-120.0s r=1.0deg
  candidates=1 scored=1
  best=smi:org.gfz-potsdam.de/geofon/usp2020kqwu dt_s=0.012 dist_km=0.177 picks<=400.0km=2
MATCHED: 2020-05-31T13:02:55Z -> data/sisbra_all_w24/20200531T130255_usp2020kqwu_row4114 picks=2
[2123/3570] SISBRA 2020-06-16T21:09:29 lat=-23.340 lon=-45.620 mag=2.4 window=+/-120.0s r=1.0deg
  candidates=1 scored=1
  best=smi:org.gfz-potsdam.de/geofon/usp2020jruh dt_s=0.095 dist_km=4.457 picks<=400.0km=8
  candidates=1 scored=1
  candidates=1 scored=1
  best=smi:org.gfz-potsdam.de/geofon/usp2020jscd dt_s=0.340 dist_km=0.332 picks<=400.0km=9
  best=smi:org.gfz-potsdam.de/geofon/usp2020jpxg dt_s=0.918 dist_km=0.652 picks<=400.0km=6
MATCHED: 2020-05-17T19:23:23Z -> data/sisbra_all_w24/20200517T192323_usp2020jruh_row4107 picks=8
[2124/3570] SISBRA 2020-06-17T01:40:50 lat=-10.730 lon=-62.270 mag=2.9 window=+/-120.0s r=1.0deg
  candidates=1 scored=1
  best=smi:org.gfz-potsdam.de/geofon/usp2020jpxg dt_s=2.082 dist_km=3.927 picks<=400.0km=6
MATCHED: 2020-05-17T23:20:53Z -> data/sisbra_all_w24/20200517T232053_usp2020jscd_row4108 picks=9
[2125/3570] SISBRA 2020-06-18T01:55:38 lat=-5.660 lon=-50.540 mag=2.4 window=+/-120.0s r=1.0deg
  candidates=1 scored=1
  best=smi:org.gfz-potsdam.de/geofon/usp2020knsv dt_s=0.922 dist_km=0.504 picks<=400.0km=4
MATCHED: 2020-05-16T18:36:59Z -> data/sisbra_all_w24/20200516T183659_usp2020jpxg_row4105 picks=6
[2126/3570] SISBRA 2020-06-21T20:05:25 lat=-6.440 lon=-50.060 mag=3.2 window=+/-120.0s r=1.0deg
MATCHED: 2020-05-16T18:37:02Z -> data/sisbra_all_w24/20200516T183659_usp2020jpxg_row4106 picks=6
[2127/3570] SISBRA 2020-06-22T03:57:31 lat=-21.800 lon=-49.930 mag=2.2 window=+/-120.0s r=1.0deg
MATCHED: 2020-05-29T19:37:57Z -> data/sisbra_all_w24/20200529T193757_usp2020knsv_row4113 picks=4
[2128/3570] SISBRA 2020-06-22T20:07:49 lat=-15.400 lon=-59.270 mag=2.1 window=+/-120.0s r=1.0deg
  candidates=1 scored=1
  best=smi:org.gfz-potsdam.de/geofon/usp2020kdrl dt_s=0.824 dist_km=0.518 picks<=400.0km=4
  candidates=1 scored=1
  best=smi:org.gfz-potsdam.de/geofon/usp2020kyyi dt_s=0.732 dist_km=1.022 picks<=400.0km=11
  candidates=1 scored=1
  best=smi:org.gfz-potsdam.de/geofon/usp2020lusx dt_s=0.000 dist_km=0.293 picks<=400.0km=2
  candidates=1 scored=1
  best=smi:org.gfz-potsdam.de/geofon/usp2020fyjb dt_s=0.697 dist_km=6.654 picks<=400.0km=4
MATCHED: 2020-05-24T07:34:37Z -> data/sisbra_all_w24/20200524T073437_usp2020kdrl_row4110 picks=4
[2129/3570] SISBRA 2020-06-25T01:02:57 lat=-21.190 lon=-48.450 mag=2.0 window=+/-120.0s r=1.0deg
NO_MATCH: 2020-06-18T01:55:38Z -> data/sisbra_all_w24/20200618T015538_row4127
[2130/3570] SISBRA 2020-06-26T19:25:01 lat=-23.500 lon=-47.070 mag=1.8 window=+/-120.0s r=1.0deg
  candidates=1 scored=1
  candidates=1 scored=1
  best=smi:org.gfz-potsdam.de/geofon/usp2020kitp dt_s=0.502 dist_km=0.239 picks<=400.0km=3
MATCHED: 2020-06-04T22:54:57Z -> data/sisbra_all_w24/20200604T225457_usp2020kyyi_row4117 picks=11
[2131/3570] SISBRA 2020-06-28T02:23:05 lat=-3.310 lon=-40.510 mag=2.2 window=+/-120.0s r=1.0deg
  best=smi:org.gfz-potsdam.de/geofon/usp2020jdoo dt_s=0.826 dist_km=24.523 picks<=400.0km=0
NO_MATCH: 2020-06-21T20:05:25Z -> data/sisbra_all_w24/20200621T200525_row4128
[2132/3570] SISBRA 2020-06-28T03:53:25 lat=-14.800 lon=-49.820 mag=2.4 window=+/-120.0s r=1.0deg
MATCHED: 2020-05-27T02:20:24Z -> data/sisbra_all_w24/20200527T022024_usp2020kitp_row4112 picks=3
[2133/3570] SISBRA 2020-06-28T13:37:25 lat=-7.980 lon=-75.000 mag=4.5 window=+/-120.0s r=1.0deg
MATCHED: 2020-06-16T21:09:29Z -> data/sisbra_all_w24/20200616T210929_usp2020lusx_row4125 picks=2
[2134/3570] SISBRA 2020-06-29T06:59:14 lat=-3.350 lon=-40.280 mag=1.3 window=+/-120.0s r=1.0deg
MATCHED: 2020-03-25T11:30:39Z -> data/sisbra_all_w24/20200325T113039_usp2020fyjb_row4044 picks=4
[2135/3570] SISBRA 2020-06-29T07:36:22 lat=-3.410 lon=-40.200 mag=1.4 window=+/-120.0s r=1.0deg
MATCHED: 2020-05-10T00:34:53Z -> data/sisbra_all_w24/20200510T003452_usp2020jdoo_row4098 picks=0
[2136/3570] SISBRA 2020-06-29T20:07:40 lat=-3.900 lon=-40.430 mag=1.9 window=+/-120.0s r=1.0deg
  candidates=1 scored=1
  best=smi:org.gfz-potsdam.de/geofon/usp2020lfdl dt_s=0.712 dist_km=0.762 picks<=400.0km=2
  candidates=1 scored=1
MATCHED: 2020-06-08T08:19:11Z -> data/sisbra_all_w24/20200608T081910_usp2020lfdl_row4120 picks=2
[2137/3570] SISBRA 2020-07-02T16:24:30 lat=-20.300 lon=-40.310 mag=1.9 window=+/-120.0s r=1.0deg
  best=smi:org.gfz-potsdam.de/geofon/usp2020huul dt_s=0.298 dist_km=7.776 picks<=400.0km=4
MATCHED: 2020-04-20T23:47:33Z -> data/sisbra_all_w24/20200420T234733_usp2020huul_row4069 picks=4
[2138/3570] SISBRA 2020-07-03T05:32:27 lat=-5.590 lon=-37.530 mag=1.9 window=+/-120.0s r=1.0deg
  candidates=1 scored=1
  best=smi:org.gfz-potsdam.de/geofon/usp2020lhlg dt_s=0.560 dist_km=0.268 picks<=400.0km=9
MATCHED: 2020-06-09T14:31:54Z -> data/sisbra_all_w24/20200609T143154_usp2020lhlg_row4121 picks=9
[2139/3570] SISBRA 2020-07-03T14:32:48 lat=-27.180 lon=-51.540 mag=2.1 window=+/-120.0s r=1.0deg
  candidates=1 scored=1
  best=smi:org.gfz-potsdam.de/geofon/usp2020iuwc dt_s=2.377 dist_km=26.958 picks<=400.0km=4
  candidates=1 scored=1
  best=smi:org.gfz-potsdam.de/geofon/usp2020mjqq dt_s=0.840 dist_km=0.317 picks<=400.0km=4
  candidates=1 scored=1
  best=smi:org.gfz-potsdam.de/geofon/usp2020jsmv dt_s=0.042 dist_km=2.726 picks<=400.0km=10
  candidates=1 scored=1
  best=smi:org.gfz-potsdam.de/geofon/usp2020leli dt_s=0.433 dist_km=0.224 picks<=400.0km=7
MATCHED: 2020-05-05T06:10:50Z -> data/sisbra_all_w24/20200505T061052_usp2020iuwc_row4088 picks=4
[2140/3570] SISBRA 2020-07-04T14:35:36 lat=-3.070 lon=-40.750 mag=1.7 window=+/-120.0s r=1.0deg
MATCHED: 2020-06-25T01:02:57Z -> data/sisbra_all_w24/20200625T010257_usp2020mjqq_row4131 picks=4
[2141/3570] SISBRA 2020-07-05T18:23:42 lat=-5.770 lon=-50.580 mag=3.3 window=+/-120.0s r=1.0deg
MATCHED: 2020-05-18T04:45:04Z -> data/sisbra_all_w24/20200518T044504_usp2020jsmv_row4109 picks=10
[2142/3570] SISBRA 2020-07-07T22:17:14 lat=-2.000 lon=-53.400 mag=3.4 window=+/-120.0s r=1.0deg
MATCHED: 2020-06-07T23:10:13Z -> data/sisbra_all_w24/20200607T231013_usp2020leli_row4118 picks=7
[2143/3570] SISBRA 2020-07-07T23:22:03 lat=-4.360 lon=-38.360 mag=2.5 window=+/-120.0s r=1.0deg
  candidates=1 scored=1
  best=smi:org.gfz-potsdam.de/geofon/usp2020loun dt_s=1.320 dist_km=17.319 picks<=400.0km=1
  candidates=1 scored=1
  best=smi:org.gfz-potsdam.de/geofon/usp2020lvbv dt_s=0.579 dist_km=0.533 picks<=400.0km=1
NO_MATCH: 2020-07-05T18:23:42Z -> data/sisbra_all_w24/20200705T182342_row4143
[2144/3570] SISBRA 2020-07-07T23:22:26 lat=-4.320 lon=-38.380 mag=2.5 window=+/-120.0s r=1.0deg
  candidates=1 scored=1
  best=smi:org.gfz-potsdam.de/geofon/usp2020mrlp dt_s=0.004 dist_km=0.106 picks<=400.0km=2
MATCHED: 2020-06-13T15:09:46Z -> data/sisbra_all_w24/20200613T150947_usp2020loun_row4123 picks=1
[2145/3570] SISBRA 2020-07-08T13:38:18 lat=-5.520 lon=-36.100 mag=1.6 window=+/-120.0s r=1.0deg
MATCHED: 2020-06-17T01:40:50Z -> data/sisbra_all_w24/20200617T014050_usp2020lvbv_row4126 picks=1
[2146/3570] SISBRA 2020-07-08T23:39:57 lat=-8.100 lon=-74.550 mag=4.1 window=+/-120.0s r=1.0deg
MATCHED: 2020-06-29T07:36:22Z -> data/sisbra_all_w24/20200629T073622_usp2020mrlp_row4137 picks=2
[2147/3570] SISBRA 2020-07-09T09:53:10 lat=-8.290 lon=-36.020 mag=1.6 window=+/-120.0s r=1.0deg
  candidates=1 scored=1
  best=smi:org.gfz-potsdam.de/geofon/usp2020mskk dt_s=0.043 dist_km=0.679 picks<=400.0km=2
  candidates=1 scored=1
  candidates=1 scored=1
  best=smi:org.gfz-potsdam.de/geofon/usp2020mrkj dt_s=0.529 dist_km=0.172 picks<=400.0km=2
  best=smi:org.gfz-potsdam.de/geofon/usp2020mpft dt_s=0.876 dist_km=0.566 picks<=400.0km=4
MATCHED: 2020-06-29T20:07:40Z -> data/sisbra_all_w24/20200629T200740_usp2020mskk_row4138 picks=2
[2148/3570] SISBRA 2020-07-09T15:10:18 lat=-23.260 lon=-51.160 mag=1.6 window=+/-120.0s r=1.0deg
  candidates=1 scored=1
  best=smi:org.gfz-potsdam.de/geofon/usp2020kscq dt_s=4.088 dist_km=26.109 picks<=400.0km=0
MATCHED: 2020-06-29T06:59:14Z -> data/sisbra_all_w24/20200629T065914_usp2020mrkj_row4136 picks=2
[2149/3570] SISBRA 2020-07-10T23:08:04 lat=-14.110 lon=-48.620 mag=2.1 window=+/-120.0s r=1.0deg
MATCHED: 2020-06-28T02:23:05Z -> data/sisbra_all_w24/20200628T022305_usp2020mpft_row4133 picks=4
[2150/3570] SISBRA 2020-07-11T14:06:09 lat=-21.140 lon=-49.470 mag=2.2 window=+/-120.0s r=1.0deg
  candidates=1 scored=1
  best=smi:org.gfz-potsdam.de/geofon/usp2020mpit dt_s=3.380 dist_km=8.474 picks<=400.0km=4
MATCHED: 2020-06-28T03:53:25Z -> data/sisbra_all_w24/20200628T035321_usp2020mpit_row4134 picks=4
[2151/3570] SISBRA 2020-07-12T03:58:21 lat=-9.900 lon=-40.020 mag=2.5 window=+/-120.0s r=1.0deg
MATCHED: 2020-06-01T05:08:30Z -> data/sisbra_all_w24/20200601T050825_usp2020kscq_row4116 picks=0
[2152/3570] SISBRA 2020-07-13T02:06:03 lat=-22.610 lon=-43.710 mag=2.2 window=+/-120.0s r=1.0deg
  candidates=1 scored=1
  best=smi:org.gfz-potsdam.de/geofon/usp2020mzhj dt_s=0.793 dist_km=0.389 picks<=400.0km=2
MATCHED: 2020-07-03T14:32:48Z -> data/sisbra_all_w24/20200703T143248_usp2020mzhj_row4141 picks=2
[2153/3570] SISBRA 2020-07-17T14:48:15 lat=-3.510 lon=-40.730 mag=1.9 window=+/-120.0s r=1.0deg
  candidates=1 scored=1
  best=smi:org.gfz-potsdam.de/geofon/usp2020nbcy dt_s=0.970 dist_km=0.499 picks<=400.0km=2
  candidates=1 scored=1
  best=smi:org.gfz-potsdam.de/geofon/usp2020mfpw dt_s=0.725 dist_km=0.577 picks<=400.0km=4
  candidates=1 scored=1
MATCHED: 2020-07-04T14:35:36Z -> data/sisbra_all_w24/20200704T143536_usp2020nbcy_row4142 picks=2
[2154/3570] SISBRA 2020-07-18T18:40:49 lat=-8.360 lon=-36.100 mag=2.0 window=+/-120.0s r=1.0deg
MATCHED: 2020-06-22T20:07:49Z -> data/sisbra_all_w24/20200622T200749_usp2020mfpw_row4130 picks=4
[2155/3570] SISBRA 2020-07-19T17:25:30 lat=-6.450 lon=-50.060 mag=2.5 window=+/-120.0s r=1.0deg
  candidates=1 scored=1
  best=smi:org.gfz-potsdam.de/geofon/usp2020mejw dt_s=0.693 dist_km=0.424 picks<=400.0km=7
  best=smi:org.gfz-potsdam.de/geofon/usp2020jabz dt_s=0.604 dist_km=39.080 picks<=400.0km=4
MATCHED: 2020-06-22T03:57:31Z -> data/sisbra_all_w24/20200622T035731_usp2020mejw_row4129 picks=7
[2156/3570] SISBRA 2020-07-20T02:41:51 lat=-13.590 lon=-44.110 mag=2.5 window=+/-120.0s r=1.0deg
MATCHED: 2020-05-08T02:49:18Z -> data/sisbra_all_w24/20200508T024918_usp2020jabz_row4096 picks=4
[2157/3570] SISBRA 2020-07-20T13:18:45 lat=-3.850 lon=-40.270 mag=2.5 window=+/-120.0s r=1.0deg
  candidates=1 scored=1
  best=smi:org.gfz-potsdam.de/geofon/usp2020nhgv dt_s=0.833 dist_km=4.990 picks<=400.0km=4
  candidates=1 scored=1
  best=smi:org.gfz-potsdam.de/geofon/usp2020mxpo dt_s=0.872 dist_km=0.225 picks<=400.0km=5
NO_MATCH: 2020-07-19T17:25:30Z -> data/sisbra_all_w24/20200719T172530_row4157
[2158/3570] SISBRA 2020-07-21T02:12:38 lat=-7.860 lon=-74.610 mag=4.0 window=+/-120.0s r=1.0deg
NO_MATCH: 2020-07-18T18:40:49Z -> data/sisbra_all_w24/20200718T184049_row4156
[2159/3570] SISBRA 2020-07-22T18:13:43 lat=-17.190 lon=-46.910 mag=2.4 window=+/-120.0s r=1.0deg
MATCHED: 2020-07-07T23:22:03Z -> data/sisbra_all_w24/20200707T232203_usp2020nhgv_row4145 picks=4
[2160/3570] SISBRA 2020-07-23T14:23:12 lat=-24.680 lon=-48.120 mag=2.0 window=+/-120.0s r=1.0deg
MATCHED: 2020-07-02T16:24:30Z -> data/sisbra_all_w24/20200702T162430_usp2020mxpo_row4139 picks=5
[2161/3570] SISBRA 2020-07-24T15:01:16 lat=-10.040 lon=-36.560 mag=2.1 window=+/-120.0s r=1.0deg
  candidates=1 scored=1
  best=smi:org.gfz-potsdam.de/geofon/usp2020nmsw dt_s=0.098 dist_km=0.251 picks<=400.0km=0
  candidates=1 scored=1
  best=smi:org.gfz-potsdam.de/geofon/usp2020mypn dt_s=0.890 dist_km=0.456 picks<=400.0km=8
MATCHED: 2020-07-10T23:08:04Z -> data/sisbra_all_w24/20200710T230804_usp2020nmsw_row4151 picks=0
[2162/3570] SISBRA 2020-07-25T17:06:25 lat=-3.630 lon=-35.180 mag=2.4 window=+/-120.0s r=1.0deg
  candidates=1 scored=1
MATCHED: 2020-07-03T05:32:27Z -> data/sisbra_all_w24/20200703T053227_usp2020mypn_row4140 picks=8
[2163/3570] SISBRA 2020-07-25T20:24:01 lat=-8.380 lon=-36.600 mag=2.4 window=+/-120.0s r=1.0deg
  best=smi:org.gfz-potsdam.de/geofon/usp2020mmwm dt_s=0.005 dist_km=0.380 picks<=400.0km=5
NO_MATCH: 2020-07-24T15:01:16Z -> data/sisbra_all_w24/20200724T150116_row4163
[2164/3570] SISBRA 2020-07-26T20:12:07 lat=-6.440 lon=-50.110 mag=3.0 window=+/-120.0s r=1.0deg
  candidates=1 scored=1
  best=smi:org.gfz-potsdam.de/geofon/usp2020njxd dt_s=0.687 dist_km=0.547 picks<=400.0km=2
MATCHED: 2020-06-26T19:25:01Z -> data/sisbra_all_w24/20200626T192501_usp2020mmwm_row4132 picks=5
[2165/3570] SISBRA 2020-07-28T14:33:00 lat=-6.000 lon=-38.200 mag=2.1 window=+/-120.0s r=1.0deg
  candidates=1 scored=1
  best=smi:org.gfz-potsdam.de/geofon/usp2020lpoz dt_s=0.984 dist_km=18.457 picks<=400.0km=3
MATCHED: 2020-07-09T09:53:10Z -> data/sisbra_all_w24/20200709T095310_usp2020njxd_row4149 picks=2
[2166/3570] SISBRA 2020-07-28T14:49:30 lat=-5.730 lon=-35.880 mag=1.7 window=+/-120.0s r=1.0deg
  candidates=1 scored=1
  best=smi:org.gfz-potsdam.de/geofon/usp2020nywx dt_s=0.683 dist_km=0.407 picks<=400.0km=4
NO_MATCH: 2020-07-26T20:12:07Z -> data/sisbra_all_w24/20200726T201207_row4166
[2167/3570] SISBRA 2020-07-28T19:33:50 lat=-5.750 lon=-35.880 mag=1.8 window=+/-120.0s r=1.0deg
MATCHED: 2020-06-14T01:30:37Z -> data/sisbra_all_w24/20200614T013036_usp2020lpoz_row4124 picks=3
[2168/3570] SISBRA 2020-07-29T08:19:39 lat=-15.010 lon=-38.120 mag=3.8 window=+/-120.0s r=1.0deg
MATCHED: 2020-07-17T14:48:15Z -> data/sisbra_all_w24/20200717T144815_usp2020nywx_row4155 picks=4
[2169/3570] SISBRA 2020-07-31T09:03:45 lat=-16.380 lon=-40.570 mag=2.3 window=+/-120.0s r=1.0deg
  candidates=1 scored=1
  best=smi:org.gfz-potsdam.de/geofon/usp2020litp dt_s=0.353 dist_km=11.732 picks<=400.0km=2
  candidates=1 scored=1
  best=smi:org.gfz-potsdam.de/geofon/usp2020nijb dt_s=0.679 dist_km=0.168 picks<=400.0km=3
MATCHED: 2020-06-10T07:52:23Z -> data/sisbra_all_w24/20200610T075222_usp2020litp_row4122 picks=2
[2170/3570] SISBRA 2020-08-01T23:55:24 lat=-15.150 lon=-40.070 mag=1.9 window=+/-120.0s r=1.0deg
MATCHED: 2020-07-08T13:38:18Z -> data/sisbra_all_w24/20200708T133818_usp2020nijb_row4147 picks=3
[2171/3570] SISBRA 2020-08-04T16:59:07 lat=-8.720 lon=-36.310 mag=2.0 window=+/-120.0s r=1.0deg
  candidates=1 scored=1
  best=smi:org.gfz-potsdam.de/geofon/usp2020nqpt dt_s=0.893 dist_km=0.339 picks<=400.0km=8
  candidates=1 scored=1
NO_MATCH: 2020-08-04T16:59:07Z -> data/sisbra_all_w24/20200804T165907_row4173
[2172/3570] SISBRA 2020-08-04T17:03:41 lat=-8.670 lon=-36.310 mag=2.0 window=+/-120.0s r=1.0deg
  best=smi:org.gfz-potsdam.de/geofon/usp2020kqww dt_s=4.090 dist_km=45.060 picks<=400.0km=1
MATCHED: 2020-07-13T02:06:03Z -> data/sisbra_all_w24/20200713T020603_usp2020nqpt_row4154 picks=8
[2173/3570] SISBRA 2020-08-05T20:17:28 lat=-8.570 lon=-35.840 mag=1.8 window=+/-120.0s r=1.0deg
  candidates=1 scored=1
  best=smi:org.gfz-potsdam.de/geofon/usp2020nhgv dt_s=22.167 dist_km=4.436 picks<=400.0km=4
MATCHED: 2020-05-31T13:05:42Z -> data/sisbra_all_w24/20200531T130546_usp2020kqww_row4115 picks=1
[2174/3570] SISBRA 2020-08-07T03:53:25 lat=-20.260 lon=-43.770 mag=2.1 window=+/-120.0s r=1.0deg
MATCHED: 2020-07-07T23:22:26Z -> data/sisbra_all_w24/20200707T232203_usp2020nhgv_row4146 picks=4
[2175/3570] SISBRA 2020-08-07T21:39:00 lat=-20.270 lon=-43.720 mag=2.7 window=+/-120.0s r=1.0deg
  candidates=1 scored=1
  best=smi:org.gfz-potsdam.de/geofon/usp2020oegm dt_s=0.164 dist_km=0.761 picks<=400.0km=2
MATCHED: 2020-07-20T13:18:45Z -> data/sisbra_all_w24/20200720T131845_usp2020oegm_row4159 picks=2
[2176/3570] SISBRA 2020-08-07T23:45:47 lat=-19.330 lon=-46.700 mag=2.3 window=+/-120.0s r=1.0deg
  candidates=1 scored=1
  best=smi:org.gfz-potsdam.de/geofon/usp2020oihf dt_s=0.899 dist_km=0.215 picks<=400.0km=5
  candidates=1 scored=1
  best=smi:org.gfz-potsdam.de/geofon/usp2020onrm dt_s=0.069 dist_km=1.611 picks<=400.0km=3
MATCHED: 2020-07-22T18:13:43Z -> data/sisbra_all_w24/20200722T181343_usp2020oihf_row4161 picks=5
[2177/3570] SISBRA 2020-08-08T14:41:06 lat=-5.800 lon=-36.200 mag=1.7 window=+/-120.0s r=1.0deg
MATCHED: 2020-07-25T17:06:25Z -> data/sisbra_all_w24/20200725T170625_usp2020onrm_row4164 picks=3
[2178/3570] SISBRA 2020-08-08T21:07:08 lat=-20.260 lon=-43.720 mag=2.8 window=+/-120.0s r=1.0deg
  candidates=1 scored=1
  best=smi:org.gfz-potsdam.de/geofon/usp2020nher dt_s=6.613 dist_km=49.863 picks<=400.0km=1
  candidates=1 scored=1
  best=smi:org.gfz-potsdam.de/geofon/usp2020otiw dt_s=0.071 dist_km=0.609 picks<=400.0km=4
MATCHED: 2020-07-07T22:17:14Z -> data/sisbra_all_w24/20200707T221707_usp2020nher_row4144 picks=1
[2179/3570] SISBRA 2020-08-10T23:47:02 lat=-12.910 lon=-49.770 mag=2.3 window=+/-120.0s r=1.0deg
  candidates=1 scored=1
  best=smi:org.gfz-potsdam.de/geofon/usp2020oyap dt_s=0.029 dist_km=0.180 picks<=400.0km=2
NO_MATCH: 2020-08-08T14:41:06Z -> data/sisbra_all_w24/20200808T144106_row4179
[2180/3570] SISBRA 2020-08-12T07:56:26 lat=-6.380 lon=-50.070 mag=1.7 window=+/-120.0s r=1.0deg
  candidates=2 scored=2
  best=smi:org.gfz-potsdam.de/geofon/usp2020nkhq dt_s=0.908 dist_km=0.630 picks<=400.0km=4
MATCHED: 2020-07-28T19:33:50Z -> data/sisbra_all_w24/20200728T193350_usp2020otiw_row4169 picks=4
[2181/3570] SISBRA 2020-08-12T12:59:26 lat=-5.870 lon=-35.980 mag=1.6 window=+/-120.0s r=1.0deg
MATCHED: 2020-07-31T09:03:45Z -> data/sisbra_all_w24/20200731T090344_usp2020oyap_row4171 picks=2
[2182/3570] SISBRA 2020-08-12T19:32:57 lat=-5.900 lon=-35.990 mag=1.7 window=+/-120.0s r=1.0deg
  candidates=1 scored=1
  candidates=1 scored=1
  best=smi:org.gfz-potsdam.de/geofon/usp2020lezn dt_s=0.140 dist_km=2.711 picks<=400.0km=7
  best=smi:org.gfz-potsdam.de/geofon/usp2020mqca dt_s=3.385 dist_km=25.172 picks<=400.0km=3
  candidates=1 scored=1
  best=smi:org.gfz-potsdam.de/geofon/usp2020osyy dt_s=0.165 dist_km=0.330 picks<=400.0km=6
MATCHED: 2020-07-09T15:10:18Z -> data/sisbra_all_w24/20200709T151018_usp2020nkhq_row4150 picks=4
[2183/3570] SISBRA 2020-08-17T02:24:48 lat=-5.500 lon=-36.060 mag=1.8 window=+/-120.0s r=1.0deg
  candidates=1 scored=1
  best=smi:org.gfz-potsdam.de/geofon/usp2020ojvc dt_s=0.016 dist_km=0.512 picks<=400.0km=6
NO_MATCH: 2020-08-12T07:56:26Z -> data/sisbra_all_w24/20200812T075626_row4182
[2184/3570] SISBRA 2020-08-17T09:06:11 lat=-3.760 lon=-39.750 mag=1.8 window=+/-120.0s r=1.0deg
MATCHED: 2020-06-28T13:37:25Z -> data/sisbra_all_w24/20200628T133721_usp2020mqca_row4135 picks=3
[2185/3570] SISBRA 2020-08-19T04:03:24 lat=-14.490 lon=-53.840 mag=2.0 window=+/-120.0s r=1.0deg
  candidates=1 scored=1
  best=smi:org.gfz-potsdam.de/geofon/usp2020odll dt_s=0.346 dist_km=0.565 picks<=400.0km=2
MATCHED: 2020-07-28T14:33:00Z -> data/sisbra_all_w24/20200728T143259_usp2020osyy_row4167 picks=6
[2186/3570] SISBRA 2020-08-19T13:41:28 lat=-4.200 lon=-40.200 mag=2.0 window=+/-120.0s r=1.0deg
MATCHED: 2020-06-08T06:20:11Z -> data/sisbra_all_w24/20200608T062011_usp2020lezn_row4119 picks=7
[2187/3570] SISBRA 2020-08-19T21:51:02 lat=-12.600 lon=-38.980 mag=1.6 window=+/-120.0s r=1.0deg
MATCHED: 2020-07-20T02:41:51Z -> data/sisbra_all_w24/20200720T024151_usp2020odll_row4158 picks=2
[2188/3570] SISBRA 2020-08-22T01:23:43 lat=-29.375 lon=-50.883 mag=0.8 window=+/-120.0s r=1.0deg
MATCHED: 2020-07-23T14:23:12Z -> data/sisbra_all_w24/20200723T142312_usp2020ojvc_row4162 picks=6
[2189/3570] SISBRA 2020-08-23T09:26:57 lat=-8.260 lon=-36.020 mag=1.6 window=+/-120.0s r=1.0deg
  candidates=1 scored=1
  best=smi:org.gfz-potsdam.de/geofon/usp2020oszm dt_s=0.805 dist_km=0.452 picks<=400.0km=3
  candidates=1 scored=1
  best=smi:org.gfz-potsdam.de/geofon/usp2020piai dt_s=0.858 dist_km=0.415 picks<=400.0km=4
MATCHED: 2020-07-28T14:49:30Z -> data/sisbra_all_w24/20200728T144930_usp2020oszm_row4168 picks=3
[2190/3570] SISBRA 2020-08-24T00:57:40 lat=-3.900 lon=-40.420 mag=2.0 window=+/-120.0s r=1.0deg
  candidates=1 scored=1
  best=smi:org.gfz-potsdam.de/geofon/usp2020nnwn dt_s=0.415 dist_km=1.911 picks<=400.0km=19
MATCHED: 2020-08-05T20:17:28Z -> data/sisbra_all_w24/20200805T201728_usp2020piai_row4175 picks=4
[2191/3570] SISBRA 2020-08-25T03:23:09 lat=-5.270 lon=-38.870 mag=4.0 window=+/-120.0s r=1.0deg
MATCHED: 2020-07-11T14:06:09Z -> data/sisbra_all_w24/20200711T140609_usp2020nnwn_row4152 picks=19
[2192/3570] SISBRA 2020-08-26T07:06:44 lat=-3.650 lon=-40.470 mag=2.0 window=+/-120.0s r=1.0deg
  candidates=1 scored=1
  best=smi:org.gfz-potsdam.de/geofon/usp2020pfyl dt_s=0.672 dist_km=0.608 picks<=400.0km=4
  candidates=1 scored=1
  best=smi:org.gfz-potsdam.de/geofon/usp2020pazn dt_s=0.960 dist_km=0.592 picks<=400.0km=3
NO_MATCH: 2020-08-25T03:23:09Z -> data/sisbra_all_w24/20200825T032309_row4193
[2193/3570] SISBRA 2020-08-26T14:47:43 lat=-3.910 lon=-39.460 mag=1.9 window=+/-120.0s r=1.0deg
MATCHED: 2020-08-04T17:03:41Z -> data/sisbra_all_w24/20200804T170341_usp2020pfyl_row4174 picks=4
[2194/3570] SISBRA 2020-08-27T06:01:52 lat=-8.260 lon=-36.020 mag=1.9 window=+/-120.0s r=1.0deg
MATCHED: 2020-08-01T23:55:24Z -> data/sisbra_all_w24/20200801T235524_usp2020pazn_row4172 picks=3
[2195/3570] SISBRA 2020-08-27T06:18:51 lat=-8.260 lon=-36.020 mag=1.6 window=+/-120.0s r=1.0deg
  candidates=1 scored=1
  best=smi:org.gfz-potsdam.de/geofon/usp2020onya dt_s=0.646 dist_km=0.507 picks<=400.0km=5
  candidates=1 scored=1
  best=smi:org.gfz-potsdam.de/geofon/usp2020plyf dt_s=0.864 dist_km=0.595 picks<=400.0km=8
MATCHED: 2020-07-25T20:24:01Z -> data/sisbra_all_w24/20200725T202401_usp2020onya_row4165 picks=5
[2196/3570] SISBRA 2020-08-27T11:01:22 lat=-8.260 lon=-36.030 mag=1.6 window=+/-120.0s r=1.0deg
  candidates=1 scored=1
  best=smi:org.gfz-potsdam.de/geofon/usp2020putj dt_s=0.212 dist_km=0.538 picks<=400.0km=3
MATCHED: 2020-08-07T23:45:47Z -> data/sisbra_all_w24/20200807T234547_usp2020plyf_row4178 picks=8
[2197/3570] SISBRA 2020-08-29T05:23:29 lat=-5.540 lon=-36.100 mag=2.2 window=+/-120.0s r=1.0deg
  candidates=1 scored=1
  best=smi:org.gfz-potsdam.de/geofon/usp2020qlqm dt_s=1.000 dist_km=0.454 picks<=400.0km=2
  candidates=1 scored=1
  best=smi:org.gfz-potsdam.de/geofon/usp2020prkt dt_s=5.622 dist_km=31.012 picks<=400.0km=2
  candidates=1 scored=1
  best=smi:org.gfz-potsdam.de/geofon/usp2020njcx dt_s=0.211 dist_km=1.893 picks<=400.0km=2
MATCHED: 2020-08-12T19:32:57Z -> data/sisbra_all_w24/20200812T193257_usp2020putj_row4184 picks=3
[2198/3570] SISBRA 2020-08-30T10:43:44 lat=-13.070 lon=-39.470 mag=2.5 window=+/-120.0s r=1.0deg
MATCHED: 2020-08-22T01:23:43Z -> data/sisbra_all_w24/20200822T012344_usp2020qlqm_row4190 picks=2
[2199/3570] SISBRA 2020-08-30T10:44:28 lat=-13.077 lon=-39.482 mag=4.3 window=+/-120.0s r=1.0deg
MATCHED: 2020-08-10T23:47:02Z -> data/sisbra_all_w24/20200810T234656_usp2020prkt_row4181 picks=2
[2200/3570] SISBRA 2020-08-30T11:18:07 lat=-13.069 lon=-39.481 mag=3.7 window=+/-120.0s r=1.0deg
  candidates=1 scored=1
  best=smi:org.gfz-potsdam.de/geofon/usp2020qdcf dt_s=0.098 dist_km=0.285 picks<=400.0km=2
MATCHED: 2020-07-08T23:39:57Z -> data/sisbra_all_w24/20200708T233957_usp2020njcx_row4148 picks=2
[2201/3570] SISBRA 2020-08-30T11:25:15 lat=-13.067 lon=-39.470 mag=2.7 window=+/-120.0s r=1.0deg
  candidates=1 scored=1
  best=smi:org.gfz-potsdam.de/geofon/usp2020qtju dt_s=0.123 dist_km=0.397 picks<=400.0km=2
  candidates=1 scored=1
MATCHED: 2020-08-17T09:06:11Z -> data/sisbra_all_w24/20200817T090610_usp2020qdcf_row4186 picks=2
[2202/3570] SISBRA 2020-08-30T11:48:52 lat=-13.090 lon=-39.590 mag=1.6 window=+/-120.0s r=1.0deg
  best=smi:org.gfz-potsdam.de/geofon/usp2020qgjg dt_s=0.185 dist_km=0.225 picks<=400.0km=3
  candidates=1 scored=1
  best=smi:org.gfz-potsdam.de/geofon/usp2020qhsl dt_s=0.926 dist_km=0.214 picks<=400.0km=2
MATCHED: 2020-08-19T04:03:24Z -> data/sisbra_all_w24/20200819T040324_usp2020qgjg_row4187 picks=3
[2203/3570] SISBRA 2020-08-30T11:57:09 lat=-13.076 lon=-39.461 mag=2.8 window=+/-120.0s r=1.0deg
MATCHED: 2020-08-19T21:51:02Z -> data/sisbra_all_w24/20200819T215102_usp2020qhsl_row4189 picks=2
[2204/3570] SISBRA 2020-08-30T12:08:14 lat=-13.070 lon=-39.470 mag=2.3 window=+/-120.0s r=1.0deg
MATCHED: 2020-08-26T07:06:44Z -> data/sisbra_all_w24/20200826T070644_usp2020qtju_row4194 picks=2
[2205/3570] SISBRA 2020-08-30T12:08:26 lat=-13.000 lon=-39.580 mag=2.0 window=+/-120.0s r=1.0deg
  candidates=1 scored=1
  best=smi:org.gfz-potsdam.de/geofon/usp2020qobx dt_s=0.092 dist_km=0.149 picks<=400.0km=3
  candidates=1 scored=1
  best=smi:org.gfz-potsdam.de/geofon/usp2020noxy dt_s=0.630 dist_km=7.339 picks<=400.0km=4
  candidates=1 scored=1
  best=smi:org.gfz-potsdam.de/geofon/usp2020pugk dt_s=0.080 dist_km=0.585 picks<=400.0km=3
  candidates=1 scored=1
  best=smi:org.gfz-potsdam.de/geofon/usp2020qcoz dt_s=0.211 dist_km=2.969 picks<=400.0km=3
MATCHED: 2020-08-23T09:26:57Z -> data/sisbra_all_w24/20200823T092657_usp2020qobx_row4191 picks=3
[2206/3570] SISBRA 2020-08-30T12:11:42 lat=-13.070 lon=-39.470 mag=2.2 window=+/-120.0s r=1.0deg
MATCHED: 2020-07-12T03:58:21Z -> data/sisbra_all_w24/20200712T035821_usp2020noxy_row4153 picks=4
[2207/3570] SISBRA 2020-08-30T12:21:48 lat=-13.070 lon=-39.470 mag=1.8 window=+/-120.0s r=1.0degMATCHED: 2020-08-12T12:59:26Z -> data/sisbra_all_w24/20200812T125926_usp2020pugk_row4183 picks=3
[2208/3570] SISBRA 2020-08-30T13:41:43 lat=-13.070 lon=-39.470 mag=1.6 window=+/-120.0s r=1.0deg

NO_MATCH: 2020-08-30T11:48:52Z -> data/sisbra_all_w24/20200830T114852_row4204
[2209/3570] SISBRA 2020-08-30T20:12:00 lat=-13.000 lon=-39.580 mag=2.6 window=+/-120.0s r=1.0deg
  candidates=1 scored=1
  best=smi:org.gfz-potsdam.de/geofon/usp2020qhci dt_s=0.428 dist_km=0.391 picks<=400.0km=2
MATCHED: 2020-08-17T02:24:48Z -> data/sisbra_all_w24/20200817T022447_usp2020qcoz_row4185 picks=3
[2210/3570] SISBRA 2020-08-30T21:09:18 lat=-13.070 lon=-39.470 mag=1.6 window=+/-120.0s r=1.0deg
MATCHED: 2020-08-19T13:41:28Z -> data/sisbra_all_w24/20200819T134127_usp2020qhci_row4188 picks=2
[2211/3570] SISBRA 2020-08-30T21:11:44 lat=-13.070 lon=-39.470 mag=2.3 window=+/-120.0s r=1.0deg
  candidates=1 scored=1
  candidates=1 scored=1
  best=smi:org.gfz-potsdam.de/geofon/usp2020qpgq dt_s=0.896 dist_km=0.416 picks<=400.0km=2
  best=smi:org.gfz-potsdam.de/geofon/usp2020pkkw dt_s=0.524 dist_km=0.609 picks<=400.0km=9
MATCHED: 2020-08-07T03:53:25Z -> data/sisbra_all_w24/20200807T035325_usp2020pkkw_row4176 picks=9
[2212/3570] SISBRA 2020-08-31T06:41:48 lat=-13.070 lon=-39.481 mag=3.5 window=+/-120.0s r=1.0deg
MATCHED: 2020-08-24T00:57:40Z -> data/sisbra_all_w24/20200824T005740_usp2020qpgq_row4192 picks=2
[2213/3570] SISBRA 2020-08-31T07:27:28 lat=-5.500 lon=-36.070 mag=1.8 window=+/-120.0s r=1.0deg
  candidates=1 scored=1
NO_MATCH: 2020-08-30T20:12:00Z -> data/sisbra_all_w24/20200830T201200_row4211
[2214/3570] SISBRA 2020-08-31T15:36:52 lat=-3.560 lon=-40.710 mag=2.7 window=+/-120.0s r=1.0deg
  best=smi:org.gfz-potsdam.de/geofon/usp2020offz dt_s=0.450 dist_km=15.328 picks<=400.0km=4
  candidates=1 scored=1
  best=smi:org.gfz-potsdam.de/geofon/usp2020qvds dt_s=0.776 dist_km=0.491 picks<=400.0km=3
MATCHED: 2020-07-21T02:12:38Z -> data/sisbra_all_w24/20200721T021238_usp2020offz_row4160 picks=4
[2215/3570] SISBRA 2020-08-31T17:26:20 lat=-3.450 lon=-39.990 mag=2.0 window=+/-120.0s r=1.0deg
MATCHED: 2020-08-27T06:18:51Z -> data/sisbra_all_w24/20200827T061851_usp2020qvds_row4197 picks=3
[2216/3570] SISBRA 2020-09-01T06:31:36 lat=-13.070 lon=-39.470 mag=1.8 window=+/-120.0s r=1.0deg
  candidates=1 scored=1
  best=smi:org.gfz-potsdam.de/geofon/usp2020qtza dt_s=0.004 dist_km=1.487 picks<=400.0km=6
  candidates=1 scored=1
  best=smi:org.gfz-potsdam.de/geofon/usp2020rbbt dt_s=11.159 dist_km=2.778 picks<=400.0km=8
MATCHED: 2020-08-26T14:47:43Z -> data/sisbra_all_w24/20200826T144743_usp2020qtza_row4195 picks=6
[2217/3570] SISBRA 2020-09-01T09:36:28 lat=-13.070 lon=-39.470 mag=2.5 window=+/-120.0s r=1.0deg
  candidates=1 scored=1
  best=smi:org.gfz-potsdam.de/geofon/usp2020qvde dt_s=0.869 dist_km=0.221 picks<=400.0km=3
  candidates=1 scored=1
  best=smi:org.gfz-potsdam.de/geofon/usp2020qvnb dt_s=0.847 dist_km=0.507 picks<=400.0km=2
MATCHED: 2020-08-30T12:08:26Z -> data/sisbra_all_w24/20200830T120814_usp2020rbbt_row4207 picks=8
[2218/3570] SISBRA 2020-09-01T09:37:11 lat=-13.040 lon=-39.390 mag=2.2 window=+/-120.0s r=1.0deg
MATCHED: 2020-08-27T11:01:22Z -> data/sisbra_all_w24/20200827T110122_usp2020qvnb_row4198 picks=2
[2219/3570] SISBRA 2020-09-01T11:32:45 lat=-10.150 lon=-36.920 mag=2.4 window=+/-120.0s r=1.0deg
MATCHED: 2020-08-27T06:01:52Z -> data/sisbra_all_w24/20200827T060152_usp2020qvde_row4196 picks=3
[2220/3570] SISBRA 2020-09-01T13:25:57 lat=-13.000 lon=-39.580 mag=2.0 window=+/-120.0s r=1.0deg
  candidates=1 scored=1
  best=smi:org.gfz-potsdam.de/geofon/usp2020qysx dt_s=0.380 dist_km=16.265 picks<=400.0km=3
MATCHED: 2020-08-29T05:23:29Z -> data/sisbra_all_w24/20200829T052329_usp2020qysx_row4199 picks=3
[2221/3570] SISBRA 2020-09-02T01:01:19 lat=-5.510 lon=-36.080 mag=2.0 window=+/-120.0s r=1.0deg
NO_MATCH: 2020-09-01T13:25:57Z -> data/sisbra_all_w24/20200901T132557_row4222
[2222/3570] SISBRA 2020-09-02T02:21:57 lat=-10.120 lon=-36.530 mag=2.1 window=+/-120.0s r=1.0deg
  candidates=1 scored=1
  best=smi:org.gfz-potsdam.de/geofon/usp2020rcoa dt_s=0.916 dist_km=0.330 picks<=400.0km=2
  candidates=1 scored=1
  best=smi:org.gfz-potsdam.de/geofon/usp2020rded dt_s=0.197 dist_km=0.229 picks<=400.0km=4
  candidates=1 scored=1
  best=smi:org.gfz-potsdam.de/geofon/usp2020rbbw dt_s=0.809 dist_km=15.955 picks<=400.0km=4
MATCHED: 2020-08-31T07:27:28Z -> data/sisbra_all_w24/20200831T072728_usp2020rcoa_row4215 picks=2
[2223/3570] SISBRA 2020-09-02T16:36:33 lat=-13.070 lon=-39.470 mag=1.7 window=+/-120.0s r=1.0deg
NO_MATCH: 2020-09-02T02:21:57Z -> data/sisbra_all_w24/20200902T022157_row4224
[2224/3570] SISBRA 2020-09-03T02:21:57 lat=-10.120 lon=-36.930 mag=2.1 window=+/-120.0s r=1.0deg
MATCHED: 2020-08-31T15:36:52Z -> data/sisbra_all_w24/20200831T153652_usp2020rded_row4216 picks=4
[2225/3570] SISBRA 2020-09-03T03:12:50 lat=-5.510 lon=-36.010 mag=1.9 window=+/-120.0s r=1.0deg
MATCHED: 2020-08-30T12:11:42Z -> data/sisbra_all_w24/20200830T121142_usp2020rbbw_row4208 picks=4
[2226/3570] SISBRA 2020-09-03T11:39:12 lat=-29.378 lon=-50.882 mag=0.8 window=+/-120.0s r=1.0deg
  candidates=1 scored=1
  best=smi:org.gfz-potsdam.de/geofon/usp2020rbew dt_s=0.044 dist_km=22.184 picks<=400.0km=4
MATCHED: 2020-08-30T13:41:43Z -> data/sisbra_all_w24/20200830T134143_usp2020rbew_row4210 picks=4
[2227/3570] SISBRA 2020-09-03T11:57:20 lat=-29.378 lon=-50.882 mag=1.3 window=+/-120.0s r=1.0deg
  candidates=1 scored=1
  best=smi:org.gfz-potsdam.de/geofon/usp2020rbtq dt_s=0.766 dist_km=13.710 picks<=400.0km=6
  candidates=1 scored=1
  best=smi:org.gfz-potsdam.de/geofon/usp2020rdht dt_s=0.141 dist_km=0.104 picks<=400.0km=4
  candidates=1 scored=1
  best=smi:org.gfz-potsdam.de/geofon/usp2020rbts dt_s=0.836 dist_km=12.155 picks<=400.0km=8
MATCHED: 2020-08-31T17:26:20Z -> data/sisbra_all_w24/20200831T172620_usp2020rdht_row4217 picks=4
[2228/3570] SISBRA 2020-09-04T02:30:48 lat=-9.840 lon=-36.980 mag=2.0 window=+/-120.0s r=1.0deg
NO_MATCH: 2020-09-03T11:39:12Z -> data/sisbra_all_w24/20200903T113912_row4228
[2229/3570] SISBRA 2020-09-04T16:16:10 lat=-29.100 lon=-53.220 mag=2.2 window=+/-120.0s r=1.0deg
NO_MATCH: 2020-09-03T11:57:20Z -> data/sisbra_all_w24/20200903T115720_row4229
[2230/3570] SISBRA 2020-09-04T17:02:54 lat=-22.020 lon=-47.850 mag=2.5 window=+/-120.0s r=1.0deg
MATCHED: 2020-08-30T21:09:18Z -> data/sisbra_all_w24/20200830T210918_usp2020rbtq_row4212 picks=6
[2231/3570] SISBRA 2020-09-04T17:07:20 lat=-29.377 lon=-50.885 mag=1.1 window=+/-120.0s r=1.0deg
MATCHED: 2020-08-30T21:11:44Z -> data/sisbra_all_w24/20200830T211144_usp2020rbts_row4213 picks=8
[2232/3570] SISBRA 2020-09-05T20:18:21 lat=-9.950 lon=-36.950 mag=2.2 window=+/-120.0s r=1.0deg
  candidates=1 scored=1
  best=smi:org.gfz-potsdam.de/geofon/usp2020rbaj dt_s=0.732 dist_km=15.419 picks<=400.0km=5
  candidates=1 scored=1
  best=smi:org.gfz-potsdam.de/geofon/usp2020rbcf dt_s=0.872 dist_km=15.360 picks<=400.0km=4
  candidates=1 scored=1
  best=smi:org.gfz-potsdam.de/geofon/usp2020rent dt_s=42.088 dist_km=22.137 picks<=400.0km=8
  candidates=1 scored=1
MATCHED: 2020-08-30T11:25:15Z -> data/sisbra_all_w24/20200830T112515_usp2020rbaj_row4203 picks=5
[2233/3570] SISBRA 2020-09-06T00:33:24 lat=-9.840 lon=-36.990 mag=2.1 window=+/-120.0s r=1.0deg
  best=smi:org.gfz-potsdam.de/geofon/usp2020ouid dt_s=1.281 dist_km=5.437 picks<=400.0km=5
  candidates=1 scored=1
  best=smi:org.gfz-potsdam.de/geofon/usp2020rayz dt_s=2.370 dist_km=13.676 picks<=400.0km=7
MATCHED: 2020-08-30T12:21:48Z -> data/sisbra_all_w24/20200830T122148_usp2020rbcf_row4209 picks=4
[2234/3570] SISBRA 2020-09-06T03:58:35 lat=-9.840 lon=-36.990 mag=1.8 window=+/-120.0s r=1.0deg
MATCHED: 2020-09-01T09:37:11Z -> data/sisbra_all_w24/20200901T093628_usp2020rent_row4220 picks=8
[2235/3570] SISBRA 2020-09-06T04:45:23 lat=-5.740 lon=-50.480 mag=2.3 window=+/-120.0s r=1.0deg
MATCHED: 2020-08-30T10:43:44Z -> data/sisbra_all_w24/20200830T104346_usp2020rayz_row4200 picks=7
[2236/3570] SISBRA 2020-09-06T05:23:42 lat=-18.760 lon=-47.110 mag=2.8 window=+/-120.0s r=1.0deg
MATCHED: 2020-07-29T08:19:39Z -> data/sisbra_all_w24/20200729T081937_usp2020ouid_row4170 picks=5
[2237/3570] SISBRA 2020-09-09T01:23:00 lat=-29.377 lon=-50.885 mag=0.5 window=+/-120.0s r=1.0deg
  candidates=1 scored=1
  best=smi:org.gfz-potsdam.de/geofon/usp2020plua dt_s=1.250 dist_km=2.683 picks<=400.0km=15
MATCHED: 2020-08-07T21:39:00Z -> data/sisbra_all_w24/20200807T213901_usp2020plua_row4177 picks=15
[2238/3570] SISBRA 2020-09-09T02:18:11 lat=-8.290 lon=-36.030 mag=1.9 window=+/-120.0s r=1.0deg
  candidates=1 scored=1
  best=smi:org.gfz-potsdam.de/geofon/usp2020rehr dt_s=0.862 dist_km=15.710 picks<=400.0km=4
NO_MATCH: 2020-09-06T04:45:23Z -> data/sisbra_all_w24/20200906T044523_row4237
[2239/3570] SISBRA 2020-09-09T03:09:13 lat=-8.290 lon=-36.030 mag=1.7 window=+/-120.0s r=1.0deg
NO_MATCH: 2020-09-09T01:23:00Z -> data/sisbra_all_w24/20200909T012300_row4239
[2240/3570] SISBRA 2020-09-09T05:37:29 lat=-8.290 lon=-36.030 mag=1.5 window=+/-120.0s r=1.0deg
MATCHED: 2020-09-01T06:31:36Z -> data/sisbra_all_w24/20200901T063136_usp2020rehr_row4218 picks=4
[2241/3570] SISBRA 2020-09-09T05:40:12 lat=-8.290 lon=-36.030 mag=1.6 window=+/-120.0s r=1.0deg
  candidates=1 scored=1
  best=smi:org.gfz-potsdam.de/geofon/usp2020rfsg dt_s=0.991 dist_km=0.362 picks<=400.0km=2
  candidates=1 scored=1
  best=smi:org.gfz-potsdam.de/geofon/usp2020rhsd dt_s=0.596 dist_km=0.505 picks<=400.0km=2
MATCHED: 2020-09-03T03:12:50Z -> data/sisbra_all_w24/20200903T031250_usp2020rhsd_row4227 picks=2
[2242/3570] SISBRA 2020-09-09T13:35:13 lat=-8.280 lon=-36.050 mag=2.5 window=+/-120.0s r=1.0deg
  candidates=1 scored=1
  best=smi:org.gfz-potsdam.de/geofon/usp2020rerp dt_s=0.841 dist_km=10.395 picks<=400.0km=3
MATCHED: 2020-09-02T01:01:19Z -> data/sisbra_all_w24/20200902T010119_usp2020rfsg_row4223 picks=2
[2243/3570] SISBRA 2020-09-10T06:29:43 lat=-8.280 lon=-36.050 mag=1.6 window=+/-120.0s r=1.0deg
  candidates=1 scored=1
  best=smi:org.gfz-potsdam.de/geofon/usp2020rngd dt_s=0.000 dist_km=0.686 picks<=400.0km=1
  candidates=1 scored=1
MATCHED: 2020-09-01T11:32:45Z -> data/sisbra_all_w24/20200901T113244_usp2020rerp_row4221 picks=3
[2244/3570] SISBRA 2020-09-10T18:20:42 lat=-11.540 lon=-55.890 mag=2.6 window=+/-120.0s r=1.0deg
  best=smi:org.gfz-potsdam.de/geofon/usp2020rent dt_s=0.912 dist_km=14.991 picks<=400.0km=8
  candidates=1 scored=1
  best=smi:org.gfz-potsdam.de/geofon/usp2020rknl dt_s=0.041 dist_km=0.537 picks<=400.0km=4
MATCHED: 2020-09-06T03:58:35Z -> data/sisbra_all_w24/20200906T035835_usp2020rngd_row4236 picks=1
[2245/3570] SISBRA 2020-09-10T19:44:43 lat=-7.880 lon=-38.790 mag=2.3 window=+/-120.0s r=1.0deg
MATCHED: 2020-09-01T09:36:28Z -> data/sisbra_all_w24/20200901T093628_usp2020rent_row4219 picks=8
[2246/3570] SISBRA 2020-09-11T05:25:08 lat=-8.270 lon=-36.050 mag=1.6 window=+/-120.0s r=1.0deg
NO_MATCH: 2020-09-09T13:35:13Z -> data/sisbra_all_w24/20200909T133513_row4244
[2247/3570] SISBRA 2020-09-11T05:29:10 lat=-8.280 lon=-36.050 mag=2.3 window=+/-120.0s r=1.0deg
MATCHED: 2020-09-04T16:16:10Z -> data/sisbra_all_w24/20200904T161610_usp2020rknl_row4231 picks=4
[2248/3570] SISBRA 2020-09-11T09:57:06 lat=-8.280 lon=-36.050 mag=2.4 window=+/-120.0s r=1.0deg
  candidates=1 scored=1
  best=smi:org.gfz-potsdam.de/geofon/usp2020rgxd dt_s=0.851 dist_km=16.159 picks<=400.0km=2
  candidates=1 scored=1
  best=smi:org.gfz-potsdam.de/geofon/usp2020rbbt dt_s=0.841 dist_km=15.742 picks<=400.0km=8
  candidates=1 scored=1
  best=smi:org.gfz-potsdam.de/geofon/usp2020rsra dt_s=0.766 dist_km=0.435 picks<=400.0km=3
MATCHED: 2020-08-30T12:08:14Z -> data/sisbra_all_w24/20200830T120814_usp2020rbbt_row4206 picks=8
[2249/3570] SISBRA 2020-09-11T09:57:59 lat=-8.280 lon=-36.050 mag=2.4 window=+/-120.0s r=1.0deg
MATCHED: 2020-09-02T16:36:33Z -> data/sisbra_all_w24/20200902T163633_usp2020rgxd_row4225 picks=2
[2250/3570] SISBRA 2020-09-12T02:29:07 lat=-5.480 lon=-36.090 mag=2.2 window=+/-120.0s r=1.0deg
MATCHED: 2020-09-09T03:09:13Z -> data/sisbra_all_w24/20200909T030913_usp2020rsra_row4241 picks=3
[2251/3570] SISBRA 2020-09-12T12:28:45 lat=-15.320 lon=-46.580 mag=2.3 window=+/-120.0s r=1.0deg
  candidates=1 scored=1
  best=smi:org.gfz-potsdam.de/geofon/usp2020rbac dt_s=0.109 dist_km=13.390 picks<=400.0km=4
MATCHED: 2020-08-30T11:18:07Z -> data/sisbra_all_w24/20200830T111807_usp2020rbac_row4202 picks=4
[2252/3570] SISBRA 2020-09-13T08:21:51 lat=-9.660 lon=-47.540 mag=1.5 window=+/-120.0s r=1.0deg
  candidates=1 scored=1
  best=smi:org.gfz-potsdam.de/geofon/usp2020rbbk dt_s=0.699 dist_km=17.554 picks<=400.0km=4
  candidates=1 scored=1
  best=smi:org.gfz-potsdam.de/geofon/usp2020rhql dt_s=0.783 dist_km=0.409 picks<=400.0km=3
  candidates=2 scored=2
  best=smi:org.gfz-potsdam.de/geofon/usp2020rkpd dt_s=0.000 dist_km=0.366 picks<=400.0km=2
MATCHED: 2020-08-30T11:57:09Z -> data/sisbra_all_w24/20200830T115709_usp2020rbbk_row4205 picks=4
[2253/3570] SISBRA 2020-09-13T09:17:17 lat=-9.680 lon=-47.530 mag=1.9 window=+/-120.0s r=1.0deg
  candidates=1 scored=1
  best=smi:org.gfz-potsdam.de/geofon/usp2020rsvx dt_s=0.836 dist_km=0.369 picks<=400.0km=3
MATCHED: 2020-09-03T02:21:57Z -> data/sisbra_all_w24/20200903T022157_usp2020rhql_row4226 picks=3
[2254/3570] SISBRA 2020-09-13T19:19:37 lat=-6.400 lon=-50.090 mag=3.3 window=+/-120.0s r=1.0deg
MATCHED: 2020-09-04T17:07:20Z -> data/sisbra_all_w24/20200904T170720_usp2020rkpd_row4233 picks=2
[2255/3570] SISBRA 2020-09-14T07:41:27 lat=-8.280 lon=-36.050 mag=1.6 window=+/-120.0s r=1.0deg
  candidates=1 scored=1
  best=smi:org.gfz-potsdam.de/geofon/usp2020rutd dt_s=0.874 dist_km=0.384 picks<=400.0km=2
NO_MATCH: 2020-09-13T08:21:51Z -> data/sisbra_all_w24/20200913T082151_row4254
[2256/3570] SISBRA 2020-09-14T10:51:52 lat=-8.280 lon=-36.050 mag=1.8 window=+/-120.0s r=1.0deg
  candidates=1 scored=1
  best=smi:org.gfz-potsdam.de/geofon/usp2020rmqy dt_s=0.849 dist_km=13.972 picks<=400.0km=2
MATCHED: 2020-09-09T05:37:29Z -> data/sisbra_all_w24/20200909T053729_usp2020rsvx_row4242 picks=3
[2257/3570] SISBRA 2020-09-14T18:44:40 lat=-10.990 lon=-39.450 mag=2.3 window=+/-120.0s r=1.0deg
  candidates=1 scored=1
  best=smi:org.gfz-potsdam.de/geofon/usp2020rvqp dt_s=0.223 dist_km=0.572 picks<=400.0km=1
MATCHED: 2020-09-10T06:29:43Z -> data/sisbra_all_w24/20200910T062943_usp2020rutd_row4245 picks=2
[2258/3570] SISBRA 2020-09-15T13:59:48 lat=-8.420 lon=-38.770 mag=2.0 window=+/-120.0s r=1.0deg
MATCHED: 2020-09-05T20:18:21Z -> data/sisbra_all_w24/20200905T201821_usp2020rmqy_row4234 picks=2
[2259/3570] SISBRA 2020-09-15T15:03:55 lat=-22.560 lon=-47.900 mag=2.6 window=+/-120.0s r=1.0deg
  candidates=1 scored=1
MATCHED: 2020-09-10T18:20:42Z -> data/sisbra_all_w24/20200910T182042_usp2020rvqp_row4246 picks=1
[2260/3570] SISBRA 2020-09-15T20:10:17 lat=-5.500 lon=-35.840 mag=2.0 window=+/-120.0s r=1.0deg
  best=smi:org.gfz-potsdam.de/geofon/usp2020pnon dt_s=1.250 dist_km=2.564 picks<=400.0km=25
NO_MATCH: 2020-09-13T19:19:37Z -> data/sisbra_all_w24/20200913T191937_row4256
[2261/3570] SISBRA 2020-09-17T14:43:33 lat=-10.140 lon=-36.980 mag=1.9 window=+/-120.0s r=1.0deg
  candidates=1 scored=1
  best=smi:org.gfz-potsdam.de/geofon/usp2020rmzj dt_s=0.787 dist_km=0.464 picks<=400.0km=2
  candidates=1 scored=1
  best=smi:org.gfz-potsdam.de/geofon/usp2020rsvz dt_s=0.870 dist_km=0.272 picks<=400.0km=3
NO_MATCH: 2020-09-13T09:17:17Z -> data/sisbra_all_w24/20200913T091717_row4255
[2262/3570] SISBRA 2020-09-18T21:43:57 lat=0.890 lon=-26.900 mag=6.2 window=+/-120.0s r=1.0deg
MATCHED: 2020-08-08T21:07:08Z -> data/sisbra_all_w24/20200808T210709_usp2020pnon_row4180 picks=25
[2263/3570] SISBRA 2020-09-19T09:06:10 lat=-3.150 lon=-41.190 mag=2.6 window=+/-120.0s r=1.0deg
MATCHED: 2020-09-06T00:33:24Z -> data/sisbra_all_w24/20200906T003324_usp2020rmzj_row4235 picks=2
[2264/3570] SISBRA 2020-09-20T13:02:01 lat=-5.830 lon=-50.470 mag=1.8 window=+/-120.0s r=1.0deg
MATCHED: 2020-09-09T05:40:12Z -> data/sisbra_all_w24/20200909T054012_usp2020rsvz_row4243 picks=3
[2265/3570] SISBRA 2020-09-20T15:50:42 lat=-6.390 lon=-50.010 mag=2.9 window=+/-120.0s r=1.0deg
NO_MATCH: 2020-09-14T18:44:40Z -> data/sisbra_all_w24/20200914T184440_row4259
[2266/3570] SISBRA 2020-09-20T16:44:19 lat=-5.800 lon=-50.600 mag=3.1 window=+/-120.0s r=1.0deg
  candidates=1 scored=1
  best=smi:org.gfz-potsdam.de/geofon/usp2020rjmf dt_s=0.791 dist_km=0.603 picks<=400.0km=3
  candidates=1 scored=1
  best=smi:org.gfz-potsdam.de/geofon/usp2020rspi dt_s=0.901 dist_km=0.369 picks<=400.0km=3
MATCHED: 2020-09-09T02:18:11Z -> data/sisbra_all_w24/20200909T021811_usp2020rspi_row4240 picks=3
[2267/3570] SISBRA 2020-09-21T05:00:37 lat=-5.620 lon=-36.310 mag=1.7 window=+/-120.0s r=1.0deg
MATCHED: 2020-09-04T02:30:48Z -> data/sisbra_all_w24/20200904T023048_usp2020rjmf_row4230 picks=3
[2268/3570] SISBRA 2020-09-21T14:53:49 lat=-3.970 lon=-40.370 mag=2.4 window=+/-120.0s r=1.0deg
  candidates=1 scored=1
  best=smi:org.gfz-potsdam.de/geofon/usp2020ryvz dt_s=0.787 dist_km=0.396 picks<=400.0km=3
MATCHED: 2020-09-12T12:28:45Z -> data/sisbra_all_w24/20200912T122845_usp2020ryvz_row4253 picks=3
[2269/3570] SISBRA 2020-09-23T05:31:13 lat=-8.280 lon=-36.040 mag=1.6 window=+/-120.0s r=1.0deg
  candidates=1 scored=1
  best=smi:org.gfz-potsdam.de/geofon/usp2020rwmn dt_s=0.892 dist_km=0.343 picks<=400.0km=3
NO_MATCH: 2020-09-20T13:02:01Z -> data/sisbra_all_w24/20200920T130201_row4266
[2270/3570] SISBRA 2020-09-23T21:30:44 lat=-19.990 lon=-54.170 mag=2.4 window=+/-120.0s r=1.0deg
  candidates=1 scored=1
  best=smi:org.gfz-potsdam.de/geofon/usp2020rwvm dt_s=0.455 dist_km=3.219 picks<=400.0km=6
MATCHED: 2020-09-11T05:25:08Z -> data/sisbra_all_w24/20200911T052508_usp2020rwmn_row4248 picks=3
[2271/3570] SISBRA 2020-09-25T00:49:34 lat=-21.930 lon=-50.500 mag=2.4 window=+/-120.0s r=1.0deg
NO_MATCH: 2020-09-20T15:50:42Z -> data/sisbra_all_w24/20200920T155042_row4267
[2272/3570] SISBRA 2020-09-25T19:43:37 lat=-16.970 lon=-53.320 mag=2.4 window=+/-120.0s r=1.0deg
NO_MATCH: 2020-09-20T16:44:19Z -> data/sisbra_all_w24/20200920T164419_row4268
[2273/3570] SISBRA 2020-09-25T19:45:56 lat=-16.940 lon=-53.340 mag=2.2 window=+/-120.0s r=1.0deg
MATCHED: 2020-09-11T09:57:06Z -> data/sisbra_all_w24/20200911T095706_usp2020rwvm_row4250 picks=6
[2274/3570] SISBRA 2020-09-26T04:59:48 lat=-5.530 lon=-36.040 mag=1.6 window=+/-120.0s r=1.0deg
  candidates=1 scored=1
  best=smi:org.gfz-potsdam.de/geofon/usp2020rvtj dt_s=0.702 dist_km=0.313 picks<=400.0km=1
  candidates=1 scored=1
  best=smi:org.gfz-potsdam.de/geofon/usp2020rycf dt_s=0.251 dist_km=4.934 picks<=400.0km=2
  candidates=1 scored=1
  best=smi:org.gfz-potsdam.de/geofon/usp2020sexs dt_s=0.875 dist_km=0.345 picks<=400.0km=3
MATCHED: 2020-09-15T20:10:17Z -> data/sisbra_all_w24/20200915T201017_usp2020sexs_row4262 picks=3
[2275/3570] SISBRA 2020-09-26T06:03:19 lat=-5.530 lon=-36.050 mag=2.0 window=+/-120.0s r=1.0deg
  candidates=1 scored=1
  best=smi:org.gfz-potsdam.de/geofon/usp2020raza dt_s=2.150 dist_km=2.997 picks<=400.0km=12
MATCHED: 2020-09-10T19:44:43Z -> data/sisbra_all_w24/20200910T194443_usp2020rvtj_row4247 picks=1
[2276/3570] SISBRA 2020-09-27T19:42:00 lat=-6.440 lon=-50.090 mag=3.1 window=+/-120.0s r=1.0deg
MATCHED: 2020-09-12T02:29:07Z -> data/sisbra_all_w24/20200912T022906_usp2020rycf_row4252 picks=2
[2277/3570] SISBRA 2020-09-29T02:28:00 lat=-2.950 lon=-40.660 mag=2.0 window=+/-120.0s r=1.0deg
MATCHED: 2020-08-30T10:44:28Z -> data/sisbra_all_w24/20200830T104430_usp2020raza_row4201 picks=12
[2278/3570] SISBRA 2020-09-29T02:30:53 lat=-2.960 lon=-40.650 mag=1.5 window=+/-120.0s r=1.0deg
NO_MATCH: 2020-09-26T04:59:48Z -> data/sisbra_all_w24/20200926T045948_row4276
[2279/3570] SISBRA 2020-09-29T14:39:44 lat=-29.392 lon=-50.890 mag=1.0 window=+/-120.0s r=1.0deg
  candidates=1 scored=1
  best=smi:org.gfz-potsdam.de/geofon/usp2020rkpa dt_s=0.688 dist_km=3.158 picks<=400.0km=9
  candidates=1 scored=1
  best=smi:org.gfz-potsdam.de/geofon/usp2020scju dt_s=0.835 dist_km=0.100 picks<=400.0km=3
  candidates=1 scored=1
  best=smi:org.gfz-potsdam.de/geofon/usp2020rwmq dt_s=0.906 dist_km=0.325 picks<=400.0km=6
NO_MATCH: 2020-09-27T19:42:00Z -> data/sisbra_all_w24/20200927T194200_row4278
[2280/3570] SISBRA 2020-09-29T19:52:57 lat=-5.450 lon=-35.960 mag=1.6 window=+/-120.0s r=1.0deg
MATCHED: 2020-09-04T17:02:54Z -> data/sisbra_all_w24/20200904T170254_usp2020rkpa_row4232 picks=9
[2281/3570] SISBRA 2020-09-29T20:02:51 lat=-5.870 lon=-35.930 mag=2.3 window=+/-120.0s r=1.0deg
  candidates=1 scored=1
  best=smi:org.gfz-potsdam.de/geofon/usp2020scdn dt_s=0.809 dist_km=0.188 picks<=400.0km=4
NO_MATCH: 2020-09-29T14:39:44Z -> data/sisbra_all_w24/20200929T143944_row4281
[2282/3570] SISBRA 2020-09-29T20:15:12 lat=-3.610 lon=-40.690 mag=1.9 window=+/-120.0s r=1.0deg
MATCHED: 2020-09-14T10:51:52Z -> data/sisbra_all_w24/20200914T105152_usp2020scju_row4258 picks=3
[2283/3570] SISBRA 2020-09-29T20:20:53 lat=-10.740 lon=-46.610 mag=3.0 window=+/-120.0s r=1.0deg
MATCHED: 2020-09-11T05:29:10Z -> data/sisbra_all_w24/20200911T052910_usp2020rwmq_row4249 picks=6
[2284/3570] SISBRA 2020-10-02T03:16:49 lat=-29.363 lon=-50.889 mag=0.6 window=+/-120.0s r=1.0deg
  candidates=1 scored=1
  best=smi:org.gfz-potsdam.de/geofon/usp2020soss dt_s=0.972 dist_km=0.096 picks<=400.0km=3
MATCHED: 2020-09-14T07:41:27Z -> data/sisbra_all_w24/20200914T074127_usp2020scdn_row4257 picks=4
[2285/3570] SISBRA 2020-10-02T20:26:19 lat=-21.000 lon=-44.630 mag=2.6 window=+/-120.0s r=1.0deg
MATCHED: 2020-09-21T05:00:37Z -> data/sisbra_all_w24/20200921T050037_usp2020soss_row4269 picks=3
[2286/3570] SISBRA 2020-10-05T10:38:56 lat=-8.280 lon=-74.440 mag=4.3 window=+/-120.0s r=1.0deg
  candidates=1 scored=1
  best=smi:org.gfz-potsdam.de/geofon/usp2020selm dt_s=0.598 dist_km=0.398 picks<=400.0km=1
  candidates=1 scored=1
  best=smi:org.gfz-potsdam.de/geofon/usp2020rwvm dt_s=52.545 dist_km=3.219 picks<=400.0km=6
NO_MATCH: 2020-10-02T03:16:49Z -> data/sisbra_all_w24/20201002T031649_row4286
[2287/3570] SISBRA 2020-10-05T22:58:40 lat=-11.400 lon=-48.450 mag=2.8 window=+/-120.0s r=1.0deg
MATCHED: 2020-09-15T13:59:48Z -> data/sisbra_all_w24/20200915T135948_usp2020selm_row4260 picks=1
[2288/3570] SISBRA 2020-10-10T18:20:56 lat=-5.810 lon=-50.500 mag=3.0 window=+/-120.0s r=1.0deg
MATCHED: 2020-09-11T09:57:59Z -> data/sisbra_all_w24/20200911T095706_usp2020rwvm_row4251 picks=6
[2289/3570] SISBRA 2020-10-10T18:23:59 lat=-5.830 lon=-50.430 mag=1.0 window=+/-120.0s r=1.0deg
NO_MATCH: 2020-10-02T20:26:19Z -> data/sisbra_all_w24/20201002T202619_row4287
[2290/3570] SISBRA 2020-10-10T18:39:16 lat=-5.740 lon=-50.550 mag=3.0 window=+/-120.0s r=1.0deg
  candidates=1 scored=1
  best=smi:org.gfz-potsdam.de/geofon/usp2020sxdy dt_s=0.180 dist_km=8.391 picks<=400.0km=5
  candidates=1 scored=1
  best=smi:org.gfz-potsdam.de/geofon/usp2020spmh dt_s=0.617 dist_km=0.458 picks<=400.0km=2
MATCHED: 2020-09-21T14:53:49Z -> data/sisbra_all_w24/20200921T145349_usp2020spmh_row4270 picks=2
[2291/3570] SISBRA 2020-10-11T01:07:58 lat=-8.280 lon=-50.330 mag=2.9 window=+/-120.0s r=1.0deg
NO_MATCH: 2020-10-05T22:58:40Z -> data/sisbra_all_w24/20201005T225840_row4289
[2292/3570] SISBRA 2020-10-11T08:53:49 lat=-5.810 lon=-50.490 mag=2.0 window=+/-120.0s r=1.0deg
NO_MATCH: 2020-10-10T18:20:56Z -> data/sisbra_all_w24/20201010T182056_row4290
[2293/3570] SISBRA 2020-10-12T18:54:18 lat=-8.260 lon=-35.970 mag=1.6 window=+/-120.0s r=1.0deg
NO_MATCH: 2020-10-10T18:23:59Z -> data/sisbra_all_w24/20201010T182359_row4291
[2294/3570] SISBRA 2020-10-13T07:01:04 lat=-5.530 lon=-36.060 mag=2.1 window=+/-120.0s r=1.0deg
MATCHED: 2020-09-25T19:45:56Z -> data/sisbra_all_w24/20200925T194555_usp2020sxdy_row4275 picks=5
[2295/3570] SISBRA 2020-10-13T19:41:55 lat=-8.280 lon=-36.020 mag=2.0 window=+/-120.0s r=1.0deg
NO_MATCH: 2020-10-10T18:39:16Z -> data/sisbra_all_w24/20201010T183916_row4292
[2296/3570] SISBRA 2020-10-13T21:09:24 lat=-8.360 lon=-74.200 mag=5.1 window=+/-120.0s r=1.0deg
  candidates=1 scored=1
  best=smi:org.gfz-potsdam.de/geofon/usp2020sidy dt_s=0.775 dist_km=0.163 picks<=400.0km=2
MATCHED: 2020-09-17T14:43:33Z -> data/sisbra_all_w24/20200917T144333_usp2020sidy_row4263 picks=2
[2297/3570] SISBRA 2020-10-14T06:28:18 lat=-11.760 lon=-49.550 mag=1.4 window=+/-120.0s r=1.0deg
  candidates=1 scored=1
  best=smi:org.gfz-potsdam.de/geofon/usp2020tdds dt_s=0.643 dist_km=0.459 picks<=400.0km=2
  candidates=1 scored=1
  best=smi:org.gfz-potsdam.de/geofon/usp2020tddv dt_s=0.984 dist_km=0.701 picks<=400.0km=2
  candidates=1 scored=1
  best=smi:org.gfz-potsdam.de/geofon/usp2020sljv dt_s=1.129 dist_km=1.913 picks<=400.0km=3
MATCHED: 2020-09-29T02:28:00Z -> data/sisbra_all_w24/20200929T022800_usp2020tdds_row4279 picks=2
[2298/3570] SISBRA 2020-10-15T07:01:00 lat=-8.790 lon=-35.260 mag=2.1 window=+/-120.0s r=1.0deg
MATCHED: 2020-09-29T02:30:53Z -> data/sisbra_all_w24/20200929T023053_usp2020tddv_row4280 picks=2
[2299/3570] SISBRA 2020-10-15T14:56:15 lat=-3.550 lon=-40.710 mag=2.1 window=+/-120.0s r=1.0deg
NO_MATCH: 2020-10-11T08:53:49Z -> data/sisbra_all_w24/20201011T085349_row4294
[2300/3570] SISBRA 2020-10-15T15:51:24 lat=-8.810 lon=-35.190 mag=2.1 window=+/-120.0s r=1.0deg
NO_MATCH: 2020-10-13T19:41:55Z -> data/sisbra_all_w24/20201013T194155_row4297
[2301/3570] SISBRA 2020-10-16T23:14:50 lat=-19.250 lon=-45.380 mag=2.8 window=+/-120.0s r=1.0deg
MATCHED: 2020-09-19T09:06:10Z -> data/sisbra_all_w24/20200919T090611_usp2020sljv_row4265 picks=3
[2302/3570] SISBRA 2020-10-17T14:11:29 lat=-10.390 lon=-47.620 mag=2.4 window=+/-120.0s r=1.0deg
  candidates=1 scored=1
  best=smi:org.gfz-potsdam.de/geofon/usp2020sskt dt_s=0.974 dist_km=0.344 picks<=400.0km=4
MATCHED: 2020-09-23T05:31:13Z -> data/sisbra_all_w24/20200923T053113_usp2020sskt_row4271 picks=4
[2303/3570] SISBRA 2020-10-17T16:54:30 lat=-20.520 lon=-39.520 mag=3.3 window=+/-120.0s r=1.0deg
NO_MATCH: 2020-10-14T06:28:18Z -> data/sisbra_all_w24/20201014T062818_row4299
[2304/3570] SISBRA 2020-10-17T17:04:59 lat=-6.520 lon=-39.250 mag=2.3 window=+/-120.0s r=1.0deg
  candidates=1 scored=1
  best=smi:org.gfz-potsdam.de/geofon/usp2020temx dt_s=0.118 dist_km=0.355 picks<=400.0km=2
NO_MATCH: 2020-10-15T07:01:00Z -> data/sisbra_all_w24/20201015T070100_row4300
[2305/3570] SISBRA 2020-10-18T02:21:17 lat=-20.950 lon=-46.730 mag=2.2 window=+/-120.0s r=1.0deg
MATCHED: 2020-09-29T20:15:12Z -> data/sisbra_all_w24/20200929T201512_usp2020temx_row4284 picks=2
[2306/3570] SISBRA 2020-10-18T08:36:29 lat=-17.550 lon=-41.010 mag=2.5 window=+/-120.0s r=1.0deg
  candidates=1 scored=1
  best=smi:org.gfz-potsdam.de/geofon/usp2020svsl dt_s=0.522 dist_km=2.281 picks<=400.0km=5
NO_MATCH: 2020-10-17T14:11:29Z -> data/sisbra_all_w24/20201017T141129_row4304
[2307/3570] SISBRA 2020-10-19T21:48:11 lat=-8.310 lon=-36.050 mag=2.3 window=+/-120.0s r=1.0deg
  candidates=1 scored=1
  best=smi:org.gfz-potsdam.de/geofon/usp2020temn dt_s=0.521 dist_km=0.642 picks<=400.0km=3
MATCHED: 2020-09-25T00:49:34Z -> data/sisbra_all_w24/20200925T004934_usp2020svsl_row4273 picks=5
[2308/3570] SISBRA 2020-10-21T11:36:57 lat=-8.340 lon=-35.960 mag=2.3 window=+/-120.0s r=1.0deg
MATCHED: 2020-09-29T20:02:51Z -> data/sisbra_all_w24/20200929T200251_usp2020temn_row4283 picks=3
[2309/3570] SISBRA 2020-10-24T16:45:59 lat=-7.080 lon=-49.910 mag=2.5 window=+/-120.0s r=1.0deg
  candidates=1 scored=1
  best=smi:org.gfz-potsdam.de/geofon/usp2020rniy dt_s=0.238 dist_km=11.399 picks<=400.0km=15
NO_MATCH: 2020-10-17T17:04:59Z -> data/sisbra_all_w24/20201017T170459_row4306
[2310/3570] SISBRA 2020-10-26T03:39:47 lat=-7.380 lon=-74.700 mag=3.9 window=+/-120.0s r=1.0deg
  candidates=1 scored=1
  best=smi:org.gfz-potsdam.de/geofon/usp2020ucdu dt_s=0.821 dist_km=0.197 picks<=400.0km=3
  candidates=1 scored=1
  best=smi:org.gfz-potsdam.de/geofon/usp2020teme dt_s=0.450 dist_km=0.487 picks<=400.0km=2
NO_MATCH: 2020-10-21T11:36:57Z -> data/sisbra_all_w24/20201021T113657_row4310
[2311/3570] SISBRA 2020-10-27T16:09:14 lat=-14.250 lon=-38.790 mag=2.3 window=+/-120.0s r=1.0deg
NO_MATCH: 2020-10-19T21:48:11Z -> data/sisbra_all_w24/20201019T214811_row4309
[2312/3570] SISBRA 2020-10-27T18:22:14 lat=-8.250 lon=-35.950 mag=2.0 window=+/-120.0s r=1.0deg
NO_MATCH: 2020-10-18T08:36:29Z -> data/sisbra_all_w24/20201018T083629_row4308
[2313/3570] SISBRA 2020-10-28T06:54:45 lat=-19.290 lon=-45.390 mag=2.3 window=+/-120.0s r=1.0deg
MATCHED: 2020-09-06T05:23:42Z -> data/sisbra_all_w24/20200906T052342_usp2020rniy_row4238 picks=15
[2314/3570] SISBRA 2020-10-29T18:27:32 lat=-3.900 lon=-40.460 mag=2.0 window=+/-120.0s r=1.0deg
MATCHED: 2020-09-29T19:52:57Z -> data/sisbra_all_w24/20200929T195257_usp2020teme_row4282 picks=2
[2315/3570] SISBRA 2020-10-29T19:25:34 lat=-5.740 lon=-35.890 mag=2.2 window=+/-120.0s r=1.0deg
NO_MATCH: 2020-10-24T16:45:59Z -> data/sisbra_all_w24/20201024T164559_row4311
[2316/3570] SISBRA 2020-10-29T19:34:46 lat=-8.340 lon=-36.160 mag=2.0 window=+/-120.0s r=1.0deg
MATCHED: 2020-10-12T18:54:18Z -> data/sisbra_all_w24/20201012T185418_usp2020ucdu_row4295 picks=3
[2317/3570] SISBRA 2020-10-30T08:22:53 lat=-10.730 lon=-44.080 mag=2.4 window=+/-120.0s r=1.0deg
NO_MATCH: 2020-10-27T18:22:14Z -> data/sisbra_all_w24/20201027T182214_row4314
[2318/3570] SISBRA 2020-11-01T01:03:13 lat=-8.260 lon=-35.970 mag=1.5 window=+/-120.0s r=1.0deg
NO_MATCH: 2020-10-27T16:09:14Z -> data/sisbra_all_w24/20201027T160914_row4313
[2319/3570] SISBRA 2020-11-01T01:04:18 lat=-8.260 lon=-35.970 mag=1.5 window=+/-120.0s r=1.0deg
  candidates=1 scored=1
  best=smi:org.gfz-potsdam.de/geofon/usp2020uhkg dt_s=0.787 dist_km=0.622 picks<=400.0km=3
  candidates=1 scored=1
  best=smi:org.gfz-potsdam.de/geofon/usp2020udbt dt_s=0.977 dist_km=0.354 picks<=400.0km=2
NO_MATCH: 2020-10-30T08:22:53Z -> data/sisbra_all_w24/20201030T082253_row4319
[2320/3570] SISBRA 2020-11-01T02:25:09 lat=-8.260 lon=-35.940 mag=1.3 window=+/-120.0s r=1.0deg
NO_MATCH: 2020-10-29T19:34:46Z -> data/sisbra_all_w24/20201029T193446_row4318
[2321/3570] SISBRA 2020-11-02T04:06:39 lat=-18.040 lon=-40.790 mag=2.1 window=+/-120.0s r=1.0deg
MATCHED: 2020-10-15T15:51:24Z -> data/sisbra_all_w24/20201015T155124_usp2020uhkg_row4302 picks=3
[2322/3570] SISBRA 2020-11-02T11:00:03 lat=-8.330 lon=-36.050 mag=1.4 window=+/-120.0s r=1.0deg
MATCHED: 2020-10-13T07:01:04Z -> data/sisbra_all_w24/20201013T070104_usp2020udbt_row4296 picks=2
[2323/3570] SISBRA 2020-11-03T02:11:41 lat=-13.950 lon=-39.410 mag=1.7 window=+/-120.0s r=1.0deg
  candidates=1 scored=1
  best=smi:org.gfz-potsdam.de/geofon/usp2020tenc dt_s=0.263 dist_km=0.159 picks<=400.0km=2
  candidates=1 scored=1
  best=smi:org.gfz-potsdam.de/geofon/usp2020stqk dt_s=0.480 dist_km=1.533 picks<=400.0km=6
MATCHED: 2020-09-29T20:20:53Z -> data/sisbra_all_w24/20200929T202053_usp2020tenc_row4285 picks=2
[2324/3570] SISBRA 2020-11-04T04:04:34 lat=-8.210 lon=-35.090 mag=1.9 window=+/-120.0s r=1.0deg
  candidates=1 scored=1
  best=smi:org.gfz-potsdam.de/geofon/usp2020sxyi dt_s=0.902 dist_km=0.149 picks<=400.0km=3
NO_MATCH: 2020-11-02T11:00:03Z -> data/sisbra_all_w24/20201102T110003_row4324
[2325/3570] SISBRA 2020-11-04T05:48:45 lat=-13.900 lon=-45.660 mag=2.4 window=+/-120.0s r=1.0deg
  candidates=1 scored=1
  best=smi:org.gfz-potsdam.de/geofon/usp2020tyzc dt_s=0.755 dist_km=0.363 picks<=400.0km=4
MATCHED: 2020-09-23T21:30:44Z -> data/sisbra_all_w24/20200923T213044_usp2020stqk_row4272 picks=6
[2326/3570] SISBRA 2020-11-04T15:23:48 lat=-14.550 lon=-38.670 mag=2.1 window=+/-120.0s r=1.0deg
NO_MATCH: 2020-11-03T02:11:41Z -> data/sisbra_all_w24/20201103T021141_row4325
[2327/3570] SISBRA 2020-11-05T06:52:12 lat=-16.640 lon=-57.050 mag=2.2 window=+/-120.0s r=1.0deg
  candidates=1 scored=1
  best=smi:org.gfz-potsdam.de/geofon/usp2020ujuk dt_s=0.296 dist_km=4.027 picks<=400.0km=5
MATCHED: 2020-09-26T06:03:19Z -> data/sisbra_all_w24/20200926T060319_usp2020sxyi_row4277 picks=3
[2328/3570] SISBRA 2020-11-06T19:08:20 lat=-5.740 lon=-35.910 mag=2.0 window=+/-120.0s r=1.0deg
MATCHED: 2020-10-11T01:07:58Z -> data/sisbra_all_w24/20201011T010758_usp2020tyzc_row4293 picks=4
[2329/3570] SISBRA 2020-11-07T16:06:32 lat=-29.390 lon=-51.930 mag=1.9 window=+/-120.0s r=1.0deg
  candidates=1 scored=1
MATCHED: 2020-10-16T23:14:50Z -> data/sisbra_all_w24/20201016T231450_usp2020ujuk_row4303 picks=5
[2330/3570] SISBRA 2020-11-08T12:40:50 lat=-5.320 lon=-42.220 mag=2.3 window=+/-120.0s r=1.0deg
  best=smi:org.gfz-potsdam.de/geofon/usp2020rcmh dt_s=1.780 dist_km=4.899 picks<=400.0km=6
NO_MATCH: 2020-11-04T05:48:45Z -> data/sisbra_all_w24/20201104T054845_row4327
[2331/3570] SISBRA 2020-11-09T13:15:54 lat=-2.930 lon=-40.470 mag=2.3 window=+/-120.0s r=1.0deg
NO_MATCH: 2020-11-04T04:04:34Z -> data/sisbra_all_w24/20201104T040434_row4326
[2332/3570] SISBRA 2020-11-09T16:59:59 lat=-8.350 lon=-36.000 mag=1.8 window=+/-120.0s r=1.0deg
MATCHED: 2020-08-31T06:41:48Z -> data/sisbra_all_w24/20200831T064149_usp2020rcmh_row4214 picks=6
[2333/3570] SISBRA 2020-11-10T10:33:51 lat=-10.800 lon=-39.620 mag=2.0 window=+/-120.0s r=1.0deg
NO_MATCH: 2020-11-04T15:23:48Z -> data/sisbra_all_w24/20201104T152348_row4328
[2334/3570] SISBRA 2020-11-11T15:41:20 lat=-7.020 lon=-37.320 mag=1.6 window=+/-120.0s r=1.0deg
NO_MATCH: 2020-11-05T06:52:12Z -> data/sisbra_all_w24/20201105T065212_row4329
[2335/3570] SISBRA 2020-11-12T09:35:30 lat=-8.270 lon=-35.970 mag=1.9 window=+/-120.0s r=1.0deg
  candidates=1 scored=1
  best=smi:org.gfz-potsdam.de/geofon/usp2020sxdw dt_s=0.661 dist_km=0.080 picks<=400.0km=4
NO_MATCH: 2020-11-06T19:08:20Z -> data/sisbra_all_w24/20201106T190820_row4330
[2336/3570] SISBRA 2020-11-13T00:28:56 lat=-8.920 lon=-74.800 mag=4.7 window=+/-120.0s r=1.0deg
MATCHED: 2020-09-25T19:43:37Z -> data/sisbra_all_w24/20200925T194337_usp2020sxdw_row4274 picks=4
[2337/3570] SISBRA 2020-11-13T05:30:37 lat=-3.270 lon=-40.940 mag=1.8 window=+/-120.0s r=1.0deg
NO_MATCH: 2020-11-08T12:40:50Z -> data/sisbra_all_w24/20201108T124050_row4332
[2338/3570] SISBRA 2020-11-17T09:40:56 lat=-8.260 lon=-35.980 mag=2.0 window=+/-120.0s r=1.0deg
NO_MATCH: 2020-11-09T13:15:54Z -> data/sisbra_all_w24/20201109T131554_row4333
[2339/3570] SISBRA 2020-11-17T15:25:07 lat=-3.660 lon=-40.610 mag=2.1 window=+/-120.0s r=1.0deg
  candidates=1 scored=1
  best=smi:org.gfz-potsdam.de/geofon/usp2020uhil dt_s=0.271 dist_km=0.619 picks<=400.0km=2
NO_MATCH: 2020-11-10T10:33:51Z -> data/sisbra_all_w24/20201110T103351_row4335
[2340/3570] SISBRA 2020-11-17T20:35:44 lat=-8.290 lon=-36.050 mag=1.6 window=+/-120.0s r=1.0deg
NO_MATCH: 2020-11-11T15:41:20Z -> data/sisbra_all_w24/20201111T154120_row4336
[2341/3570] SISBRA 2020-11-18T15:01:56 lat=-6.550 lon=-36.380 mag=1.8 window=+/-120.0s r=1.0deg
NO_MATCH: 2020-11-09T16:59:59Z -> data/sisbra_all_w24/20201109T165959_row4334
[2342/3570] SISBRA 2020-11-20T02:50:57 lat=-10.530 lon=-48.650 mag=2.2 window=+/-120.0s r=1.0deg
MATCHED: 2020-10-15T14:56:15Z -> data/sisbra_all_w24/20201015T145615_usp2020uhil_row4301 picks=2
[2343/3570] SISBRA 2020-11-20T02:51:01 lat=-10.510 lon=-48.500 mag=2.1 window=+/-120.0s r=1.0deg
NO_MATCH: 2020-11-17T15:25:07Z -> data/sisbra_all_w24/20201117T152507_row4341
[2344/3570] SISBRA 2020-11-20T17:44:48 lat=-8.280 lon=-35.970 mag=1.8 window=+/-120.0s r=1.0deg
NO_MATCH: 2020-11-13T05:30:37Z -> data/sisbra_all_w24/20201113T053037_row4339
[2345/3570] SISBRA 2020-11-20T18:41:59 lat=-10.270 lon=-55.650 mag=2.8 window=+/-120.0s r=1.0deg
  candidates=1 scored=1
  best=smi:org.gfz-potsdam.de/geofon/usp2020uldj dt_s=0.006 dist_km=3.657 picks<=400.0km=6
NO_MATCH: 2020-11-17T20:35:44Z -> data/sisbra_all_w24/20201117T203544_row4342
[2346/3570] SISBRA 2020-11-20T20:48:54 lat=-7.570 lon=-74.810 mag=4.5 window=+/-120.0s r=1.0deg
MATCHED: 2020-10-17T16:54:30Z -> data/sisbra_all_w24/20201017T165429_usp2020uldj_row4305 picks=6
[2347/3570] SISBRA 2020-11-22T18:36:02 lat=-6.370 lon=-50.130 mag=3.0 window=+/-120.0s r=1.0deg
NO_MATCH: 2020-11-18T15:01:56Z -> data/sisbra_all_w24/20201118T150156_row4343
[2348/3570] SISBRA 2020-11-23T05:06:06 lat=-16.500 lon=-40.490 mag=2.2 window=+/-120.0s r=1.0deg
  candidates=1 scored=1
  candidates=1 scored=1
  best=smi:org.gfz-potsdam.de/geofon/usp2020vllf dt_s=0.798 dist_km=0.494 picks<=400.0km=2
  best=smi:org.gfz-potsdam.de/geofon/usp2020ulwb dt_s=0.593 dist_km=0.296 picks<=400.0km=8
  candidates=1 scored=1
  best=smi:org.gfz-potsdam.de/geofon/usp2020senp dt_s=0.857 dist_km=0.084 picks<=400.0km=9
  candidates=1 scored=1
  best=smi:org.gfz-potsdam.de/geofon/usp2020vnkb dt_s=0.298 dist_km=0.709 picks<=400.0km=5
MATCHED: 2020-11-01T02:25:09Z -> data/sisbra_all_w24/20201101T022509_usp2020vllf_row4322 picks=2
[2349/3570] SISBRA 2020-11-25T21:28:13 lat=-14.600 lon=-55.140 mag=2.4 window=+/-120.0s r=1.0deg
NO_MATCH: 2020-11-22T18:36:02Z -> data/sisbra_all_w24/20201122T183602_row4349
[2350/3570] SISBRA 2020-11-29T05:31:42 lat=-21.360 lon=-48.390 mag=2.2 window=+/-120.0s r=1.0deg
MATCHED: 2020-11-02T04:06:39Z -> data/sisbra_all_w24/20201102T040639_usp2020vnkb_row4323 picks=5
[2351/3570] SISBRA 2020-11-29T15:05:39 lat=-6.480 lon=-50.150 mag=2.9 window=+/-120.0s r=1.0deg
MATCHED: 2020-10-18T02:21:17Z -> data/sisbra_all_w24/20201018T022117_usp2020ulwb_row4307 picks=8
[2352/3570] SISBRA 2020-11-29T15:35:16 lat=-9.980 lon=-40.000 mag=2.5 window=+/-120.0s r=1.0deg
MATCHED: 2020-09-15T15:03:55Z -> data/sisbra_all_w24/20200915T150355_usp2020senp_row4261 picks=9
[2353/3570] SISBRA 2020-11-29T23:07:35 lat=-5.830 lon=-50.600 mag=2.8 window=+/-120.0s r=1.0deg
  candidates=1 scored=1
  best=smi:org.gfz-potsdam.de/geofon/usp2020vaor dt_s=0.406 dist_km=0.696 picks<=400.0km=4
  candidates=1 scored=1
  best=smi:org.gfz-potsdam.de/geofon/usp2020vhgj dt_s=0.625 dist_km=0.319 picks<=400.0km=3
MATCHED: 2020-10-26T03:39:47Z -> data/sisbra_all_w24/20201026T033947_usp2020vaor_row4312 picks=4
[2354/3570] SISBRA 2020-12-01T03:07:26 lat=-4.550 lon=-39.350 mag=1.8 window=+/-120.0s r=1.0deg
NO_MATCH: 2020-11-29T15:05:39Z -> data/sisbra_all_w24/20201129T150539_row4353
[2355/3570] SISBRA 2020-12-01T13:15:34 lat=-21.210 lon=-42.300 mag=2.2 window=+/-120.0s r=1.0deg
  candidates=1 scored=1
  best=smi:org.gfz-potsdam.de/geofon/usp2020vhel dt_s=0.175 dist_km=0.508 picks<=400.0km=2
NO_MATCH: 2020-11-29T23:07:35Z -> data/sisbra_all_w24/20201129T230735_row4355
[2356/3570] SISBRA 2020-12-02T11:42:26 lat=-6.760 lon=-36.140 mag=1.9 window=+/-120.0s r=1.0deg
MATCHED: 2020-10-29T19:25:34Z -> data/sisbra_all_w24/20201029T192534_usp2020vhgj_row4317 picks=3
[2357/3570] SISBRA 2020-12-02T22:08:30 lat=-21.340 lon=-47.740 mag=2.3 window=+/-120.0s r=1.0deg
MATCHED: 2020-10-29T18:27:32Z -> data/sisbra_all_w24/20201029T182732_usp2020vhel_row4316 picks=2
[2358/3570] SISBRA 2020-12-04T07:08:24 lat=-2.800 lon=-44.750 mag=3.7 window=+/-120.0s r=1.0deg
NO_MATCH: 2020-12-01T03:07:26Z -> data/sisbra_all_w24/20201201T030726_row4356
[2359/3570] SISBRA 2020-12-06T00:10:55 lat=-5.810 lon=-50.500 mag=0.9 window=+/-120.0s r=1.0deg
  candidates=1 scored=1
  best=smi:org.gfz-potsdam.de/geofon/usp2020wvid dt_s=0.759 dist_km=0.274 picks<=400.0km=5
  candidates=1 scored=1
  best=smi:org.gfz-potsdam.de/geofon/usp2020wpfq dt_s=0.891 dist_km=0.719 picks<=400.0km=5
NO_MATCH: 2020-12-02T11:42:26Z -> data/sisbra_all_w24/20201202T114226_row4358
[2360/3570] SISBRA 2020-12-06T06:26:02 lat=-5.790 lon=-50.540 mag=0.8 window=+/-120.0s r=1.0deg
MATCHED: 2020-11-17T09:40:56Z -> data/sisbra_all_w24/20201117T094056_usp2020wpfq_row4340 picks=5
[2361/3570] SISBRA 2020-12-06T16:21:22 lat=-6.030 lon=-50.180 mag=1.8 window=+/-120.0s r=1.0deg
MATCHED: 2020-11-20T17:44:48Z -> data/sisbra_all_w24/20201120T174448_usp2020wvid_row4346 picks=5
[2362/3570] SISBRA 2020-12-06T16:23:26 lat=-6.000 lon=-50.160 mag=1.6 window=+/-120.0s r=1.0deg
  candidates=1 scored=1
  best=smi:org.gfz-potsdam.de/geofon/usp2020vxli dt_s=0.234 dist_km=1.547 picks<=400.0km=6
NO_MATCH: 2020-12-06T00:10:55Z -> data/sisbra_all_w24/20201206T001055_row4361
[2363/3570] SISBRA 2020-12-07T07:25:50 lat=-14.440 lon=-57.890 mag=2.1 window=+/-120.0s r=1.0deg
MATCHED: 2020-11-07T16:06:32Z -> data/sisbra_all_w24/20201107T160632_usp2020vxli_row4331 picks=6
[2364/3570] SISBRA 2020-12-08T03:22:34 lat=-8.160 lon=-35.190 mag=1.5 window=+/-120.0s r=1.0deg
NO_MATCH: 2020-12-06T06:26:02Z -> data/sisbra_all_w24/20201206T062602_row4362
[2365/3570] SISBRA 2020-12-08T09:56:23 lat=-10.370 lon=-44.650 mag=2.9 window=+/-120.0s r=1.0deg
NO_MATCH: 2020-12-06T16:23:26Z -> data/sisbra_all_w24/20201206T162326_row4364
[2366/3570] SISBRA 2020-12-09T02:07:47 lat=-11.190 lon=-40.520 mag=2.8 window=+/-120.0s r=1.0deg
NO_MATCH: 2020-12-06T16:21:22Z -> data/sisbra_all_w24/20201206T162122_row4363
[2367/3570] SISBRA 2020-12-09T02:18:59 lat=-11.170 lon=-40.550 mag=2.8 window=+/-120.0s r=1.0deg
  candidates=1 scored=1
  best=smi:org.gfz-potsdam.de/geofon/usp2020wueq dt_s=0.139 dist_km=0.466 picks<=400.0km=2
NO_MATCH: 2020-12-08T03:22:34Z -> data/sisbra_all_w24/20201208T032234_row4366
[2368/3570] SISBRA 2020-12-13T08:34:11 lat=-12.070 lon=-48.270 mag=2.5 window=+/-120.0s r=1.0deg
MATCHED: 2020-11-20T02:50:57Z -> data/sisbra_all_w24/20201120T025057_usp2020wueq_row4344 picks=2
[2369/3570] SISBRA 2020-12-15T22:21:50 lat=-11.080 lon=-40.630 mag=2.0 window=+/-120.0s r=1.0deg
  candidates=1 scored=1
  best=smi:org.gfz-potsdam.de/geofon/usp2020tosy dt_s=0.901 dist_km=6.651 picks<=400.0km=4
MATCHED: 2020-10-05T10:38:56Z -> data/sisbra_all_w24/20201005T103856_usp2020tosy_row4288 picks=4
[2370/3570] SISBRA 2020-12-18T22:40:57 lat=-13.870 lon=-57.210 mag=2.0 window=+/-120.0s r=1.0deg
  candidates=1 scored=1
  best=smi:org.gfz-potsdam.de/geofon/usp2020wueq dt_s=3.861 dist_km=16.221 picks<=400.0km=2
  candidates=1 scored=1
  best=smi:org.gfz-potsdam.de/geofon/usp2020xeta dt_s=0.123 dist_km=1.957 picks<=400.0km=1
  candidates=1 scored=1
  best=smi:org.gfz-potsdam.de/geofon/usp2020xkvm dt_s=0.364 dist_km=0.251 picks<=400.0km=7
NO_MATCH: 2020-12-15T22:21:50Z -> data/sisbra_all_w24/20201215T222150_row4371
[2371/3570] SISBRA 2020-12-20T00:57:30 lat=-20.920 lon=-48.650 mag=2.1 window=+/-120.0s r=1.0deg
  candidates=2 scored=2
  best=smi:org.gfz-potsdam.de/geofon/usp2020vlio dt_s=0.814 dist_km=0.321 picks<=400.0km=3
MATCHED: 2020-11-29T05:31:42Z -> data/sisbra_all_w24/20201129T053141_usp2020xkvm_row4352 picks=7
[2372/3570] SISBRA 2020-12-20T09:01:18 lat=-6.460 lon=-50.120 mag=2.5 window=+/-120.0s r=1.0deg
MATCHED: 2020-11-25T21:28:13Z -> data/sisbra_all_w24/20201125T212812_usp2020xeta_row4351 picks=1
[2373/3570] SISBRA 2020-12-21T14:36:02 lat=-13.330 lon=-57.680 mag=2.3 window=+/-120.0s r=1.0deg
MATCHED: 2020-11-01T01:04:18Z -> data/sisbra_all_w24/20201101T010418_usp2020vlio_row4321 picks=3
[2374/3570] SISBRA 2020-12-21T15:17:07 lat=-8.280 lon=-35.970 mag=1.9 window=+/-120.0s r=1.0deg
MATCHED: 2020-11-20T02:51:01Z -> data/sisbra_all_w24/20201120T025057_usp2020wueq_row4345 picks=2
[2375/3570] SISBRA 2020-12-21T21:08:43 lat=-15.990 lon=-38.310 mag=3.1 window=+/-120.0s r=1.0deg
  candidates=1 scored=1
  best=smi:org.gfz-potsdam.de/geofon/usp2020wgby dt_s=0.519 dist_km=0.719 picks<=400.0km=4
MATCHED: 2020-11-12T09:35:30Z -> data/sisbra_all_w24/20201112T093530_usp2020wgby_row4337 picks=4
[2376/3570] SISBRA 2020-12-22T05:52:42 lat=-14.120 lon=-39.970 mag=2.0 window=+/-120.0s r=1.0deg
NO_MATCH: 2020-12-20T09:01:18Z -> data/sisbra_all_w24/20201220T090118_row4374
[2377/3570] SISBRA 2020-12-23T20:03:58 lat=-8.470 lon=-37.070 mag=2.0 window=+/-120.0s r=1.0deg
  candidates=1 scored=1
  best=smi:org.gfz-potsdam.de/geofon/usp2020wvka dt_s=0.526 dist_km=0.513 picks<=400.0km=2
NO_MATCH: 2020-12-22T05:52:42Z -> data/sisbra_all_w24/20201222T055242_row4378
[2378/3570] SISBRA 2020-12-24T09:10:51 lat=-8.260 lon=-35.970 mag=1.7 window=+/-120.0s r=1.0deg
MATCHED: 2020-11-20T18:41:59Z -> data/sisbra_all_w24/20201120T184159_usp2020wvka_row4347 picks=2
[2379/3570] SISBRA 2020-12-24T14:44:20 lat=-27.500 lon=-49.330 mag=2.4 window=+/-120.0s r=1.0deg
  candidates=1 scored=1
  best=smi:org.gfz-potsdam.de/geofon/usp2020vemc dt_s=0.909 dist_km=0.621 picks<=400.0km=8
  candidates=2 scored=2
  best=smi:org.gfz-potsdam.de/geofon/usp2020vlin dt_s=0.839 dist_km=0.384 picks<=400.0km=3
  candidates=1 scored=1
NO_MATCH: 2020-12-23T20:03:58Z -> data/sisbra_all_w24/20201223T200358_row4379
[2380/3570] SISBRA 2020-12-26T04:42:10 lat=-27.010 lon=-56.870 mag=3.3 window=+/-120.0s r=1.0deg
  best=smi:org.gfz-potsdam.de/geofon/usp2020xzpg dt_s=0.354 dist_km=0.603 picks<=400.0km=7
MATCHED: 2020-10-28T06:54:45Z -> data/sisbra_all_w24/20201028T065445_usp2020vemc_row4315 picks=8
[2381/3570] SISBRA 2020-12-26T17:01:44 lat=-14.090 lon=-39.500 mag=2.0 window=+/-120.0s r=1.0deg
MATCHED: 2020-12-07T07:25:50Z -> data/sisbra_all_w24/20201207T072550_usp2020xzpg_row4365 picks=7
[2382/3570] SISBRA 2020-12-28T18:16:52 lat=-7.000 lon=-57.140 mag=3.4 window=+/-120.0s r=1.0deg
MATCHED: 2020-11-01T01:03:13Z -> data/sisbra_all_w24/20201101T010313_usp2020vlin_row4320 picks=3
[2383/3570] SISBRA 2020-12-29T03:48:12 lat=-8.010 lon=-35.050 mag=2.2 window=+/-120.0s r=1.0deg
  candidates=1 scored=1
  best=smi:org.gfz-potsdam.de/geofon/usp2020ybps dt_s=1.661 dist_km=3.382 picks<=400.0km=4
MATCHED: 2020-12-08T09:56:23Z -> data/sisbra_all_w24/20201208T095621_usp2020ybps_row4367 picks=4
[2384/3570] SISBRA 2020-12-29T20:14:21 lat=-14.840 lon=-39.530 mag=2.2 window=+/-120.0s r=1.0deg
NO_MATCH: 2020-12-26T17:01:44Z -> data/sisbra_all_w24/20201226T170144_row4383
[2385/3570] SISBRA 2020-12-31T11:36:07 lat=-17.490 lon=-61.630 mag=3.5 window=+/-120.0s r=1.0deg
NO_MATCH: 2020-12-29T03:48:12Z -> data/sisbra_all_w24/20201229T034812_row4385
[2386/3570] SISBRA 2021-01-07T02:46:29 lat=-3.480 lon=-40.360 mag=2.3 window=+/-120.0s r=1.0deg
NO_MATCH: 2020-12-29T20:14:21Z -> data/sisbra_all_w24/20201229T201421_row4386
[2387/3570] SISBRA 2021-01-07T04:41:47 lat=-7.980 lon=-57.200 mag=2.3 window=+/-120.0s r=1.0deg
NO_MATCH: 2021-01-07T04:41:47Z -> data/sisbra_all_w24/20210107T044147_row4389
[2388/3570] SISBRA 2021-01-07T14:10:49 lat=-21.110 lon=-42.070 mag=2.2 window=+/-120.0s r=1.0deg
  candidates=1 scored=1
  best=smi:org.gfz-potsdam.de/geofon/usp2020zeuh dt_s=0.891 dist_km=0.395 picks<=400.0km=4
MATCHED: 2020-12-24T09:10:51Z -> data/sisbra_all_w24/20201224T091051_usp2020zeuh_row4380 picks=4
[2389/3570] SISBRA 2021-01-07T15:27:45 lat=-3.660 lon=-40.170 mag=2.1 window=+/-120.0s r=1.0deg
  candidates=1 scored=1
  best=smi:org.gfz-potsdam.de/geofon/usp2020ycvt dt_s=4.199 dist_km=0.750 picks<=400.0km=2
MATCHED: 2020-12-09T02:07:47Z -> data/sisbra_all_w24/20201209T020742_usp2020ycvt_row4368 picks=2
[2390/3570] SISBRA 2021-01-07T20:43:51 lat=-14.510 lon=-55.600 mag=2.6 window=+/-120.0s r=1.0deg
  candidates=1 scored=1
  best=smi:org.gfz-potsdam.de/geofon/usp2020yuvz dt_s=0.364 dist_km=0.338 picks<=400.0km=3
  candidates=1 scored=1
  best=smi:org.gfz-potsdam.de/geofon/usp2020wzvp dt_s=1.462 dist_km=3.737 picks<=400.0km=8
  candidates=1 scored=1
  best=smi:org.gfz-potsdam.de/geofon/usp2020ywvz dt_s=0.500 dist_km=0.349 picks<=400.0km=7
MATCHED: 2020-12-18T22:40:57Z -> data/sisbra_all_w24/20201218T224056_usp2020yuvz_row4372 picks=3
[2391/3570] SISBRA 2021-01-09T03:13:17 lat=-6.090 lon=-50.640 mag=2.7 window=+/-120.0s r=1.0deg
MATCHED: 2020-11-23T05:06:06Z -> data/sisbra_all_w24/20201123T050604_usp2020wzvp_row4350 picks=8
[2392/3570] SISBRA 2021-01-09T15:39:11 lat=-25.430 lon=-58.420 mag=2.2 window=+/-120.0s r=1.0deg
  candidates=1 scored=1
  candidates=1 scored=1
  best=smi:org.gfz-potsdam.de/geofon/usp2020ykqn dt_s=0.161 dist_km=0.496 picks<=400.0km=5
  best=smi:org.gfz-potsdam.de/geofon/usp2020whfl dt_s=0.306 dist_km=9.361 picks<=400.0km=4
MATCHED: 2020-12-20T00:57:30Z -> data/sisbra_all_w24/20201220T005730_usp2020ywvz_row4373 picks=7
[2393/3570] SISBRA 2021-01-10T11:19:25 lat=-4.080 lon=-39.310 mag=1.7 window=+/-120.0s r=1.0deg
  candidates=1 scored=1
  best=smi:org.gfz-potsdam.de/geofon/usp2020yzsm dt_s=0.166 dist_km=4.959 picks<=400.0km=4
NO_MATCH: 2021-01-09T03:13:17Z -> data/sisbra_all_w24/20210109T031317_row4393
[2394/3570] SISBRA 2021-01-11T21:03:21 lat=-12.520 lon=-47.880 mag=3.0 window=+/-120.0s r=1.0deg
MATCHED: 2020-12-13T08:34:11Z -> data/sisbra_all_w24/20201213T083410_usp2020ykqn_row4370 picks=5
[2395/3570] SISBRA 2021-01-11T23:38:31 lat=-5.730 lon=-37.490 mag=1.3 window=+/-120.0s r=1.0deg
MATCHED: 2020-12-21T14:36:02Z -> data/sisbra_all_w24/20201221T143601_usp2020yzsm_row4375 picks=4
[2396/3570] SISBRA 2021-01-13T07:41:48 lat=-8.240 lon=-36.040 mag=1.2 window=+/-120.0s r=1.0deg
  candidates=1 scored=1
  best=smi:org.gfz-potsdam.de/geofon/usp2020yztv dt_s=0.155 dist_km=0.886 picks<=400.0km=4
MATCHED: 2020-11-13T00:28:56Z -> data/sisbra_all_w24/20201113T002856_usp2020whfl_row4338 picks=4
[2397/3570] SISBRA 2021-01-15T15:19:06 lat=-5.090 lon=-39.470 mag=2.0 window=+/-120.0s r=1.0deg
MATCHED: 2020-12-21T15:17:07Z -> data/sisbra_all_w24/20201221T151706_usp2020yztv_row4376 picks=4
[2398/3570] SISBRA 2021-01-15T17:45:00 lat=-5.000 lon=-39.370 mag=2.1 window=+/-120.0s r=1.0deg
NO_MATCH: 2021-01-10T11:19:25Z -> data/sisbra_all_w24/20210110T111925_row4395
[2399/3570] SISBRA 2021-01-15T19:05:16 lat=-5.090 lon=-39.470 mag=2.0 window=+/-120.0s r=1.0deg
  candidates=1 scored=1
  best=smi:org.gfz-potsdam.de/geofon/usp2020xuce dt_s=0.174 dist_km=19.159 picks<=400.0km=1
NO_MATCH: 2021-01-11T23:38:31Z -> data/sisbra_all_w24/20210111T233831_row4397
[2400/3570] SISBRA 2021-01-15T19:06:08 lat=-5.090 lon=-39.470 mag=2.0 window=+/-120.0s r=1.0deg
  candidates=1 scored=1
MATCHED: 2020-12-04T07:08:24Z -> data/sisbra_all_w24/20201204T070823_usp2020xuce_row4360 picks=1
[2401/3570] SISBRA 2021-01-15T19:08:45 lat=-5.090 lon=-39.470 mag=2.0 window=+/-120.0s r=1.0deg
NO_MATCH: 2021-01-13T07:41:48Z -> data/sisbra_all_w24/20210113T074148_row4398
[2402/3570] SISBRA 2021-01-15T19:23:50 lat=-5.090 lon=-39.470 mag=2.0 window=+/-120.0s r=1.0deg
NO_MATCH: 2021-01-15T15:19:06Z -> data/sisbra_all_w24/20210115T151906_row4399
[2403/3570] SISBRA 2021-01-15T22:36:37 lat=-5.100 lon=-39.430 mag=2.2 window=+/-120.0s r=1.0deg
NO_MATCH: 2021-01-15T17:45:00Z -> data/sisbra_all_w24/20210115T174500_row4400
[2404/3570] SISBRA 2021-01-17T17:12:09 lat=-13.490 lon=-48.810 mag=3.2 window=+/-120.0s r=1.0deg
  best=smi:org.gfz-potsdam.de/geofon/usp2020skni dt_s=0.370 dist_km=3.024 picks<=400.0km=0
NO_MATCH: 2021-01-15T19:05:16Z -> data/sisbra_all_w24/20210115T190516_row4401
[2405/3570] SISBRA 2021-01-20T21:29:30 lat=-5.450 lon=-36.150 mag=2.1 window=+/-120.0s r=1.0deg
  candidates=1 scored=1
  best=smi:org.gfz-potsdam.de/geofon/usp2021alen dt_s=0.358 dist_km=8.069 picks<=400.0km=2
NO_MATCH: 2021-01-15T19:06:08Z -> data/sisbra_all_w24/20210115T190608_row4402
[2406/3570] SISBRA 2021-01-21T02:20:21 lat=-5.530 lon=-36.120 mag=1.6 window=+/-120.0s r=1.0deg
MATCHED: 2020-09-18T21:43:57Z -> data/sisbra_all_w24/20200918T214357_usp2020skni_row4264 picks=0
[2407/3570] SISBRA 2021-01-22T04:11:55 lat=-19.390 lon=-45.700 mag=3.1 window=+/-120.0s r=1.0deg
MATCHED: 2021-01-07T02:46:29Z -> data/sisbra_all_w24/20210107T024629_usp2021alen_row4388 picks=2
[2408/3570] SISBRA 2021-01-22T08:55:00 lat=-16.730 lon=-43.860 mag=2.0 window=+/-120.0s r=1.0deg
NO_MATCH: 2021-01-15T19:23:50Z -> data/sisbra_all_w24/20210115T192350_row4404
[2409/3570] SISBRA 2021-01-22T17:01:14 lat=-5.690 lon=-37.490 mag=2.5 window=+/-120.0s r=1.0deg
NO_MATCH: 2021-01-15T19:08:45Z -> data/sisbra_all_w24/20210115T190845_row4403
[2410/3570] SISBRA 2021-01-24T04:23:30 lat=-10.110 lon=-36.930 mag=1.8 window=+/-120.0s r=1.0deg
  candidates=1 scored=1
  best=smi:org.gfz-potsdam.de/geofon/usp2021amob dt_s=0.470 dist_km=0.260 picks<=400.0km=2
  candidates=1 scored=1
  best=smi:org.gfz-potsdam.de/geofon/usp2020xlpj dt_s=0.429 dist_km=12.009 picks<=400.0km=4
MATCHED: 2021-01-07T20:43:51Z -> data/sisbra_all_w24/20210107T204350_usp2021amob_row4392 picks=2
[2411/3570] SISBRA 2021-01-25T06:07:52 lat=-11.180 lon=-40.540 mag=2.3 window=+/-120.0s r=1.0deg
  candidates=1 scored=1
  best=smi:org.gfz-potsdam.de/geofon/usp2020xrow dt_s=0.498 dist_km=0.338 picks<=400.0km=5
NO_MATCH: 2021-01-22T08:55:00Z -> data/sisbra_all_w24/20210122T085500_row4410
[2412/3570] SISBRA 2021-01-25T06:40:10 lat=-11.180 lon=-40.560 mag=1.1 window=+/-120.0s r=1.0deg
  candidates=1 scored=1
MATCHED: 2020-11-29T15:35:16Z -> data/sisbra_all_w24/20201129T153516_usp2020xlpj_row4354 picks=4
[2413/3570] SISBRA 2021-01-26T04:05:00 lat=-2.950 lon=-40.580 mag=2.6 window=+/-120.0s r=1.0deg
  best=smi:org.gfz-potsdam.de/geofon/usp2020uedt dt_s=0.864 dist_km=5.869 picks<=400.0km=4
  candidates=1 scored=1
MATCHED: 2020-12-02T22:08:30Z -> data/sisbra_all_w24/20201202T220830_usp2020xrow_row4359 picks=5
[2414/3570] SISBRA 2021-01-26T04:06:03 lat=-3.600 lon=-40.250 mag=1.6 window=+/-120.0s r=1.0deg
  best=smi:org.gfz-potsdam.de/geofon/usp2020xpbu dt_s=0.830 dist_km=0.288 picks<=400.0km=8
NO_MATCH: 2021-01-21T02:20:21Z -> data/sisbra_all_w24/20210121T022021_row4408
[2415/3570] SISBRA 2021-01-26T18:01:12 lat=-8.600 lon=-35.930 mag=2.4 window=+/-120.0s r=1.0deg
  candidates=1 scored=1
  best=smi:org.gfz-potsdam.de/geofon/usp2021amdq dt_s=0.309 dist_km=9.514 picks<=400.0km=2
MATCHED: 2020-12-01T13:15:34Z -> data/sisbra_all_w24/20201201T131534_usp2020xpbu_row4357 picks=8
[2416/3570] SISBRA 2021-01-27T01:50:02 lat=-4.360 lon=-38.460 mag=1.5 window=+/-120.0s r=1.0deg
MATCHED: 2020-10-13T21:09:24Z -> data/sisbra_all_w24/20201013T210924_usp2020uedt_row4298 picks=4
[2417/3570] SISBRA 2021-01-27T03:53:07 lat=-4.320 lon=-38.440 mag=1.5 window=+/-120.0s r=1.0deg
  candidates=1 scored=1
  best=smi:org.gfz-potsdam.de/geofon/usp2020zffh dt_s=0.572 dist_km=0.515 picks<=400.0km=2
MATCHED: 2021-01-07T15:27:45Z -> data/sisbra_all_w24/20210107T152744_usp2021amdq_row4391 picks=2
[2418/3570] SISBRA 2021-01-27T08:27:50 lat=-4.060 lon=-39.240 mag=1.9 window=+/-120.0s r=1.0deg
NO_MATCH: 2021-01-26T04:05:00Z -> data/sisbra_all_w24/20210126T040500_row4415
[2419/3570] SISBRA 2021-01-27T10:48:15 lat=-4.090 lon=-39.260 mag=1.7 window=+/-120.0s r=1.0deg
MATCHED: 2020-12-24T14:44:20Z -> data/sisbra_all_w24/20201224T144420_usp2020zffh_row4381 picks=2
[2420/3570] SISBRA 2021-01-28T10:17:51 lat=-9.930 lon=-39.800 mag=2.1 window=+/-120.0s r=1.0deg
NO_MATCH: 2021-01-26T18:01:12Z -> data/sisbra_all_w24/20210126T180112_row4417
[2421/3570] SISBRA 2021-01-28T10:57:49 lat=-19.440 lon=-45.650 mag=2.0 window=+/-120.0s r=1.0deg
  candidates=1 scored=1
  best=smi:org.gfz-potsdam.de/geofon/usp2021ambc dt_s=0.302 dist_km=0.379 picks<=400.0km=6
MATCHED: 2021-01-07T14:10:49Z -> data/sisbra_all_w24/20210107T141048_usp2021ambc_row4390 picks=6
[2422/3570] SISBRA 2021-01-28T15:16:55 lat=-9.730 lon=-36.750 mag=1.5 window=+/-120.0s r=1.0deg
  candidates=1 scored=1
  best=smi:org.gfz-potsdam.de/geofon/usp2021apva dt_s=0.688 dist_km=0.468 picks<=400.0km=1
  candidates=1 scored=1
  best=smi:org.gfz-potsdam.de/geofon/usp2020ycwd dt_s=0.446 dist_km=3.074 picks<=400.0km=1
MATCHED: 2021-01-09T15:39:11Z -> data/sisbra_all_w24/20210109T153911_usp2021apva_row4394 picks=1
[2423/3570] SISBRA 2021-01-28T18:08:47 lat=-20.880 lon=-48.810 mag=2.8 window=+/-120.0s r=1.0deg
MATCHED: 2020-12-09T02:18:59Z -> data/sisbra_all_w24/20201209T021859_usp2020ycwd_row4369 picks=1
[2424/3570] SISBRA 2021-01-29T15:36:55 lat=-5.040 lon=-37.720 mag=1.5 window=+/-120.0s r=1.0deg
  candidates=1 scored=1
  best=smi:org.gfz-potsdam.de/geofon/usp2020zmuh dt_s=0.400 dist_km=27.843 picks<=400.0km=3
  candidates=1 scored=1
  candidates=1 scored=1
  best=smi:org.gfz-potsdam.de/geofon/usp2021bsjh dt_s=0.000 dist_km=0.477 picks<=400.0km=1
  candidates=1 scored=1
  best=smi:org.gfz-potsdam.de/geofon/usp2020wvof dt_s=2.071 dist_km=26.484 picks<=400.0km=2
  best=smi:org.gfz-potsdam.de/geofon/usp2020zrtp dt_s=0.264 dist_km=0.294 picks<=400.0km=4
MATCHED: 2020-12-28T18:16:52Z -> data/sisbra_all_w24/20201228T181652_usp2020zmuh_row4384 picks=3
[2425/3570] SISBRA 2021-01-29T15:46:09 lat=-8.640 lon=-73.770 mag=4.0 window=+/-120.0s r=1.0deg
NO_MATCH: 2021-01-28T15:16:55Z -> data/sisbra_all_w24/20210128T151655_row4423
[2426/3570] SISBRA 2021-01-30T00:25:16 lat=-6.030 lon=-37.980 mag=1.3 window=+/-120.0s r=1.0deg
MATCHED: 2021-01-25T06:40:10Z -> data/sisbra_all_w24/20210125T064010_usp2021bsjh_row4414 picks=1
[2427/3570] SISBRA 2021-01-30T00:47:15 lat=-6.010 lon=-37.980 mag=1.2 window=+/-120.0s r=1.0deg
MATCHED: 2020-12-31T11:36:07Z -> data/sisbra_all_w24/20201231T113607_usp2020zrtp_row4387 picks=4
[2428/3570] SISBRA 2021-01-31T15:24:00 lat=-9.850 lon=-39.800 mag=2.6 window=+/-120.0s r=1.0deg
MATCHED: 2020-11-20T20:48:54Z -> data/sisbra_all_w24/20201120T204856_usp2020wvof_row4348 picks=2
[2429/3570] SISBRA 2021-01-31T15:42:50 lat=-9.790 lon=-40.070 mag=2.2 window=+/-120.0s r=1.0deg
NO_MATCH: 2021-01-30T00:25:16Z -> data/sisbra_all_w24/20210130T002516_row4428
[2430/3570] SISBRA 2021-01-31T19:05:13 lat=2.704 lon=-59.520 mag=5.7 window=+/-120.0s r=1.0deg
NO_MATCH: 2021-01-30T00:47:15Z -> data/sisbra_all_w24/20210130T004715_row4429
[2431/3570] SISBRA 2021-01-31T19:20:41 lat=2.700 lon=-59.520 mag=3.4 window=+/-120.0s r=1.0deg
NO_MATCH: 2021-01-31T15:24:00Z -> data/sisbra_all_w24/20210131T152400_row4430
[2432/3570] SISBRA 2021-01-31T19:22:53 lat=2.700 lon=-59.520 mag=2.8 window=+/-120.0s r=1.0deg
  candidates=1 scored=1
  best=smi:org.gfz-potsdam.de/geofon/usp2021atws dt_s=0.403 dist_km=30.103 picks<=400.0km=1
  candidates=1 scored=1
  candidates=1 scored=1
  best=smi:org.gfz-potsdam.de/geofon/usp2021bkjc dt_s=1.433 dist_km=8.061 picks<=400.0km=7
  best=smi:org.gfz-potsdam.de/geofon/usp2021bbhu dt_s=0.601 dist_km=1.680 picks<=400.0km=6
  candidates=1 scored=1
  best=smi:org.gfz-potsdam.de/geofon/usp2021bwim dt_s=0.802 dist_km=0.446 picks<=400.0km=4
MATCHED: 2021-01-11T21:03:21Z -> data/sisbra_all_w24/20210111T210320_usp2021atws_row4396 picks=1
[2433/3570] SISBRA 2021-01-31T19:24:30 lat=2.700 lon=-59.520 mag=3.7 window=+/-120.0s r=1.0deg
MATCHED: 2021-01-15T22:36:37Z -> data/sisbra_all_w24/20210115T223636_usp2021bbhu_row4405 picks=6
[2434/3570] SISBRA 2021-01-31T19:32:31 lat=2.700 lon=-59.520 mag=3.7 window=+/-120.0s r=1.0deg
MATCHED: 2021-01-20T21:29:30Z -> data/sisbra_all_w24/20210120T212931_usp2021bkjc_row4407 picks=7
[2435/3570] SISBRA 2021-01-31T19:34:45 lat=2.700 lon=-59.520 mag=3.8 window=+/-120.0s r=1.0deg
  candidates=1 scored=1
  best=smi:org.gfz-potsdam.de/geofon/usp2021bvqs dt_s=0.839 dist_km=6.982 picks<=400.0km=5
MATCHED: 2021-01-27T10:48:15Z -> data/sisbra_all_w24/20210127T104815_usp2021bwim_row4421 picks=4
[2436/3570] SISBRA 2021-01-31T19:36:48 lat=2.700 lon=-59.520 mag=3.8 window=+/-120.0s r=1.0deg
MATCHED: 2021-01-27T01:50:02Z -> data/sisbra_all_w24/20210127T015002_usp2021bvqs_row4418 picks=5
[2437/3570] SISBRA 2021-01-31T19:48:46 lat=2.700 lon=-59.520 mag=3.9 window=+/-120.0s r=1.0deg
  candidates=1 scored=1
  best=smi:org.gfz-potsdam.de/geofon/usp2021bycz dt_s=0.224 dist_km=12.026 picks<=400.0km=3
MATCHED: 2021-01-28T10:17:51Z -> data/sisbra_all_w24/20210128T101751_usp2021bycz_row4422 picks=3
[2438/3570] SISBRA 2021-01-31T20:03:45 lat=2.700 lon=-59.520 mag=3.8 window=+/-120.0s r=1.0deg
  candidates=2 scored=2
  best=smi:org.gfz-potsdam.de/geofon/usp2021cehl dt_s=0.000 dist_km=7.893 picks<=400.0km=2
  candidates=1 scored=1
  best=smi:org.gfz-potsdam.de/geofon/usp2021bqjg dt_s=0.062 dist_km=0.619 picks<=400.0km=3
MATCHED: 2021-01-31T19:22:53Z -> data/sisbra_all_w24/20210131T192253_usp2021cehl_row4434 picks=2
[2439/3570] SISBRA 2021-02-01T10:23:05 lat=2.750 lon=-59.540 mag=4.0 window=+/-120.0s r=1.0deg
MATCHED: 2021-01-24T04:23:30Z -> data/sisbra_all_w24/20210124T042330_usp2021bqjg_row4412 picks=3
[2440/3570] SISBRA 2021-02-01T11:16:18 lat=2.700 lon=-59.520 mag=2.7 window=+/-120.0s r=1.0deg
  candidates=1 scored=1
  candidates=1 scored=1
  best=smi:org.gfz-potsdam.de/geofon/usp2021bwdv dt_s=0.390 dist_km=0.237 picks<=400.0km=4
  best=smi:org.gfz-potsdam.de/geofon/usp2021bnrg dt_s=1.068 dist_km=6.729 picks<=400.0km=6
  candidates=1 scored=1
  best=smi:org.gfz-potsdam.de/geofon/usp2021cehv dt_s=0.000 dist_km=6.546 picks<=400.0km=1
  candidates=1 scored=1
  best=smi:org.gfz-potsdam.de/geofon/usp2021bvuu dt_s=0.857 dist_km=6.405 picks<=400.0km=5
  candidates=1 scored=1
  best=smi:org.gfz-potsdam.de/geofon/usp2021btzs dt_s=0.401 dist_km=35.718 picks<=400.0km=3
MATCHED: 2021-01-27T08:27:50Z -> data/sisbra_all_w24/20210127T082750_usp2021bwdv_row4420 picks=4
[2441/3570] SISBRA 2021-02-02T04:26:31 lat=2.700 lon=-59.520 mag=3.7 window=+/-120.0s r=1.0deg
MATCHED: 2021-01-31T19:34:45Z -> data/sisbra_all_w24/20210131T193445_usp2021cehv_row4437 picks=1
[2442/3570] SISBRA 2021-02-03T02:07:02 lat=-11.200 lon=-40.580 mag=2.4 window=+/-120.0s r=1.0deg
MATCHED: 2021-01-22T17:01:14Z -> data/sisbra_all_w24/20210122T170112_usp2021bnrg_row4411 picks=6
[2443/3570] SISBRA 2021-02-05T04:53:03 lat=2.690 lon=-59.420 mag=3.6 window=+/-120.0s r=1.0deg
MATCHED: 2021-01-26T04:06:03Z -> data/sisbra_all_w24/20210126T040603_usp2021btzs_row4416 picks=3
[2444/3570] SISBRA 2021-02-05T14:57:27 lat=-8.480 lon=-55.400 mag=2.3 window=+/-120.0s r=1.0deg
MATCHED: 2021-01-27T03:53:07Z -> data/sisbra_all_w24/20210127T035307_usp2021bvuu_row4419 picks=5
[2445/3570] SISBRA 2021-02-07T05:29:24 lat=-11.080 lon=-49.840 mag=2.8 window=+/-120.0s r=1.0deg
  candidates=1 scored=1
  best=smi:org.gfz-potsdam.de/geofon/usp2020zafl dt_s=0.800 dist_km=0.615 picks<=400.0km=3
  candidates=1 scored=1
  best=smi:org.gfz-potsdam.de/geofon/usp2021ceii dt_s=0.806 dist_km=23.026 picks<=400.0km=2
  candidates=1 scored=1
  best=smi:org.gfz-potsdam.de/geofon/usp2021cehu dt_s=1.337 dist_km=2.952 picks<=400.0km=2
  candidates=1 scored=1
  best=smi:org.gfz-potsdam.de/geofon/usp2021cehj dt_s=0.000 dist_km=7.893 picks<=400.0km=2
MATCHED: 2021-01-31T19:48:46Z -> data/sisbra_all_w24/20210131T194846_usp2021ceii_row4439 picks=2
[2446/3570] SISBRA 2021-02-07T15:40:01 lat=-4.200 lon=-38.320 mag=2.0 window=+/-120.0s r=1.0deg
MATCHED: 2021-01-31T19:32:31Z -> data/sisbra_all_w24/20210131T193229_usp2021cehu_row4436 picks=2
[2447/3570] SISBRA 2021-02-07T22:40:46 lat=2.810 lon=-59.560 mag=4.3 window=+/-120.0s r=1.0deg
MATCHED: 2021-01-31T19:20:41Z -> data/sisbra_all_w24/20210131T192041_usp2021cehj_row4433 picks=2
[2448/3570] SISBRA 2021-02-07T23:08:05 lat=2.840 lon=-59.570 mag=3.8 window=+/-120.0s r=1.0deg
MATCHED: 2020-12-21T21:08:43Z -> data/sisbra_all_w24/20201221T210842_usp2020zafl_row4377 picks=3
[2449/3570] SISBRA 2021-02-08T04:44:06 lat=-4.370 lon=-38.410 mag=1.0 window=+/-120.0s r=1.0deg
  candidates=1 scored=1
  best=smi:org.gfz-potsdam.de/geofon/usp2021cajh dt_s=3.586 dist_km=56.889 picks<=400.0km=1
  candidates=1 scored=1
  best=smi:org.gfz-potsdam.de/geofon/usp2021cehn dt_s=0.000 dist_km=7.893 picks<=400.0km=2
MATCHED: 2021-01-29T15:46:09Z -> data/sisbra_all_w24/20210129T154605_usp2021cajh_row4427 picks=1
[2450/3570] SISBRA 2021-02-09T08:47:42 lat=-4.380 lon=-38.420 mag=1.6 window=+/-120.0s r=1.0deg
NO_MATCH: 2021-02-08T04:44:06Z -> data/sisbra_all_w24/20210208T044406_row4451
[2451/3570] SISBRA 2021-02-09T09:06:16 lat=-4.340 lon=-38.400 mag=1.4 window=+/-120.0s r=1.0deg
MATCHED: 2021-01-31T19:24:30Z -> data/sisbra_all_w24/20210131T192430_usp2021cehn_row4435 picks=2
[2452/3570] SISBRA 2021-02-09T09:09:30 lat=-4.280 lon=-38.340 mag=1.6 window=+/-120.0s r=1.0deg
  candidates=1 scored=1
  best=smi:org.gfz-potsdam.de/geofon/usp2021ceiu dt_s=0.285 dist_km=1.650 picks<=400.0km=2
  candidates=1 scored=1
  best=smi:org.gfz-potsdam.de/geofon/usp2021cfmx dt_s=0.000 dist_km=7.420 picks<=400.0km=1
NO_MATCH: 2021-02-09T08:47:42Z -> data/sisbra_all_w24/20210209T084742_row4452
[2453/3570] SISBRA 2021-02-09T10:14:18 lat=2.800 lon=-59.600 mag=2.2 window=+/-120.0s r=1.0deg
  candidates=1 scored=1
  best=smi:org.gfz-potsdam.de/geofon/usp2021byeh dt_s=1.120 dist_km=6.834 picks<=400.0km=10
MATCHED: 2021-01-31T20:03:45Z -> data/sisbra_all_w24/20210131T200344_usp2021ceiu_row4440 picks=2
[2454/3570] SISBRA 2021-02-11T08:09:28 lat=-16.140 lon=-56.720 mag=2.4 window=+/-120.0s r=1.0deg
MATCHED: 2021-02-01T11:16:18Z -> data/sisbra_all_w24/20210201T111618_usp2021cfmx_row4442 picks=1
[2455/3570] SISBRA 2021-02-11T21:56:24 lat=-11.650 lon=-47.530 mag=2.5 window=+/-120.0s r=1.0deg
MATCHED: 2021-01-28T10:57:49Z -> data/sisbra_all_w24/20210128T105750_usp2021byeh_row4424 picks=10
[2456/3570] SISBRA 2021-02-13T10:54:54 lat=-10.080 lon=-52.300 mag=3.3 window=+/-120.0s r=1.0deg
  candidates=1 scored=1
  best=smi:org.gfz-potsdam.de/geofon/usp2021ceaf dt_s=0.631 dist_km=12.042 picks<=400.0km=2
  candidates=1 scored=1
  best=smi:org.gfz-potsdam.de/geofon/usp2021caiz dt_s=1.460 dist_km=0.657 picks<=400.0km=6
MATCHED: 2021-01-31T15:42:50Z -> data/sisbra_all_w24/20210131T154250_usp2021ceaf_row4431 picks=2
[2457/3570] SISBRA 2021-02-13T12:36:16 lat=-29.380 lon=-51.110 mag=2.0 window=+/-120.0s r=1.0deg
  candidates=1 scored=1
  best=smi:org.gfz-potsdam.de/geofon/usp2021cilu dt_s=0.636 dist_km=5.378 picks<=400.0km=1
  candidates=1 scored=1
  best=smi:org.gfz-potsdam.de/geofon/usp2021cfld dt_s=2.990 dist_km=0.408 picks<=400.0km=2
MATCHED: 2021-01-29T15:36:55Z -> data/sisbra_all_w24/20210129T153656_usp2021caiz_row4426 picks=6
[2458/3570] SISBRA 2021-02-17T14:27:31 lat=-8.240 lon=-35.830 mag=2.1 window=+/-120.0s r=1.0deg
MATCHED: 2021-02-01T10:23:05Z -> data/sisbra_all_w24/20210201T102302_usp2021cfld_row4441 picks=2
[2459/3570] SISBRA 2021-02-18T03:47:41 lat=2.820 lon=-59.550 mag=1.9 window=+/-120.0s r=1.0deg
MATCHED: 2021-02-03T02:07:02Z -> data/sisbra_all_w24/20210203T020702_usp2021cilu_row4444 picks=1
[2460/3570] SISBRA 2021-02-18T03:55:54 lat=2.830 lon=-59.560 mag=4.0 window=+/-120.0s r=1.0deg
  candidates=1 scored=1
  best=smi:org.gfz-potsdam.de/geofon/usp2021cquq dt_s=0.137 dist_km=11.276 picks<=400.0km=3
MATCHED: 2021-02-07T15:40:01Z -> data/sisbra_all_w24/20210207T154000_usp2021cquq_row4448 picks=3
[2461/3570] SISBRA 2021-02-18T07:06:14 lat=2.820 lon=-59.550 mag=3.1 window=+/-120.0s r=1.0deg
  candidates=1 scored=1
  best=smi:org.gfz-potsdam.de/geofon/usp2021cuaw dt_s=0.000 dist_km=0.000 picks<=400.0km=2
MATCHED: 2021-02-09T10:14:18Z -> data/sisbra_all_w24/20210209T101418_usp2021cuaw_row4455 picks=2
[2462/3570] SISBRA 2021-02-19T08:10:43 lat=-5.350 lon=-36.210 mag=1.6 window=+/-120.0s r=1.0deg
  candidates=1 scored=1
  best=smi:org.gfz-potsdam.de/geofon/usp2021bsif dt_s=0.223 dist_km=7.147 picks<=400.0km=2
MATCHED: 2021-01-25T06:07:52Z -> data/sisbra_all_w24/20210125T060751_usp2021bsif_row4413 picks=2
[2463/3570] SISBRA 2021-02-19T08:40:10 lat=-5.350 lon=-36.210 mag=3.4 window=+/-120.0s r=1.0deg
  candidates=1 scored=1
  best=smi:org.gfz-potsdam.de/geofon/usp2021cgux dt_s=0.086 dist_km=21.577 picks<=400.0km=1
  candidates=1 scored=1
  best=smi:org.gfz-potsdam.de/geofon/usp2021djzr dt_s=0.000 dist_km=0.555 picks<=400.0km=1
  candidates=1 scored=1
  best=smi:org.gfz-potsdam.de/geofon/usp2021ctyq dt_s=1.286 dist_km=10.700 picks<=400.0km=2
MATCHED: 2021-02-02T04:26:31Z -> data/sisbra_all_w24/20210202T042631_usp2021cgux_row4443 picks=1
[2464/3570] SISBRA 2021-02-19T08:51:46 lat=2.820 lon=-59.560 mag=3.4 window=+/-120.0s r=1.0deg
  candidates=1 scored=1
  best=smi:org.gfz-potsdam.de/geofon/usp2021cmih dt_s=0.101 dist_km=0.627 picks<=400.0km=2
MATCHED: 2021-02-18T03:47:41Z -> data/sisbra_all_w24/20210218T034741_usp2021djzr_row4461 picks=1
[2465/3570] SISBRA 2021-02-19T18:28:15 lat=2.760 lon=-59.600 mag=4.1 window=+/-120.0s r=1.0deg
  candidates=1 scored=1
  best=smi:org.gfz-potsdam.de/geofon/usp2021cncf dt_s=1.222 dist_km=12.996 picks<=400.0km=3
MATCHED: 2021-02-05T04:53:03Z -> data/sisbra_all_w24/20210205T045303_usp2021cmih_row4445 picks=2
[2466/3570] SISBRA 2021-02-19T19:02:00 lat=2.820 lon=-59.560 mag=2.0 window=+/-120.0s r=1.0deg
NO_MATCH: 2021-02-19T08:40:10Z -> data/sisbra_all_w24/20210219T084010_row4465
[2467/3570] SISBRA 2021-02-20T00:32:07 lat=2.700 lon=-59.520 mag=2.2 window=+/-120.0s r=1.0deg
MATCHED: 2021-02-05T14:57:27Z -> data/sisbra_all_w24/20210205T145725_usp2021cncf_row4446 picks=3
[2468/3570] SISBRA 2021-02-20T09:09:40 lat=2.700 lon=-59.510 mag=3.1 window=+/-120.0s r=1.0deg
  candidates=1 scored=1
MATCHED: 2021-02-09T09:06:16Z -> data/sisbra_all_w24/20210209T090614_usp2021ctyq_row4453 picks=2
[2469/3570] SISBRA 2021-02-20T18:10:28 lat=2.740 lon=-59.490 mag=3.7 window=+/-120.0s r=1.0deg
  candidates=1 scored=1
  best=smi:org.gfz-potsdam.de/geofon/usp2021cehx dt_s=0.690 dist_km=10.578 picks<=400.0km=2
  candidates=1 scored=1
  best=smi:org.gfz-potsdam.de/geofon/usp2021cypb dt_s=1.223 dist_km=0.915 picks<=400.0km=2
  best=smi:org.gfz-potsdam.de/geofon/usp2020zick dt_s=0.350 dist_km=31.929 picks<=400.0km=7
MATCHED: 2021-01-31T19:36:48Z -> data/sisbra_all_w24/20210131T193648_usp2021cehx_row4438 picks=2
[2470/3570] SISBRA 2021-02-20T19:02:43 lat=2.700 lon=-59.510 mag=3.6 window=+/-120.0s r=1.0deg
MATCHED: 2021-02-11T21:56:24Z -> data/sisbra_all_w24/20210211T215622_usp2021cypb_row4457 picks=2
[2471/3570] SISBRA 2021-02-20T19:18:00 lat=-5.620 lon=-37.480 mag=2.3 window=+/-120.0s r=1.0deg
MATCHED: 2020-12-26T04:42:10Z -> data/sisbra_all_w24/20201226T044209_usp2020zick_row4382 picks=7
[2472/3570] SISBRA 2021-02-20T19:18:24 lat=-5.600 lon=-37.420 mag=1.7 window=+/-120.0s r=1.0deg
  candidates=1 scored=1
  best=smi:org.gfz-potsdam.de/geofon/usp2021ctyt dt_s=0.962 dist_km=0.440 picks<=400.0km=3
  candidates=1 scored=1
  best=smi:org.gfz-potsdam.de/geofon/usp2021dnkf dt_s=0.349 dist_km=30.137 picks<=400.0km=2
  candidates=1 scored=1
  best=smi:org.gfz-potsdam.de/geofon/usp2021crjk dt_s=0.350 dist_km=0.467 picks<=400.0km=1
MATCHED: 2021-02-07T23:08:05Z -> data/sisbra_all_w24/20210207T230805_usp2021crjk_row4450 picks=1
[2473/3570] SISBRA 2021-02-20T19:34:49 lat=-3.930 lon=-38.490 mag=2.1 window=+/-120.0s r=1.0deg
MATCHED: 2021-02-09T09:09:30Z -> data/sisbra_all_w24/20210209T090930_usp2021ctyt_row4454 picks=3
[2474/3570] SISBRA 2021-02-20T20:35:38 lat=2.700 lon=-59.500 mag=3.8 window=+/-120.0s r=1.0deg
NO_MATCH: 2021-02-20T19:18:00Z -> data/sisbra_all_w24/20210220T191800_row4473
[2475/3570] SISBRA 2021-02-21T05:07:59 lat=-5.660 lon=-37.520 mag=1.9 window=+/-120.0s r=1.0deg
  candidates=1 scored=1
MATCHED: 2021-02-20T00:32:07Z -> data/sisbra_all_w24/20210220T003207_usp2021dnkf_row4469 picks=2
[2476/3570] SISBRA 2021-02-21T05:08:01 lat=-5.650 lon=-37.490 mag=2.0 window=+/-120.0s r=1.0deg
  best=smi:org.gfz-potsdam.de/geofon/usp2021bmrw dt_s=0.840 dist_km=1.909 picks<=400.0km=6
  candidates=1 scored=1
  best=smi:org.gfz-potsdam.de/geofon/usp2021dizg dt_s=1.638 dist_km=14.853 picks<=400.0km=6
  candidates=1 scored=1
  best=smi:org.gfz-potsdam.de/geofon/usp2021dkgf dt_s=0.136 dist_km=1.112 picks<=400.0km=1
MATCHED: 2021-02-18T07:06:14Z -> data/sisbra_all_w24/20210218T070613_usp2021dkgf_row4463 picks=1
[2477/3570] SISBRA 2021-02-21T05:51:33 lat=-5.720 lon=-37.450 mag=1.4 window=+/-120.0s r=1.0deg
MATCHED: 2021-02-17T14:27:31Z -> data/sisbra_all_w24/20210217T142732_usp2021dizg_row4460 picks=6
[2478/3570] SISBRA 2021-02-21T06:26:21 lat=-5.750 lon=-37.450 mag=1.4 window=+/-120.0s r=1.0deg
MATCHED: 2021-01-22T04:11:55Z -> data/sisbra_all_w24/20210122T041155_usp2021bmrw_row4409 picks=6
[2479/3570] SISBRA 2021-02-21T13:33:18 lat=-5.680 lon=-37.510 mag=2.1 window=+/-120.0s r=1.0deg
NO_MATCH: 2021-02-21T05:51:33Z -> data/sisbra_all_w24/20210221T055133_row4479
[2480/3570] SISBRA 2021-02-21T17:39:59 lat=-11.980 lon=-57.610 mag=1.8 window=+/-120.0s r=1.0deg
  candidates=1 scored=1
  best=smi:org.gfz-potsdam.de/geofon/usp2021dmfe dt_s=0.537 dist_km=8.107 picks<=400.0km=2
NO_MATCH: 2021-02-21T06:26:21Z -> data/sisbra_all_w24/20210221T062621_row4480
[2481/3570] SISBRA 2021-02-21T21:41:11 lat=-5.820 lon=-37.450 mag=1.8 window=+/-120.0s r=1.0deg
  candidates=1 scored=1
  candidates=1 scored=1
  best=smi:org.gfz-potsdam.de/geofon/usp2021dmdv dt_s=0.851 dist_km=0.310 picks<=400.0km=2
  candidates=1 scored=1
  best=smi:org.gfz-potsdam.de/geofon/usp2021bysn dt_s=0.834 dist_km=0.164 picks<=400.0km=16
  best=smi:org.gfz-potsdam.de/geofon/usp2021dmyf dt_s=1.100 dist_km=51.346 picks<=400.0km=1
MATCHED: 2021-02-19T08:51:46Z -> data/sisbra_all_w24/20210219T085146_usp2021dmfe_row4466 picks=2
[2482/3570] SISBRA 2021-02-21T23:14:14 lat=2.800 lon=-59.590 mag=2.9 window=+/-120.0s r=1.0deg
MATCHED: 2021-02-19T08:10:43Z -> data/sisbra_all_w24/20210219T081043_usp2021dmdv_row4464 picks=2
[2483/3570] SISBRA 2021-02-22T05:15:31 lat=-5.770 lon=-37.440 mag=1.1 window=+/-120.0s r=1.0deg
MATCHED: 2021-01-28T18:08:47Z -> data/sisbra_all_w24/20210128T180847_usp2021bysn_row4425 picks=16
[2484/3570] SISBRA 2021-02-22T18:00:13 lat=2.740 lon=-59.550 mag=4.2 window=+/-120.0s r=1.0deg
MATCHED: 2021-02-19T18:28:15Z -> data/sisbra_all_w24/20210219T182816_usp2021dmyf_row4467 picks=1
[2485/3570] SISBRA 2021-02-22T19:14:19 lat=-5.680 lon=-37.470 mag=2.2 window=+/-120.0s r=1.0deg
  candidates=1 scored=1
  best=smi:org.gfz-potsdam.de/geofon/usp2021dbnp dt_s=0.224 dist_km=0.524 picks<=400.0km=2
  candidates=1 scored=1
  best=smi:org.gfz-potsdam.de/geofon/usp2021beoc dt_s=3.587 dist_km=34.900 picks<=400.0km=2
  candidates=1 scored=1
  best=smi:org.gfz-potsdam.de/geofon/usp2021dmzi dt_s=0.000 dist_km=0.600 picks<=400.0km=1
  candidates=1 scored=1
  best=smi:org.gfz-potsdam.de/geofon/usp2021dobh dt_s=0.555 dist_km=25.319 picks<=400.0km=1
NO_MATCH: 2021-02-22T19:14:19Z -> data/sisbra_all_w24/20210222T191419_row4487
[2486/3570] SISBRA 2021-02-23T00:29:07 lat=-5.750 lon=-37.490 mag=1.3 window=+/-120.0s r=1.0deg
MATCHED: 2021-02-13T12:36:16Z -> data/sisbra_all_w24/20210213T123615_usp2021dbnp_row4459 picks=2
[2487/3570] SISBRA 2021-02-23T14:34:50 lat=-5.720 lon=-37.480 mag=1.7 window=+/-120.0s r=1.0deg
MATCHED: 2021-01-17T17:12:09Z -> data/sisbra_all_w24/20210117T171205_usp2021beoc_row4406 picks=2
[2488/3570] SISBRA 2021-02-23T15:39:54 lat=-5.720 lon=-37.470 mag=2.2 window=+/-120.0s r=1.0deg
MATCHED: 2021-02-20T09:09:40Z -> data/sisbra_all_w24/20210220T090940_usp2021dobh_row4470 picks=1
[2489/3570] SISBRA 2021-02-23T16:17:02 lat=-14.150 lon=-39.240 mag=2.2 window=+/-120.0s r=1.0deg
MATCHED: 2021-02-19T19:02:00Z -> data/sisbra_all_w24/20210219T190200_usp2021dmzi_row4468 picks=1
[2490/3570] SISBRA 2021-02-24T14:42:54 lat=2.830 lon=-59.640 mag=3.6 window=+/-120.0s r=1.0deg
  candidates=1 scored=1
NO_MATCH: 2021-02-23T14:34:50Z -> data/sisbra_all_w24/20210223T143450_row4489
[2491/3570] SISBRA 2021-02-24T17:59:52 lat=2.790 lon=-59.570 mag=3.9 window=+/-120.0s r=1.0degNO_MATCH: 2021-02-23T00:29:07Z -> data/sisbra_all_w24/20210223T002907_row4488
[2492/3570] SISBRA 2021-02-25T16:19:34 lat=-5.130 lon=-39.500 mag=2.3 window=+/-120.0s r=1.0deg
  best=smi:org.gfz-potsdam.de/geofon/usp2021crio dt_s=0.720 dist_km=0.575 picks<=400.0km=2

NO_MATCH: 2021-02-23T15:39:54Z -> data/sisbra_all_w24/20210223T153954_row4490
[2493/3570] SISBRA 2021-02-26T04:49:16 lat=-6.040 lon=-37.990 mag=1.4 window=+/-120.0s r=1.0deg
MATCHED: 2021-02-07T22:40:46Z -> data/sisbra_all_w24/20210207T224046_usp2021crio_row4449 picks=2
[2494/3570] SISBRA 2021-02-26T18:12:01 lat=-10.940 lon=-39.410 mag=2.5 window=+/-120.0s r=1.0deg
  candidates=1 scored=1
  best=smi:org.gfz-potsdam.de/geofon/usp2021dovj dt_s=0.522 dist_km=16.276 picks<=400.0km=3
NO_MATCH: 2021-02-23T16:17:02Z -> data/sisbra_all_w24/20210223T161702_row4491
[2495/3570] SISBRA 2021-02-27T00:37:54 lat=-5.090 lon=-39.510 mag=2.3 window=+/-120.0s r=1.0deg
MATCHED: 2021-02-20T19:18:24Z -> data/sisbra_all_w24/20210220T191824_usp2021dovj_row4474 picks=3
[2496/3570] SISBRA 2021-02-27T02:03:13 lat=-5.090 lon=-39.490 mag=2.0 window=+/-120.0s r=1.0deg
  candidates=1 scored=1
  best=smi:org.gfz-potsdam.de/geofon/usp2021dotd dt_s=0.781 dist_km=0.594 picks<=400.0km=1
  candidates=1 scored=1
  best=smi:org.gfz-potsdam.de/geofon/usp2021dqyq dt_s=0.535 dist_km=0.484 picks<=400.0km=1
NO_MATCH: 2021-02-25T16:19:34Z -> data/sisbra_all_w24/20210225T161934_row4494
[2497/3570] SISBRA 2021-03-02T01:57:47 lat=-5.110 lon=-39.520 mag=1.5 window=+/-120.0s r=1.0deg
  candidates=1 scored=1
MATCHED: 2021-02-20T18:10:28Z -> data/sisbra_all_w24/20210220T181028_usp2021dotd_row4471 picks=1
[2498/3570] SISBRA 2021-03-03T03:35:13 lat=-16.880 lon=-37.900 mag=3.6 window=+/-120.0s r=1.0deg
MATCHED: 2021-02-21T23:14:14Z -> data/sisbra_all_w24/20210221T231414_usp2021dqyq_row4484 picks=1
[2499/3570] SISBRA 2021-03-03T03:43:22 lat=-16.880 lon=-37.920 mag=3.2 window=+/-120.0s r=1.0deg
  best=smi:org.gfz-potsdam.de/geofon/usp2021cxnu dt_s=1.124 dist_km=0.662 picks<=400.0km=5
NO_MATCH: 2021-02-26T04:49:16Z -> data/sisbra_all_w24/20210226T044916_row4495
[2500/3570] SISBRA 2021-03-03T08:36:57 lat=-5.460 lon=-36.130 mag=2.1 window=+/-120.0s r=1.0deg
NO_MATCH: 2021-02-26T18:12:01Z -> data/sisbra_all_w24/20210226T181201_row4496
[2501/3570] SISBRA 2021-03-03T09:25:40 lat=-5.460 lon=-36.130 mag=2.3 window=+/-120.0s r=1.0deg
MATCHED: 2021-02-11T08:09:28Z -> data/sisbra_all_w24/20210211T080926_usp2021cxnu_row4456 picks=5
[2502/3570] SISBRA 2021-03-03T09:37:34 lat=-5.420 lon=-36.080 mag=2.6 window=+/-120.0s r=1.0deg
NO_MATCH: 2021-02-27T02:03:13Z -> data/sisbra_all_w24/20210227T020313_row4498
[2503/3570] SISBRA 2021-03-03T10:24:56 lat=-5.540 lon=-36.130 mag=2.5 window=+/-120.0s r=1.0deg
  candidates=1 scored=1
  best=smi:org.gfz-potsdam.de/geofon/usp2021dbkg dt_s=0.739 dist_km=0.590 picks<=400.0km=2
  candidates=1 scored=1
  best=smi:org.gfz-potsdam.de/geofon/usp2021djzy dt_s=3.735 dist_km=49.927 picks<=400.0km=1
MATCHED: 2021-02-18T03:55:54Z -> data/sisbra_all_w24/20210218T035550_usp2021djzy_row4462 picks=1
[2504/3570] SISBRA 2021-03-03T12:58:00 lat=-5.510 lon=-36.100 mag=3.0 window=+/-120.0s r=1.0deg
MATCHED: 2021-02-13T10:54:54Z -> data/sisbra_all_w24/20210213T105453_usp2021dbkg_row4458 picks=2
[2505/3570] SISBRA 2021-03-03T14:14:00 lat=-5.530 lon=-36.130 mag=3.0 window=+/-120.0s r=1.0deg
NO_MATCH: 2021-03-02T01:57:47Z -> data/sisbra_all_w24/20210302T015747_row4499
[2506/3570] SISBRA 2021-03-04T02:26:00 lat=-5.560 lon=-36.140 mag=2.5 window=+/-120.0s r=1.0deg
  candidates=1 scored=1
  best=smi:org.gfz-potsdam.de/geofon/usp2021dovx dt_s=0.218 dist_km=0.490 picks<=400.0km=4
  candidates=1 scored=1
  best=smi:org.gfz-potsdam.de/geofon/usp2021cqam dt_s=1.097 dist_km=3.859 picks<=400.0km=2
  candidates=1 scored=1
  best=smi:org.gfz-potsdam.de/geofon/usp2021douw dt_s=0.634 dist_km=24.779 picks<=400.0km=1
NO_MATCH: 2021-03-03T09:25:40Z -> data/sisbra_all_w24/20210303T092540_row4503
[2507/3570] SISBRA 2021-03-04T06:34:00 lat=-5.540 lon=-36.160 mag=2.1 window=+/-120.0s r=1.0deg
NO_MATCH: 2021-03-03T08:36:57Z -> data/sisbra_all_w24/20210303T083657_row4502
[2508/3570] SISBRA 2021-03-04T15:40:26 lat=-9.780 lon=-40.010 mag=2.0 window=+/-120.0s r=1.0deg
MATCHED: 2021-02-07T05:29:24Z -> data/sisbra_all_w24/20210207T052922_usp2021cqam_row4447 picks=2
[2509/3570] SISBRA 2021-03-05T23:54:26 lat=2.700 lon=-59.530 mag=3.5 window=+/-120.0s r=1.0deg
MATCHED: 2021-02-20T19:34:49Z -> data/sisbra_all_w24/20210220T193449_usp2021dovx_row4475 picks=4
[2510/3570] SISBRA 2021-03-07T11:45:52 lat=-19.700 lon=-44.010 mag=2.5 window=+/-120.0s r=1.0deg
MATCHED: 2021-02-20T19:02:43Z -> data/sisbra_all_w24/20210220T190243_usp2021douw_row4472 picks=1
[2511/3570] SISBRA 2021-03-07T22:44:50 lat=-6.070 lon=-37.960 mag=1.5 window=+/-120.0s r=1.0deg
  candidates=1 scored=1
  best=smi:org.gfz-potsdam.de/geofon/usp2021drko dt_s=2.176 dist_km=3.381 picks<=400.0km=4
NO_MATCH: 2021-03-03T12:58:00Z -> data/sisbra_all_w24/20210303T125800_row4506
[2512/3570] SISBRA 2021-03-07T23:17:53 lat=-5.720 lon=-37.520 mag=2.4 window=+/-120.0s r=1.0deg
NO_MATCH: 2021-03-03T09:37:34Z -> data/sisbra_all_w24/20210303T093734_row4504
[2513/3570] SISBRA 2021-03-08T04:52:34 lat=-5.680 lon=-37.480 mag=1.3 window=+/-120.0s r=1.0deg
  candidates=1 scored=1
  best=smi:org.gfz-potsdam.de/geofon/usp2021dpov dt_s=1.199 dist_km=3.868 picks<=400.0km=4
NO_MATCH: 2021-03-03T14:14:00Z -> data/sisbra_all_w24/20210303T141400_row4507
[2514/3570] SISBRA 2021-03-10T18:53:00 lat=-10.810 lon=-37.550 mag=2.0 window=+/-120.0s r=1.0deg
MATCHED: 2021-02-22T05:15:31Z -> data/sisbra_all_w24/20210222T051528_usp2021drko_row4485 picks=4
[2515/3570] SISBRA 2021-03-10T20:23:12 lat=-20.200 lon=-51.010 mag=2.6 window=+/-120.0s r=1.0deg
NO_MATCH: 2021-03-04T02:26:00Z -> data/sisbra_all_w24/20210304T022600_row4508
[2516/3570] SISBRA 2021-03-10T23:18:33 lat=-0.930 lon=-60.780 mag=3.9 window=+/-120.0s r=1.0deg
  candidates=1 scored=1
  best=smi:org.gfz-potsdam.de/geofon/usp2021dqnq dt_s=0.200 dist_km=14.846 picks<=400.0km=2
MATCHED: 2021-02-21T05:08:01Z -> data/sisbra_all_w24/20210221T050759_usp2021dpov_row4478 picks=4
[2517/3570] SISBRA 2021-03-12T14:37:58 lat=-11.120 lon=-40.770 mag=2.1 window=+/-120.0s r=1.0deg
MATCHED: 2021-02-21T17:39:59Z -> data/sisbra_all_w24/20210221T173959_usp2021dqnq_row4482 picks=2
[2518/3570] SISBRA 2021-03-12T14:38:01 lat=-11.180 lon=-40.540 mag=1.5 window=+/-120.0s r=1.0deg
  candidates=1 scored=1
  best=smi:org.gfz-potsdam.de/geofon/usp2021dvuh dt_s=0.387 dist_km=32.072 picks<=400.0km=1
  candidates=1 scored=1
  best=smi:org.gfz-potsdam.de/geofon/usp2021dqfm dt_s=1.390 dist_km=3.364 picks<=400.0km=4
MATCHED: 2021-02-24T14:42:54Z -> data/sisbra_all_w24/20210224T144254_usp2021dvuh_row4492 picks=1
[2519/3570] SISBRA 2021-03-12T21:02:20 lat=-25.800 lon=-56.890 mag=0.0 window=+/-120.0s r=1.0deg
MATCHED: 2021-02-21T13:33:18Z -> data/sisbra_all_w24/20210221T133316_usp2021dqfm_row4481 picks=4
[2520/3570] SISBRA 2021-03-14T05:42:04 lat=-9.670 lon=-36.320 mag=2.1 window=+/-120.0s r=1.0deg
  candidates=1 scored=1
  best=smi:org.gfz-potsdam.de/geofon/usp2021dwau dt_s=1.824 dist_km=24.702 picks<=400.0km=1
  candidates=1 scored=1
  best=smi:org.gfz-potsdam.de/geofon/usp2021dqvp dt_s=1.222 dist_km=7.152 picks<=400.0km=6
MATCHED: 2021-02-24T17:59:52Z -> data/sisbra_all_w24/20210224T175950_usp2021dwau_row4493 picks=1
[2521/3570] SISBRA 2021-03-14T14:22:32 lat=-5.560 lon=-35.220 mag=1.6 window=+/-120.0s r=1.0deg
MATCHED: 2021-02-21T21:41:11Z -> data/sisbra_all_w24/20210221T214109_usp2021dqvp_row4483 picks=6
[2522/3570] SISBRA 2021-03-15T20:01:29 lat=-14.410 lon=-38.850 mag=2.1 window=+/-120.0s r=1.0deg
NO_MATCH: 2021-03-08T04:52:34Z -> data/sisbra_all_w24/20210308T045234_row4515
[2523/3570] SISBRA 2021-03-15T20:03:27 lat=-3.420 lon=-40.330 mag=1.8 window=+/-120.0s r=1.0deg
  candidates=1 scored=1
  best=smi:org.gfz-potsdam.de/geofon/usp2021dpov dt_s=0.801 dist_km=0.366 picks<=400.0km=4
  candidates=1 scored=1
  best=smi:org.gfz-potsdam.de/geofon/usp2021emya dt_s=0.745 dist_km=10.335 picks<=400.0km=1
MATCHED: 2021-02-21T05:07:59Z -> data/sisbra_all_w24/20210221T050759_usp2021dpov_row4477 picks=4
[2524/3570] SISBRA 2021-03-17T01:38:35 lat=-21.940 lon=-49.820 mag=3.0 window=+/-120.0s r=1.0deg
MATCHED: 2021-03-05T23:54:26Z -> data/sisbra_all_w24/20210305T235426_usp2021emya_row4511 picks=1
[2525/3570] SISBRA 2021-03-17T07:45:59 lat=-2.140 lon=-53.230 mag=2.3 window=+/-120.0s r=1.0deg
NO_MATCH: 2021-03-10T18:53:00Z -> data/sisbra_all_w24/20210310T185300_row4516
[2526/3570] SISBRA 2021-03-18T19:36:09 lat=-11.210 lon=-40.580 mag=2.3 window=+/-120.0s r=1.0deg
NO_MATCH: 2021-03-04T15:40:26Z -> data/sisbra_all_w24/20210304T154026_row4510
[2527/3570] SISBRA 2021-03-18T21:07:16 lat=-11.180 lon=-40.540 mag=1.5 window=+/-120.0s r=1.0deg
NO_MATCH: 2021-03-12T21:02:20Z -> data/sisbra_all_w24/20210312T210220_row4521
[2528/3570] SISBRA 2021-03-19T05:39:57 lat=-20.430 lon=-43.990 mag=2.0 window=+/-120.0s r=1.0deg
  candidates=1 scored=1
  best=smi:org.gfz-potsdam.de/geofon/usp2021doxx dt_s=0.173 dist_km=32.838 picks<=400.0km=1
MATCHED: 2021-02-20T20:35:38Z -> data/sisbra_all_w24/20210220T203538_usp2021doxx_row4476 picks=1
[2529/3570] SISBRA 2021-03-19T05:39:58 lat=-20.470 lon=-43.950 mag=2.1 window=+/-120.0s r=1.0deg
NO_MATCH: 2021-03-14T05:42:04Z -> data/sisbra_all_w24/20210314T054204_row4522
[2530/3570] SISBRA 2021-03-19T14:45:00 lat=-13.690 lon=-40.560 mag=2.1 window=+/-120.0s r=1.0deg
  candidates=1 scored=1
  best=smi:org.gfz-potsdam.de/geofon/usp2021ezae dt_s=0.000 dist_km=0.607 picks<=400.0km=1
NO_MATCH: 2021-03-04T06:34:00Z -> data/sisbra_all_w24/20210304T063400_row4509
[2531/3570] SISBRA 2021-03-19T17:00:00 lat=-13.690 lon=-40.560 mag=2.1 window=+/-120.0s r=1.0deg
MATCHED: 2021-03-12T14:38:01Z -> data/sisbra_all_w24/20210312T143801_usp2021ezae_row4520 picks=1
[2532/3570] SISBRA 2021-03-20T03:54:00 lat=-14.210 lon=-39.830 mag=2.2 window=+/-120.0s r=1.0deg
NO_MATCH: 2021-03-17T07:45:59Z -> data/sisbra_all_w24/20210317T074559_row4527
[2533/3570] SISBRA 2021-03-24T02:11:33 lat=2.810 lon=-59.620 mag=4.1 window=+/-120.0s r=1.0deg
NO_MATCH: 2021-03-15T20:01:29Z -> data/sisbra_all_w24/20210315T200129_row4524
[2534/3570] SISBRA 2021-03-25T14:17:54 lat=-14.500 lon=-59.310 mag=3.3 window=+/-120.0s r=1.0deg
NO_MATCH: 2021-03-19T14:45:00Z -> data/sisbra_all_w24/20210319T144500_row4531
[2535/3570] SISBRA 2021-03-26T05:37:00 lat=-8.480 lon=-35.060 mag=2.1 window=+/-120.0s r=1.0deg
  candidates=1 scored=1
  best=smi:org.gfz-potsdam.de/geofon/usp2021eaey dt_s=1.446 dist_km=5.145 picks<=400.0km=8
NO_MATCH: 2021-03-19T17:00:00Z -> data/sisbra_all_w24/20210319T170000_row4532
[2536/3570] SISBRA 2021-03-26T11:05:00 lat=-5.660 lon=-37.480 mag=2.3 window=+/-120.0s r=1.0deg
  candidates=1 scored=1
  best=smi:org.gfz-potsdam.de/geofon/usp2021dsju dt_s=0.724 dist_km=22.072 picks<=400.0km=0
MATCHED: 2021-02-27T00:37:54Z -> data/sisbra_all_w24/20210227T003752_usp2021eaey_row4497 picks=8
[2537/3570] SISBRA 2021-03-26T11:21:18 lat=-8.920 lon=-74.520 mag=4.2 window=+/-120.0s r=1.0deg
NO_MATCH: 2021-03-20T03:54:00Z -> data/sisbra_all_w24/20210320T035400_row4534
[2538/3570] SISBRA 2021-03-26T15:57:43 lat=2.730 lon=-59.550 mag=4.7 window=+/-120.0s r=1.0deg
NO_MATCH: 2021-03-25T14:17:54Z -> data/sisbra_all_w24/20210325T141754_row4536
[2539/3570] SISBRA 2021-03-27T15:26:00 lat=-14.160 lon=-39.350 mag=2.1 window=+/-120.0s r=1.0deg
MATCHED: 2021-02-22T18:00:13Z -> data/sisbra_all_w24/20210222T180013_usp2021dsju_row4486 picks=0
[2540/3570] SISBRA 2021-03-27T21:35:37 lat=-5.780 lon=-37.480 mag=2.5 window=+/-120.0s r=1.0deg
NO_MATCH: 2021-03-26T05:37:00Z -> data/sisbra_all_w24/20210326T053700_row4537
[2541/3570] SISBRA 2021-03-27T21:39:00 lat=-5.630 lon=-37.370 mag=2.1 window=+/-120.0s r=1.0deg
  candidates=1 scored=1
  best=smi:org.gfz-potsdam.de/geofon/usp2021ewai dt_s=1.780 dist_km=5.858 picks<=400.0km=2
NO_MATCH: 2021-03-26T11:05:00Z -> data/sisbra_all_w24/20210326T110500_row4538
[2542/3570] SISBRA 2021-03-28T05:50:01 lat=2.700 lon=-59.580 mag=3.0 window=+/-120.0s r=1.0deg
MATCHED: 2021-03-10T23:18:33Z -> data/sisbra_all_w24/20210310T231834_usp2021ewai_row4518 picks=2
[2543/3570] SISBRA 2021-03-30T02:24:17 lat=-8.230 lon=-35.110 mag=1.5 window=+/-120.0s r=1.0deg
NO_MATCH: 2021-03-27T15:26:00Z -> data/sisbra_all_w24/20210327T152600_row4541
[2544/3570] SISBRA 2021-03-30T22:29:40 lat=2.610 lon=-59.520 mag=3.5 window=+/-120.0s r=1.0deg
  candidates=1 scored=1
  best=smi:org.gfz-potsdam.de/geofon/usp2021fexk dt_s=1.560 dist_km=24.688 picks<=400.0km=2
  candidates=1 scored=1
  best=smi:org.gfz-potsdam.de/geofon/usp2021ezae dt_s=3.000 dist_km=26.279 picks<=400.0km=1
MATCHED: 2021-03-15T20:03:27Z -> data/sisbra_all_w24/20210315T200325_usp2021fexk_row4525 picks=2
[2545/3570] SISBRA 2021-03-31T21:24:09 lat=2.690 lon=-59.510 mag=4.3 window=+/-120.0s r=1.0deg
NO_MATCH: 2021-03-27T21:39:00Z -> data/sisbra_all_w24/20210327T213900_row4543
[2546/3570] SISBRA 2021-04-01T17:11:00 lat=-13.690 lon=-40.650 mag=2.2 window=+/-120.0s r=1.0deg
MATCHED: 2021-03-12T14:37:58Z -> data/sisbra_all_w24/20210312T143801_usp2021ezae_row4519 picks=1
[2547/3570] SISBRA 2021-04-01T18:10:00 lat=-14.150 lon=-39.490 mag=2.1 window=+/-120.0s r=1.0deg
NO_MATCH: 2021-04-01T17:11:00Z -> data/sisbra_all_w24/20210401T171100_row4548
[2548/3570] SISBRA 2021-04-03T14:41:01 lat=2.700 lon=-59.520 mag=4.2 window=+/-120.0s r=1.0deg
NO_MATCH: 2021-04-01T18:10:00Z -> data/sisbra_all_w24/20210401T181000_row4549
[2549/3570] SISBRA 2021-04-04T19:06:01 lat=-11.220 lon=-40.700 mag=1.5 window=+/-120.0s r=1.0deg
  candidates=1 scored=1
  best=smi:org.gfz-potsdam.de/geofon/usp2021eqnv dt_s=0.220 dist_km=2.559 picks<=400.0km=4
MATCHED: 2021-03-07T23:17:53Z -> data/sisbra_all_w24/20210307T231752_usp2021eqnv_row4514 picks=4
[2550/3570] SISBRA 2021-04-05T16:59:24 lat=-7.280 lon=-35.910 mag=1.5 window=+/-120.0s r=1.0deg
  candidates=1 scored=1
  best=smi:org.gfz-potsdam.de/geofon/usp2021fcqr dt_s=0.600 dist_km=4.928 picks<=400.0km=3
MATCHED: 2021-03-14T14:22:32Z -> data/sisbra_all_w24/20210314T142232_usp2021fcqr_row4523 picks=3
[2551/3570] SISBRA 2021-04-05T17:07:40 lat=-7.210 lon=-35.940 mag=1.9 window=+/-120.0s r=1.0deg
  candidates=1 scored=1
  best=smi:org.gfz-potsdam.de/geofon/usp2021eigh dt_s=2.360 dist_km=6.797 picks<=400.0km=3
  candidates=1 scored=1
  best=smi:org.gfz-potsdam.de/geofon/usp2021fhdz dt_s=0.020 dist_km=1.647 picks<=400.0km=2
  candidates=1 scored=1
  best=smi:org.gfz-potsdam.de/geofon/usp2021epqz dt_s=0.550 dist_km=5.773 picks<=400.0km=7
MATCHED: 2021-03-03T10:24:56Z -> data/sisbra_all_w24/20210303T102458_usp2021eigh_row4505 picks=3
[2552/3570] SISBRA 2021-04-05T18:36:57 lat=-10.260 lon=-37.710 mag=2.3 window=+/-120.0s r=1.0deg
MATCHED: 2021-03-07T11:45:52Z -> data/sisbra_all_w24/20210307T114552_usp2021epqz_row4512 picks=7
[2553/3570] SISBRA 2021-04-07T00:40:42 lat=-6.210 lon=-49.780 mag=3.3 window=+/-120.0s r=1.0deg
MATCHED: 2021-03-17T01:38:35Z -> data/sisbra_all_w24/20210317T013835_usp2021fhdz_row4526 picks=2
[2554/3570] SISBRA 2021-04-07T11:45:46 lat=2.730 lon=-59.570 mag=3.7 window=+/-120.0s r=1.0deg
  candidates=1 scored=1
  best=smi:org.gfz-potsdam.de/geofon/usp2021fkja dt_s=0.847 dist_km=5.023 picks<=400.0km=2
NO_MATCH: 2021-04-05T18:36:57Z -> data/sisbra_all_w24/20210405T183657_row4554
[2555/3570] SISBRA 2021-04-07T15:57:02 lat=-13.610 lon=-40.240 mag=2.3 window=+/-120.0s r=1.0deg
  candidates=1 scored=1
  best=smi:org.gfz-potsdam.de/geofon/usp2021flcy dt_s=0.114 dist_km=2.147 picks<=400.0km=8
MATCHED: 2021-03-18T19:36:09Z -> data/sisbra_all_w24/20210318T193609_usp2021fkja_row4528 picks=2
[2556/3570] SISBRA 2021-04-08T06:44:32 lat=2.730 lon=-59.590 mag=3.7 window=+/-120.0s r=1.0deg
  candidates=1 scored=1
  best=smi:org.gfz-potsdam.de/geofon/usp2021geza dt_s=0.863 dist_km=0.549 picks<=400.0km=3
  candidates=1 scored=1
  candidates=1 scored=1
  best=smi:org.gfz-potsdam.de/geofon/usp2021eqms dt_s=0.420 dist_km=2.505 picks<=400.0km=3
  best=smi:org.gfz-potsdam.de/geofon/usp2021evuo dt_s=0.150 dist_km=1.945 picks<=400.0km=3
  candidates=1 scored=1
MATCHED: 2021-03-19T05:39:58Z -> data/sisbra_all_w24/20210319T053957_usp2021flcy_row4530 picks=8
[2557/3570] SISBRA 2021-04-08T07:59:40 lat=-7.410 lon=-74.740 mag=4.2 window=+/-120.0s r=1.0deg
  best=smi:org.gfz-potsdam.de/geofon/usp2021fkmb dt_s=0.833 dist_km=0.516 picks<=400.0km=1
MATCHED: 2021-03-30T02:24:17Z -> data/sisbra_all_w24/20210330T022417_usp2021geza_row4545 picks=3
[2558/3570] SISBRA 2021-04-08T15:29:14 lat=-8.210 lon=-35.000 mag=1.8 window=+/-120.0s r=1.0deg
NO_MATCH: 2021-04-07T15:57:02Z -> data/sisbra_all_w24/20210407T155702_row4557
[2559/3570] SISBRA 2021-04-10T11:02:36 lat=-7.160 lon=-36.060 mag=1.8 window=+/-120.0s r=1.0deg
MATCHED: 2021-03-10T20:23:12Z -> data/sisbra_all_w24/20210310T202312_usp2021evuo_row4517 picks=3
[2560/3570] SISBRA 2021-04-10T15:51:34 lat=-7.030 lon=-37.350 mag=1.7 window=+/-120.0s r=1.0deg
MATCHED: 2021-03-07T22:44:50Z -> data/sisbra_all_w24/20210307T224450_usp2021eqms_row4513 picks=3
[2561/3570] SISBRA 2021-04-10T20:51:38 lat=-6.960 lon=-37.170 mag=1.3 window=+/-120.0s r=1.0deg
MATCHED: 2021-03-18T21:07:16Z -> data/sisbra_all_w24/20210318T210716_usp2021fkmb_row4529 picks=1
[2562/3570] SISBRA 2021-04-11T04:21:02 lat=-9.240 lon=-71.300 mag=4.3 window=+/-120.0s r=1.0deg
  candidates=1 scored=1
  best=smi:org.gfz-potsdam.de/geofon/usp2021flcy dt_s=0.886 dist_km=4.710 picks<=400.0km=8
  candidates=1 scored=1
  best=smi:org.gfz-potsdam.de/geofon/usp2021gbov dt_s=0.600 dist_km=13.435 picks<=400.0km=2
NO_MATCH: 2021-04-08T15:29:14Z -> data/sisbra_all_w24/20210408T152914_row4560
[2563/3570] SISBRA 2021-04-11T21:42:43 lat=-4.380 lon=-38.420 mag=2.0 window=+/-120.0s r=1.0deg
NO_MATCH: 2021-04-10T15:51:34Z -> data/sisbra_all_w24/20210410T155134_row4562
[2564/3570] SISBRA 2021-04-12T03:46:39 lat=6.080 lon=-38.080 mag=4.1 window=+/-120.0s r=1.0deg
NO_MATCH: 2021-04-10T11:02:36Z -> data/sisbra_all_w24/20210410T110236_row4561
[2565/3570] SISBRA 2021-04-12T17:57:44 lat=-18.950 lon=-41.900 mag=2.5 window=+/-120.0s r=1.0deg
MATCHED: 2021-03-19T05:39:57Z -> data/sisbra_all_w24/20210319T053957_usp2021flcy_row4533 picks=8
[2566/3570] SISBRA 2021-04-13T04:09:34 lat=-5.080 lon=-37.740 mag=1.7 window=+/-120.0s r=1.0deg
MATCHED: 2021-03-28T05:50:01Z -> data/sisbra_all_w24/20210328T055001_usp2021gbov_row4544 picks=2
[2567/3570] SISBRA 2021-04-14T06:16:54 lat=-18.820 lon=-44.780 mag=2.6 window=+/-120.0s r=1.0deg
  candidates=1 scored=1
  best=smi:org.gfz-potsdam.de/geofon/usp2021gpjp dt_s=4.661 dist_km=18.753 picks<=400.0km=1
NO_MATCH: 2021-04-10T20:51:38Z -> data/sisbra_all_w24/20210410T205138_row4563
[2568/3570] SISBRA 2021-04-14T06:57:17 lat=2.610 lon=-59.640 mag=3.4 window=+/-120.0s r=1.0deg
  candidates=1 scored=1
  best=smi:org.gfz-potsdam.de/geofon/usp2021grax dt_s=0.546 dist_km=0.636 picks<=400.0km=3
  candidates=1 scored=1
  best=smi:org.gfz-potsdam.de/geofon/usp2021grbe dt_s=0.380 dist_km=0.551 picks<=400.0km=5
MATCHED: 2021-04-04T19:06:01Z -> data/sisbra_all_w24/20210404T190605_usp2021gpjp_row4551 picks=1
[2569/3570] SISBRA 2021-04-14T19:58:00 lat=-14.150 lon=-39.520 mag=2.4 window=+/-120.0s r=1.0deg
MATCHED: 2021-04-05T16:59:24Z -> data/sisbra_all_w24/20210405T165924_usp2021grax_row4552 picks=3
[2570/3570] SISBRA 2021-04-15T05:55:53 lat=-12.580 lon=-38.190 mag=2.1 window=+/-120.0s r=1.0deg
NO_MATCH: 2021-04-11T21:42:43Z -> data/sisbra_all_w24/20210411T214243_row4565
[2571/3570] SISBRA 2021-04-15T20:53:36 lat=-17.560 lon=-52.560 mag=2.3 window=+/-120.0s r=1.0deg
  candidates=1 scored=1
  best=smi:org.gfz-potsdam.de/geofon/usp2021guho dt_s=0.070 dist_km=12.502 picks<=400.0km=1
MATCHED: 2021-04-05T17:07:40Z -> data/sisbra_all_w24/20210405T170740_usp2021grbe_row4553 picks=5
[2572/3570] SISBRA 2021-04-16T03:59:04 lat=-28.850 lon=-51.150 mag=1.6 window=+/-120.0s r=1.0deg
MATCHED: 2021-04-07T11:45:46Z -> data/sisbra_all_w24/20210407T114546_usp2021guho_row4556 picks=1
[2573/3570] SISBRA 2021-04-19T03:22:19 lat=2.640 lon=-59.550 mag=3.5 window=+/-120.0s r=1.0deg
  candidates=1 scored=1
NO_MATCH: 2021-04-13T04:09:34Z -> data/sisbra_all_w24/20210413T040934_row4568
[2574/3570] SISBRA 2021-04-19T07:10:41 lat=-5.680 lon=-37.490 mag=1.4 window=+/-120.0s r=1.0deg
  best=smi:org.gfz-potsdam.de/geofon/usp2021ehtb dt_s=1.460 dist_km=10.923 picks<=400.0km=4
  candidates=1 scored=1
MATCHED: 2021-03-03T03:43:22Z -> data/sisbra_all_w24/20210303T034320_usp2021ehtb_row4501 picks=4
[2575/3570] SISBRA 2021-04-19T18:09:48 lat=-8.300 lon=-35.830 mag=1.8 window=+/-120.0s r=1.0deg
  best=smi:org.gfz-potsdam.de/geofon/usp2021fyit dt_s=0.773 dist_km=15.037 picks<=400.0km=2
NO_MATCH: 2021-04-15T05:55:53Z -> data/sisbra_all_w24/20210415T055553_row4572
[2576/3570] SISBRA 2021-04-19T19:59:05 lat=-14.140 lon=-39.640 mag=2.2 window=+/-120.0s r=1.0deg
MATCHED: 2021-03-26T11:21:18Z -> data/sisbra_all_w24/20210326T112118_usp2021fyit_row4539 picks=2
[2577/3570] SISBRA 2021-04-19T20:48:08 lat=-7.450 lon=-34.820 mag=2.0 window=+/-120.0s r=1.0deg
NO_MATCH: 2021-04-14T19:58:00Z -> data/sisbra_all_w24/20210414T195800_row4571
[2578/3570] SISBRA 2021-04-20T02:08:43 lat=2.730 lon=-59.590 mag=3.5 window=+/-120.0s r=1.0deg
NO_MATCH: 2021-04-19T07:10:41Z -> data/sisbra_all_w24/20210419T071041_row4576
[2579/3570] SISBRA 2021-04-20T15:18:43 lat=-5.750 lon=-37.530 mag=1.4 window=+/-120.0s r=1.0deg
  candidates=1 scored=1
  best=smi:org.gfz-potsdam.de/geofon/usp2021gayn dt_s=0.586 dist_km=10.922 picks<=400.0km=6
MATCHED: 2021-03-27T21:35:37Z -> data/sisbra_all_w24/20210327T213536_usp2021gayn_row4542 picks=6
[2580/3570] SISBRA 2021-04-22T01:04:02 lat=2.730 lon=-59.630 mag=3.6 window=+/-120.0s r=1.0deg
NO_MATCH: 2021-04-19T19:59:05Z -> data/sisbra_all_w24/20210419T195905_row4578
[2581/3570] SISBRA 2021-04-22T13:20:20 lat=-4.440 lon=-38.430 mag=2.4 window=+/-120.0s r=1.0deg
  candidates=1 scored=1
NO_MATCH: 2021-04-19T18:09:48Z -> data/sisbra_all_w24/20210419T180948_row4577
[2582/3570] SISBRA 2021-04-22T14:06:33 lat=-4.010 lon=-38.560 mag=1.2 window=+/-120.0s r=1.0deg
  best=smi:org.gfz-potsdam.de/geofon/usp2021ehsu dt_s=0.710 dist_km=9.162 picks<=400.0km=4
NO_MATCH: 2021-04-20T15:18:43Z -> data/sisbra_all_w24/20210420T151843_row4581
[2583/3570] SISBRA 2021-04-23T20:02:13 lat=-14.120 lon=-39.140 mag=2.1 window=+/-120.0s r=1.0deg
MATCHED: 2021-03-03T03:35:13Z -> data/sisbra_all_w24/20210303T033512_usp2021ehsu_row4500 picks=4
[2584/3570] SISBRA 2021-04-24T17:34:43 lat=-19.600 lon=-43.340 mag=2.6 window=+/-120.0s r=1.0deg
NO_MATCH: 2021-04-22T14:06:33Z -> data/sisbra_all_w24/20210422T140633_row4584
[2585/3570] SISBRA 2021-04-24T20:38:23 lat=-6.530 lon=-39.510 mag=1.7 window=+/-120.0s r=1.0deg
NO_MATCH: 2021-04-23T20:02:13Z -> data/sisbra_all_w24/20210423T200213_row4585
[2586/3570] SISBRA 2021-04-26T05:02:12 lat=-21.350 lon=-48.460 mag=1.9 window=+/-120.0s r=1.0deg
  candidates=1 scored=1
  best=smi:org.gfz-potsdam.de/geofon/usp2021ggmu dt_s=0.390 dist_km=9.808 picks<=400.0km=5
  candidates=1 scored=1
  best=smi:org.gfz-potsdam.de/geofon/usp2021hgsp dt_s=0.045 dist_km=1.530 picks<=400.0km=1
MATCHED: 2021-04-14T06:57:17Z -> data/sisbra_all_w24/20210414T065716_usp2021hgsp_row4570 picks=1
[2587/3570] SISBRA 2021-04-26T18:17:06 lat=-14.170 lon=-39.800 mag=2.1 window=+/-120.0s r=1.0deg
MATCHED: 2021-03-30T22:29:40Z -> data/sisbra_all_w24/20210330T222940_usp2021ggmu_row4546 picks=5
[2588/3570] SISBRA 2021-04-27T11:05:45 lat=-5.150 lon=-39.410 mag=2.0 window=+/-120.0s r=1.0deg
NO_MATCH: 2021-04-26T18:17:06Z -> data/sisbra_all_w24/20210426T181706_row4589
[2589/3570] SISBRA 2021-04-28T03:26:40 lat=-0.550 lon=-61.630 mag=4.7 window=+/-120.0s r=1.0deg
NO_MATCH: 2021-04-27T11:05:45Z -> data/sisbra_all_w24/20210427T110545_row4590
[2590/3570] SISBRA 2021-04-28T14:14:29 lat=-5.690 lon=-37.470 mag=2.0 window=+/-120.0s r=1.0deg
  candidates=1 scored=1
  best=smi:org.gfz-potsdam.de/geofon/usp2021hjpr dt_s=0.430 dist_km=0.322 picks<=400.0km=4
MATCHED: 2021-04-15T20:53:36Z -> data/sisbra_all_w24/20210415T205336_usp2021hjpr_row4573 picks=4
[2591/3570] SISBRA 2021-04-28T15:51:32 lat=-20.300 lon=-49.230 mag=2.3 window=+/-120.0s r=1.0deg
NO_MATCH: 2021-04-28T14:14:29Z -> data/sisbra_all_w24/20210428T141429_row4592
[2592/3570] SISBRA 2021-04-29T05:45:07 lat=-5.580 lon=-36.150 mag=1.8 window=+/-120.0s r=1.0deg
  candidates=1 scored=1
  best=smi:org.gfz-potsdam.de/geofon/usp2021hkds dt_s=0.284 dist_km=23.981 picks<=400.0km=2
MATCHED: 2021-04-16T03:59:04Z -> data/sisbra_all_w24/20210416T035904_usp2021hkds_row4574 picks=2
[2593/3570] SISBRA 2021-04-30T19:00:04 lat=-5.630 lon=-36.100 mag=1.5 window=+/-120.0s r=1.0deg
  candidates=1 scored=1
  best=smi:org.gfz-potsdam.de/geofon/usp2021ftzp dt_s=0.380 dist_km=0.599 picks<=400.0km=1
  candidates=1 scored=1
  best=smi:org.gfz-potsdam.de/geofon/usp2021gtlq dt_s=0.531 dist_km=3.903 picks<=400.0km=8
NO_MATCH: 2021-04-30T19:00:04Z -> data/sisbra_all_w24/20210430T190004_row4595
[2594/3570] SISBRA 2021-05-01T07:13:31 lat=-18.830 lon=-44.770 mag=2.7 window=+/-120.0s r=1.0deg
MATCHED: 2021-03-24T02:11:33Z -> data/sisbra_all_w24/20210324T021133_usp2021ftzp_row4535 picks=1
[2595/3570] SISBRA 2021-05-01T16:08:01 lat=-14.140 lon=-39.730 mag=2.5 window=+/-120.0s r=1.0deg
  candidates=1 scored=1
  best=smi:org.gfz-potsdam.de/geofon/usp2021iaas dt_s=0.228 dist_km=1.208 picks<=400.0km=1
MATCHED: 2021-04-07T00:40:42Z -> data/sisbra_all_w24/20210407T004041_usp2021gtlq_row4555 picks=8
[2596/3570] SISBRA 2021-05-02T13:53:34 lat=-19.680 lon=-44.030 mag=2.3 window=+/-120.0s r=1.0deg
  candidates=1 scored=1
  best=smi:org.gfz-potsdam.de/geofon/usp2021hqxn dt_s=0.149 dist_km=4.208 picks<=400.0km=3
  candidates=1 scored=1
  best=smi:org.gfz-potsdam.de/geofon/usp2021gvvp dt_s=0.020 dist_km=0.330 picks<=400.0km=2
  candidates=1 scored=1
  candidates=1 scored=1
  best=smi:org.gfz-potsdam.de/geofon/usp2021hdxj dt_s=0.122 dist_km=3.348 picks<=400.0km=6
  best=smi:org.gfz-potsdam.de/geofon/usp2021hcvh dt_s=0.273 dist_km=0.247 picks<=400.0km=0
MATCHED: 2021-04-24T20:38:23Z -> data/sisbra_all_w24/20210424T203823_usp2021iaas_row4587 picks=1
[2597/3570] SISBRA 2021-05-05T07:47:13 lat=-8.070 lon=-74.260 mag=4.4 window=+/-120.0s r=1.0deg
MATCHED: 2021-04-19T20:48:08Z -> data/sisbra_all_w24/20210419T204808_usp2021hqxn_row4579 picks=3
[2598/3570] SISBRA 2021-05-06T13:21:14 lat=-3.870 lon=-38.890 mag=2.0 window=+/-120.0s r=1.0deg
  candidates=1 scored=1
  candidates=1 scored=1
  best=smi:org.gfz-potsdam.de/geofon/usp2021gvtd dt_s=0.700 dist_km=9.344 picks<=400.0km=1
  best=smi:org.gfz-potsdam.de/geofon/usp2021gnfj dt_s=0.080 dist_km=0.342 picks<=400.0km=9
MATCHED: 2021-04-12T03:46:39Z -> data/sisbra_all_w24/20210412T034639_usp2021hcvh_row4566 picks=0
[2599/3570] SISBRA 2021-05-06T14:53:59 lat=-28.100 lon=-51.100 mag=2.3 window=+/-120.0s r=1.0deg
  candidates=1 scored=1
  best=smi:org.gfz-potsdam.de/geofon/usp2021hppa dt_s=0.150 dist_km=0.244 picks<=400.0km=1
MATCHED: 2021-04-08T07:59:40Z -> data/sisbra_all_w24/20210408T075940_usp2021gvvp_row4559 picks=2
[2600/3570] SISBRA 2021-05-06T23:22:26 lat=-0.610 lon=-61.390 mag=4.1 window=+/-120.0s r=1.0deg
MATCHED: 2021-04-12T17:57:44Z -> data/sisbra_all_w24/20210412T175743_usp2021hdxj_row4567 picks=6
[2601/3570] SISBRA 2021-05-08T11:55:29 lat=-33.600 lon=-55.990 mag=3.4 window=+/-120.0s r=1.0deg
MATCHED: 2021-04-08T06:44:32Z -> data/sisbra_all_w24/20210408T064432_usp2021gvtd_row4558 picks=1
[2602/3570] SISBRA 2021-05-08T17:58:25 lat=2.750 lon=-59.600 mag=2.7 window=+/-120.0s r=1.0deg
MATCHED: 2021-04-03T14:41:01Z -> data/sisbra_all_w24/20210403T144101_usp2021gnfj_row4550 picks=9
[2603/3570] SISBRA 2021-05-09T00:22:22 lat=-15.920 lon=-43.260 mag=2.7 window=+/-120.0s r=1.0deg
MATCHED: 2021-04-19T03:22:19Z -> data/sisbra_all_w24/20210419T032219_usp2021hppa_row4575 picks=1
[2604/3570] SISBRA 2021-05-09T22:43:33 lat=2.800 lon=-59.610 mag=3.8 window=+/-120.0s r=1.0deg
NO_MATCH: 2021-05-06T13:21:14Z -> data/sisbra_all_w24/20210506T132114_row4600
[2605/3570] SISBRA 2021-05-10T12:47:00 lat=-11.170 lon=-40.570 mag=2.0 window=+/-120.0s r=1.0deg
  candidates=1 scored=1
  best=smi:org.gfz-potsdam.de/geofon/usp2021hvvg dt_s=1.054 dist_km=11.266 picks<=400.0km=3
MATCHED: 2021-04-22T13:20:20Z -> data/sisbra_all_w24/20210422T132018_usp2021hvvg_row4583 picks=3
[2606/3570] SISBRA 2021-05-10T13:45:00 lat=-11.220 lon=-40.480 mag=2.0 window=+/-120.0s r=1.0deg
  candidates=1 scored=1
  best=smi:org.gfz-potsdam.de/geofon/usp2021huwy dt_s=0.678 dist_km=14.817 picks<=400.0km=2
  candidates=1 scored=1
  best=smi:org.gfz-potsdam.de/geofon/usp2021icmv dt_s=0.410 dist_km=0.532 picks<=400.0km=4
MATCHED: 2021-04-22T01:04:02Z -> data/sisbra_all_w24/20210422T010401_usp2021huwy_row4582 picks=2
[2607/3570] SISBRA 2021-05-12T10:37:42 lat=-19.230 lon=-40.850 mag=1.4 window=+/-120.0s r=1.0deg
MATCHED: 2021-04-26T05:02:12Z -> data/sisbra_all_w24/20210426T050212_usp2021icmv_row4588 picks=4
[2608/3570] SISBRA 2021-05-13T20:08:35 lat=-14.300 lon=-49.410 mag=2.5 window=+/-120.0s r=1.0deg
  candidates=1 scored=1
  best=smi:org.gfz-potsdam.de/geofon/usp2021hric dt_s=0.001 dist_km=12.741 picks<=400.0km=1
NO_MATCH: 2021-05-10T12:47:00Z -> data/sisbra_all_w24/20210510T124700_row4607
[2609/3570] SISBRA 2021-05-14T18:42:25 lat=-1.010 lon=-50.430 mag=4.3 window=+/-120.0s r=1.0deg
NO_MATCH: 2021-05-10T13:45:00Z -> data/sisbra_all_w24/20210510T134500_row4608
[2610/3570] SISBRA 2021-05-14T23:57:53 lat=-7.460 lon=-50.270 mag=3.3 window=+/-120.0s r=1.0deg
  candidates=1 scored=1
  best=smi:org.gfz-potsdam.de/geofon/usp2021cegw dt_s=0.231 dist_km=1.994 picks<=400.0km=2
MATCHED: 2021-04-20T02:08:43Z -> data/sisbra_all_w24/20210420T020842_usp2021hric_row4580 picks=1
[2611/3570] SISBRA 2021-05-15T04:27:18 lat=-6.420 lon=-50.080 mag=3.5 window=+/-120.0s r=1.0deg
MATCHED: 2021-01-31T19:05:13Z -> data/sisbra_all_w24/20210131T190512_usp2021cegw_row4432 picks=2
[2612/3570] SISBRA 2021-05-17T11:11:09 lat=-11.560 lon=-57.520 mag=2.8 window=+/-120.0s r=1.0deg
  candidates=1 scored=1
  best=smi:org.gfz-potsdam.de/geofon/usp2021gigd dt_s=0.490 dist_km=0.432 picks<=400.0km=4
  candidates=1 scored=1
  best=smi:org.gfz-potsdam.de/geofon/usp2021iiat dt_s=0.218 dist_km=5.989 picks<=400.0km=8
  candidates=1 scored=1
  best=smi:org.gfz-potsdam.de/geofon/usp2021ivnj dt_s=0.810 dist_km=0.597 picks<=400.0km=3
MATCHED: 2021-03-31T21:24:09Z -> data/sisbra_all_w24/20210331T212409_usp2021gigd_row4547 picks=4
[2613/3570] SISBRA 2021-05-17T17:09:23 lat=2.520 lon=-59.480 mag=3.1 window=+/-120.0s r=1.0deg
MATCHED: 2021-04-29T05:45:07Z -> data/sisbra_all_w24/20210429T054506_usp2021iiat_row4594 picks=8
[2614/3570] SISBRA 2021-05-17T23:27:28 lat=-13.060 lon=-39.570 mag=1.8 window=+/-120.0s r=1.0deg
MATCHED: 2021-05-06T14:53:59Z -> data/sisbra_all_w24/20210506T145359_usp2021ivnj_row4601 picks=3
[2615/3570] SISBRA 2021-05-18T05:23:18 lat=-13.060 lon=-39.570 mag=1.8 window=+/-120.0s r=1.0deg
  candidates=1 scored=1
  best=smi:org.gfz-potsdam.de/geofon/usp2021igzg dt_s=0.858 dist_km=3.063 picks<=400.0km=6
  candidates=1 scored=1
  candidates=1 scored=1
  best=smi:org.gfz-potsdam.de/geofon/usp2021ilur dt_s=0.090 dist_km=0.662 picks<=400.0km=5
  best=smi:org.gfz-potsdam.de/geofon/usp2021hgrg dt_s=0.200 dist_km=0.170 picks<=400.0km=6
MATCHED: 2021-05-01T07:13:31Z -> data/sisbra_all_w24/20210501T071331_usp2021ilur_row4596 picks=5
[2616/3570] SISBRA 2021-05-18T15:20:56 lat=-8.500 lon=-72.570 mag=4.1 window=+/-120.0s r=1.0deg
MATCHED: 2021-04-28T15:51:32Z -> data/sisbra_all_w24/20210428T155132_usp2021igzg_row4593 picks=6
[2617/3570] SISBRA 2021-05-22T14:08:10 lat=-12.120 lon=-49.490 mag=2.4 window=+/-120.0s r=1.0deg
  candidates=1 scored=1
  best=smi:org.gfz-potsdam.de/geofon/usp2021jgdy dt_s=0.958 dist_km=0.517 picks<=400.0km=2
MATCHED: 2021-04-14T06:16:54Z -> data/sisbra_all_w24/20210414T061654_usp2021hgrg_row4569 picks=6
[2618/3570] SISBRA 2021-05-26T14:34:03 lat=-2.790 lon=-39.550 mag=1.9 window=+/-120.0s r=1.0deg
MATCHED: 2021-05-12T10:37:42Z -> data/sisbra_all_w24/20210512T103742_usp2021jgdy_row4609 picks=2
[2619/3570] SISBRA 2021-05-26T17:02:14 lat=-19.240 lon=-40.860 mag=1.7 window=+/-120.0s r=1.0deg
  candidates=1 scored=1
  best=smi:org.gfz-potsdam.de/geofon/usp2021iyym dt_s=0.740 dist_km=5.102 picks<=400.0km=1
  candidates=1 scored=1
  best=smi:org.gfz-potsdam.de/geofon/usp2021izkm dt_s=1.221 dist_km=17.127 picks<=400.0km=1
MATCHED: 2021-05-08T17:58:25Z -> data/sisbra_all_w24/20210508T175823_usp2021izkm_row4604 picks=1
[2620/3570] SISBRA 2021-05-28T17:24:38 lat=-7.050 lon=-55.390 mag=2.8 window=+/-120.0s r=1.0deg
MATCHED: 2021-05-08T11:55:29Z -> data/sisbra_all_w24/20210508T115529_usp2021iyym_row4603 picks=1
[2621/3570] SISBRA 2021-05-28T21:33:45 lat=-3.820 lon=-40.600 mag=1.7 window=+/-120.0s r=1.0deg
  candidates=1 scored=1
  best=smi:org.gfz-potsdam.de/geofon/usp2021igar dt_s=0.730 dist_km=4.135 picks<=400.0km=2
MATCHED: 2021-04-28T03:26:40Z -> data/sisbra_all_w24/20210428T032640_usp2021igar_row4591  candidates=1 scored=1
  best=smi:org.gfz-potsdam.de/geofon/usp2021immh dt_s=1.211 dist_km=16.742 picks<=400.0km=4
 picks=2
[2622/3570] SISBRA 2021-06-02T21:38:10 lat=-5.690 lon=-37.520 mag=1.6 window=+/-120.0s r=1.0deg
  candidates=1 scored=1
  best=smi:org.gfz-potsdam.de/geofon/usp2021jbpj dt_s=1.378 dist_km=26.802 picks<=400.0km=1
  candidates=1 scored=1
  best=smi:org.gfz-potsdam.de/geofon/usp2021fyrw dt_s=0.547 dist_km=3.155 picks<=400.0km=5
MATCHED: 2021-05-09T22:43:33Z -> data/sisbra_all_w24/20210509T224331_usp2021jbpj_row4606 picks=1
[2623/3570] SISBRA 2021-06-03T17:56:23 lat=-5.620 lon=-42.900 mag=2.0 window=+/-120.0s r=1.0deg
MATCHED: 2021-05-01T16:08:01Z -> data/sisbra_all_w24/20210501T160759_usp2021immh_row4597 picks=4
[2624/3570] SISBRA 2021-06-04T04:15:59 lat=-10.460 lon=-44.190 mag=2.2 window=+/-120.0s r=1.0deg
  candidates=1 scored=1
  best=smi:org.gfz-potsdam.de/geofon/usp2021hbax dt_s=0.675 dist_km=0.608 picks<=400.0km=1
MATCHED: 2021-03-26T15:57:43Z -> data/sisbra_all_w24/20210326T155742_usp2021fyrw_row4540 picks=5
[2625/3570] SISBRA 2021-06-04T14:21:13 lat=-5.750 lon=-37.530 mag=1.9 window=+/-120.0s r=1.0deg
NO_MATCH: 2021-06-03T17:56:23Z -> data/sisbra_all_w24/20210603T175623_row4625
[2626/3570] SISBRA 2021-06-04T17:54:06 lat=-7.980 lon=-74.600 mag=4.4 window=+/-120.0s r=1.0deg
MATCHED: 2021-04-11T04:21:02Z -> data/sisbra_all_w24/20210411T042102_usp2021hbax_row4564 picks=1
[2627/3570] SISBRA 2021-06-04T22:29:58 lat=-9.240 lon=-75.780 mag=4.4 window=+/-120.0s r=1.0deg
  candidates=1 scored=1
  best=smi:org.gfz-potsdam.de/geofon/usp2021jpio dt_s=1.291 dist_km=11.154 picks<=400.0km=3
  candidates=1 scored=1
  best=smi:org.gfz-potsdam.de/geofon/usp2021jqsp dt_s=0.898 dist_km=0.454 picks<=400.0km=8
  candidates=1 scored=1
  best=smi:org.gfz-potsdam.de/geofon/usp2021jpuj dt_s=0.570 dist_km=0.506 picks<=400.0km=1
  candidates=1 scored=1
  best=smi:org.gfz-potsdam.de/geofon/usp2021jlef dt_s=1.851 dist_km=9.831 picks<=400.0km=2
MATCHED: 2021-05-17T11:11:09Z -> data/sisbra_all_w24/20210517T111107_usp2021jpio_row4614 picks=3
[2628/3570] SISBRA 2021-06-05T23:36:57 lat=-13.100 lon=-39.730 mag=1.6 window=+/-120.0s r=1.0deg
MATCHED: 2021-05-18T05:23:18Z -> data/sisbra_all_w24/20210518T052318_usp2021jqsp_row4617 picks=8
[2629/3570] SISBRA 2021-06-07T01:32:11 lat=-11.180 lon=-40.520 mag=1.0 window=+/-120.0s r=1.0deg
NO_MATCH: 2021-06-04T22:29:58Z -> data/sisbra_all_w24/20210604T222958_row4629
[2630/3570] SISBRA 2021-06-07T01:35:07 lat=-4.300 lon=-39.150 mag=1.7 window=+/-120.0s r=1.0deg
MATCHED: 2021-05-15T04:27:18Z -> data/sisbra_all_w24/20210515T042716_usp2021jlef_row4613 picks=2
[2631/3570] SISBRA 2021-06-07T04:34:50 lat=-20.340 lon=-39.940 mag=2.5 window=+/-120.0s r=1.0deg
  candidates=1 scored=1
  best=smi:org.gfz-potsdam.de/geofon/usp2021kgau dt_s=0.052 dist_km=0.111 picks<=400.0km=1
MATCHED: 2021-05-17T17:09:23Z -> data/sisbra_all_w24/20210517T170923_usp2021jpuj_row4615 picks=1
[2632/3570] SISBRA 2021-06-07T10:08:09 lat=-4.000 lon=-40.000 mag=2.5 window=+/-120.0s r=1.0deg
MATCHED: 2021-05-26T14:34:03Z -> data/sisbra_all_w24/20210526T143403_usp2021kgau_row4620 picks=1
[2633/3570] SISBRA 2021-06-08T02:28:54 lat=1.030 lon=-62.290 mag=3.6 window=+/-120.0s r=1.0deg
  candidates=1 scored=1
  best=smi:org.gfz-potsdam.de/geofon/usp2021jish dt_s=0.068 dist_km=10.773 picks<=400.0km=4
MATCHED: 2021-05-13T20:08:35Z -> data/sisbra_all_w24/20210513T200834_usp2021jish_row4610 picks=4
[2634/3570] SISBRA 2021-06-08T08:31:25 lat=-16.550 lon=-50.870 mag=2.4 window=+/-120.0s r=1.0deg
  candidates=1 scored=1
  best=smi:org.gfz-potsdam.de/geofon/usp2021jqgw dt_s=0.870 dist_km=0.039 picks<=400.0km=6
MATCHED: 2021-05-17T23:27:28Z -> data/sisbra_all_w24/20210517T232728_usp2021jqgw_row4616 picks=6
[2635/3570] SISBRA 2021-06-08T18:56:25 lat=-11.360 lon=-38.900 mag=2.0 window=+/-120.0s r=1.0deg
  candidates=1 scored=1
  best=smi:org.gfz-potsdam.de/geofon/usp2021laza dt_s=0.000 dist_km=0.430 picks<=400.0km=1
  candidates=1 scored=1
  best=smi:org.gfz-potsdam.de/geofon/usp2021kjxk dt_s=1.616 dist_km=7.116 picks<=400.0km=2
MATCHED: 2021-06-07T01:32:11Z -> data/sisbra_all_w24/20210607T013211_usp2021laza_row4631 picks=1
[2636/3570] SISBRA 2021-06-08T19:21:16 lat=-19.600 lon=-43.340 mag=2.5 window=+/-120.0s r=1.0deg
  candidates=1 scored=1
  best=smi:org.gfz-potsdam.de/geofon/usp2021jkvi dt_s=0.427 dist_km=2.552 picks<=400.0km=6
  candidates=1 scored=1
  best=smi:org.gfz-potsdam.de/geofon/usp2021kkfq dt_s=0.701 dist_km=0.288 picks<=400.0km=5
MATCHED: 2021-05-28T17:24:38Z -> data/sisbra_all_w24/20210528T172436_usp2021kjxk_row4622 picks=2
[2637/3570] SISBRA 2021-06-10T01:40:44 lat=-11.190 lon=-40.510 mag=1.3 window=+/-120.0s r=1.0deg
  candidates=1 scored=1
  best=smi:org.gfz-potsdam.de/geofon/usp2021jyrx dt_s=0.680 dist_km=9.064 picks<=400.0km=1
  candidates=1 scored=1
  best=smi:org.gfz-potsdam.de/geofon/usp2021iwed dt_s=0.000 dist_km=30.196 picks<=400.0km=4
MATCHED: 2021-05-14T23:57:53Z -> data/sisbra_all_w24/20210514T235753_usp2021jkvi_row4612 picks=6
[2638/3570] SISBRA 2021-06-10T08:06:39 lat=-11.190 lon=-40.520 mag=1.3 window=+/-120.0s r=1.0deg
  candidates=2 scored=2
  best=smi:org.gfz-potsdam.de/geofon/usp2021hzuo dt_s=0.910 dist_km=3.008 picks<=400.0km=14
NO_MATCH: 2021-06-08T18:56:25Z -> data/sisbra_all_w24/20210608T185625_row4637
[2639/3570] SISBRA 2021-06-10T17:16:55 lat=-7.020 lon=-42.400 mag=2.5 window=+/-120.0s r=1.0deg
MATCHED: 2021-05-28T21:33:45Z -> data/sisbra_all_w24/20210528T213345_usp2021kkfq_row4623 picks=5
[2640/3570] SISBRA 2021-06-13T03:32:15 lat=2.650 lon=-59.530 mag=2.8 window=+/-120.0s r=1.0deg
MATCHED: 2021-05-22T14:08:10Z -> data/sisbra_all_w24/20210522T140809_usp2021jyrx_row4619 picks=1
[2641/3570] SISBRA 2021-06-13T08:25:33 lat=-27.100 lon=-44.750 mag=3.3 window=+/-120.0s r=1.0deg
NO_MATCH: 2021-06-08T19:21:16Z -> data/sisbra_all_w24/20210608T192116_row4638
[2642/3570] SISBRA 2021-06-13T17:05:07 lat=-15.350 lon=-58.920 mag=2.8 window=+/-120.0s r=1.0deg
  candidates=1 scored=1
  best=smi:org.gfz-potsdam.de/geofon/usp2021kyzs dt_s=0.000 dist_km=19.090 picks<=400.0km=2
MATCHED: 2021-05-06T23:22:26Z -> data/sisbra_all_w24/20210506T232226_usp2021iwed_row4602 picks=4
[2643/3570] SISBRA 2021-06-14T04:51:54 lat=-5.060 lon=-39.450 mag=1.7 window=+/-120.0s r=1.0deg
  candidates=1 scored=1
  best=smi:org.gfz-potsdam.de/geofon/usp2021ktjh dt_s=1.314 dist_km=0.749 picks<=400.0km=4
AMBIGUOUS: 2021-04-24T17:34:43Z -> data/sisbra_all_w24/20210424T173443_usp2021hzuo_row4586 picks=14
[2644/3570] SISBRA 2021-06-15T09:52:04 lat=2.690 lon=-59.570 mag=3.5 window=+/-120.0s r=1.0deg
  candidates=1 scored=1
  best=smi:org.gfz-potsdam.de/geofon/usp2021kgfr dt_s=0.818 dist_km=0.327 picks<=400.0km=3
MATCHED: 2021-06-05T23:36:57Z -> data/sisbra_all_w24/20210605T233657_usp2021kyzs_row4630 picks=2
[2645/3570] SISBRA 2021-06-15T18:07:02 lat=-14.210 lon=-39.720 mag=2.2 window=+/-120.0s r=1.0deg
MATCHED: 2021-06-02T21:38:10Z -> data/sisbra_all_w24/20210602T213808_usp2021ktjh_row4624 picks=4
[2646/3570] SISBRA 2021-06-15T18:09:21 lat=-11.190 lon=-40.420 mag=1.9 window=+/-120.0s r=1.0deg
MATCHED: 2021-05-26T17:02:14Z -> data/sisbra_all_w24/20210526T170214_usp2021kgfr_row4621 picks=3
[2647/3570] SISBRA 2021-06-15T19:57:36 lat=-3.800 lon=-40.550 mag=2.1 window=+/-120.0s r=1.0deg
  candidates=1 scored=1
  best=smi:org.gfz-potsdam.de/geofon/usp2021jrmh dt_s=0.712 dist_km=0.500 picks<=400.0km=1
  candidates=1 scored=1
  best=smi:org.gfz-potsdam.de/geofon/usp2021kvrx dt_s=0.243 dist_km=0.398 picks<=400.0km=1
MATCHED: 2021-05-18T15:20:56Z -> data/sisbra_all_w24/20210518T152056_usp2021jrmh_row4618 picks=1
[2648/3570] SISBRA 2021-06-17T19:31:29 lat=-5.740 lon=-37.530 mag=1.8 window=+/-120.0s r=1.0deg
MATCHED: 2021-06-04T04:15:59Z -> data/sisbra_all_w24/20210604T041559_usp2021kvrx_row4626 picks=1
[2649/3570] SISBRA 2021-06-17T20:22:48 lat=-11.930 lon=-40.830 mag=2.0 window=+/-120.0s r=1.0deg
NO_MATCH: 2021-06-10T17:16:55Z -> data/sisbra_all_w24/20210610T171655_row4641
[2650/3570] SISBRA 2021-06-18T04:49:03 lat=-14.760 lon=-58.000 mag=1.8 window=+/-120.0s r=1.0deg
NO_MATCH: 2021-06-15T18:07:02Z -> data/sisbra_all_w24/20210615T180702_row4647
[2651/3570] SISBRA 2021-06-22T16:30:13 lat=-5.670 lon=-50.560 mag=3.4 window=+/-120.0s r=1.0deg
  candidates=1 scored=1
  best=smi:org.gfz-potsdam.de/geofon/usp2021kwlw dt_s=0.305 dist_km=5.363 picks<=400.0km=5
NO_MATCH: 2021-06-17T20:22:48Z -> data/sisbra_all_w24/20210617T202248_row4651
[2652/3570] SISBRA 2021-06-24T02:27:31 lat=-5.680 lon=-37.500 mag=2.8 window=+/-120.0s r=1.0deg
MATCHED: 2021-06-04T14:21:13Z -> data/sisbra_all_w24/20210604T142112_usp2021kwlw_row4627 picks=5
[2653/3570] SISBRA 2021-06-24T14:50:27 lat=-8.240 lon=-74.290 mag=4.3 window=+/-120.0s r=1.0deg
  candidates=1 scored=1
  best=smi:org.gfz-potsdam.de/geofon/usp2021iodj dt_s=0.550 dist_km=6.243 picks<=400.0km=10
  candidates=1 scored=1
  best=smi:org.gfz-potsdam.de/geofon/usp2021itdu dt_s=0.337 dist_km=0.329 picks<=400.0km=2
  candidates=1 scored=1
  best=smi:org.gfz-potsdam.de/geofon/usp2021lglv dt_s=0.000 dist_km=0.508 picks<=400.0km=1
MATCHED: 2021-05-02T13:53:34Z -> data/sisbra_all_w24/20210502T135334_usp2021iodj_row4598 picks=10
[2654/3570] SISBRA 2021-06-26T17:55:49 lat=-5.680 lon=-37.520 mag=1.9 window=+/-120.0s r=1.0deg
MATCHED: 2021-05-05T07:47:13Z -> data/sisbra_all_w24/20210505T074713_usp2021itdu_row4599 picks=2
[2655/3570] SISBRA 2021-06-27T22:44:17 lat=-11.220 lon=-40.480 mag=2.0 window=+/-120.0s r=1.0deg
  candidates=1 scored=1
  best=smi:org.gfz-potsdam.de/geofon/usp2021ldij dt_s=0.577 dist_km=10.239 picks<=400.0km=2
  candidates=1 scored=1
  best=smi:org.gfz-potsdam.de/geofon/usp2021lazd dt_s=0.657 dist_km=35.305 picks<=400.0km=3
MATCHED: 2021-06-10T01:40:44Z -> data/sisbra_all_w24/20210610T014044_usp2021lglv_row4639 picks=1
[2656/3570] SISBRA 2021-06-28T06:01:58 lat=-5.740 lon=-37.540 mag=2.0 window=+/-120.0s r=1.0deg
MATCHED: 2021-06-08T08:31:25Z -> data/sisbra_all_w24/20210608T083124_usp2021ldij_row4636 picks=2
[2657/3570] SISBRA 2021-06-30T14:58:24 lat=-6.860 lon=-57.510 mag=2.6 window=+/-120.0s r=1.0deg
  candidates=1 scored=1
  best=smi:org.gfz-potsdam.de/geofon/usp2021lgyo dt_s=0.000 dist_km=0.502 picks<=400.0km=1
NO_MATCH: 2021-06-26T17:55:49Z -> data/sisbra_all_w24/20210626T175549_row4656
[2658/3570] SISBRA 2021-07-01T04:01:54 lat=2.690 lon=-59.560 mag=2.5 window=+/-120.0s r=1.0deg
MATCHED: 2021-06-07T01:35:07Z -> data/sisbra_all_w24/20210607T013507_usp2021lazd_row4632 picks=3
[2659/3570] SISBRA 2021-07-01T10:12:06 lat=-19.020 lon=-47.960 mag=2.4 window=+/-120.0s r=1.0deg
NO_MATCH: 2021-06-27T22:44:17Z -> data/sisbra_all_w24/20210627T224417_row4657
[2660/3570] SISBRA 2021-07-01T19:46:04 lat=-11.820 lon=-40.840 mag=2.0 window=+/-120.0s r=1.0deg
  candidates=1 scored=1
  best=smi:org.gfz-potsdam.de/geofon/usp2021izxd dt_s=0.732 dist_km=9.905 picks<=400.0km=2
MATCHED: 2021-06-10T08:06:39Z -> data/sisbra_all_w24/20210610T080639_usp2021lgyo_row4640 picks=1
[2661/3570] SISBRA 2021-07-02T14:39:41 lat=-3.880 lon=-40.490 mag=1.5 window=+/-120.0s r=1.0deg
MATCHED: 2021-05-09T00:22:22Z -> data/sisbra_all_w24/20210509T002222_usp2021izxd_row4605 picks=2
[2662/3570] SISBRA 2021-07-02T14:48:16 lat=-3.730 lon=-40.590 mag=1.6 window=+/-120.0s r=1.0deg
NO_MATCH: 2021-06-30T14:58:24Z -> data/sisbra_all_w24/20210630T145824_row4659
[2663/3570] SISBRA 2021-07-02T20:45:48 lat=-5.510 lon=-36.070 mag=1.8 window=+/-120.0s r=1.0deg
  candidates=1 scored=1
  best=smi:org.gfz-potsdam.de/geofon/usp2021lbfb dt_s=0.972 dist_km=10.358 picks<=400.0km=5
  candidates=1 scored=1
  best=smi:org.gfz-potsdam.de/geofon/usp2021lmca dt_s=0.350 dist_km=0.586 picks<=400.0km=6
NO_MATCH: 2021-07-01T19:46:04Z -> data/sisbra_all_w24/20210701T194604_row4662
[2664/3570] SISBRA 2021-07-02T21:45:36 lat=-8.710 lon=-36.480 mag=1.5 window=+/-120.0s r=1.0deg
MATCHED: 2021-06-07T04:34:50Z -> data/sisbra_all_w24/20210607T043450_usp2021lbfb_row4633 picks=5
[2665/3570] SISBRA 2021-07-04T16:55:48 lat=-21.340 lon=-46.090 mag=2.3 window=+/-120.0s r=1.0deg
MATCHED: 2021-06-13T03:32:15Z -> data/sisbra_all_w24/20210613T033215_usp2021lmca_row4642 picks=6
[2666/3570] SISBRA 2021-07-04T20:24:02 lat=-4.350 lon=-39.880 mag=1.8 window=+/-120.0s r=1.0deg
  candidates=1 scored=1
  best=smi:org.gfz-potsdam.de/geofon/usp2021lqvy dt_s=0.370 dist_km=0.649 picks<=400.0km=4
MATCHED: 2021-06-15T18:09:21Z -> data/sisbra_all_w24/20210615T180921_usp2021lqvy_row4648 picks=4
[2667/3570] SISBRA 2021-07-06T04:47:00 lat=-3.640 lon=-40.500 mag=1.4 window=+/-120.0s r=1.0deg
  candidates=1 scored=1
  best=smi:org.gfz-potsdam.de/geofon/usp2021lupr dt_s=0.305 dist_km=4.622 picks<=400.0km=3
MATCHED: 2021-06-17T19:31:29Z -> data/sisbra_all_w24/20210617T193128_usp2021lupr_row4650 picks=3
[2668/3570] SISBRA 2021-07-06T06:40:35 lat=2.680 lon=-59.520 mag=3.3 window=+/-120.0s r=1.0deg
  candidates=1 scored=1
  best=smi:org.gfz-potsdam.de/geofon/usp2021lbqb dt_s=0.317 dist_km=7.971 picks<=400.0km=3
  candidates=1 scored=1
  best=smi:org.gfz-potsdam.de/geofon/usp2021lqzn dt_s=0.899 dist_km=0.296 picks<=400.0km=4
  candidates=1 scored=1
  best=smi:org.gfz-potsdam.de/geofon/usp2021lcwk dt_s=0.135 dist_km=2.233 picks<=400.0km=1
MATCHED: 2021-06-15T19:57:36Z -> data/sisbra_all_w24/20210615T195736_usp2021lqzn_row4649 picks=4
[2669/3570] SISBRA 2021-07-06T14:40:52 lat=-3.710 lon=-40.600 mag=2.4 window=+/-120.0s r=1.0deg
MATCHED: 2021-06-07T10:08:09Z -> data/sisbra_all_w24/20210607T100809_usp2021lbqb_row4634 picks=3
[2670/3570] SISBRA 2021-07-06T19:08:42 lat=-10.230 lon=-39.280 mag=2.0 window=+/-120.0s r=1.0deg
MATCHED: 2021-06-08T02:28:54Z -> data/sisbra_all_w24/20210608T022853_usp2021lcwk_row4635 picks=1
[2671/3570] SISBRA 2021-07-06T19:09:45 lat=-6.040 lon=-37.480 mag=1.9 window=+/-120.0s r=1.0deg
  candidates=1 scored=1
  best=smi:org.gfz-potsdam.de/geofon/usp2021mvqw dt_s=1.000 dist_km=6.988 picks<=400.0km=1
  candidates=1 scored=1
  best=smi:org.gfz-potsdam.de/geofon/usp2021mweq dt_s=0.875 dist_km=2.420 picks<=400.0km=2
  candidates=1 scored=1
  best=smi:org.gfz-potsdam.de/geofon/usp2021kwsx dt_s=0.598 dist_km=17.019 picks<=400.0km=2
MATCHED: 2021-07-02T14:48:16Z -> data/sisbra_all_w24/20210702T144815_usp2021mvqw_row4664 picks=1
[2672/3570] SISBRA 2021-07-07T00:05:13 lat=-11.610 lon=-40.140 mag=1.4 window=+/-120.0s r=1.0deg
  candidates=1 scored=1
  best=smi:org.gfz-potsdam.de/geofon/usp2021lvib dt_s=0.693 dist_km=0.594 picks<=400.0km=3
  candidates=1 scored=1
  best=smi:org.gfz-potsdam.de/geofon/usp2021load dt_s=1.050 dist_km=1.120 picks<=400.0km=6
MATCHED: 2021-07-02T21:45:36Z -> data/sisbra_all_w24/20210702T214536_usp2021mweq_row4666 picks=2
[2673/3570] SISBRA 2021-07-08T14:15:42 lat=-5.710 lon=-37.530 mag=1.6 window=+/-120.0s r=1.0deg
MATCHED: 2021-06-18T04:49:03Z -> data/sisbra_all_w24/20210618T044903_usp2021lvib_row4652 picks=3
[2674/3570] SISBRA 2021-07-09T16:15:00 lat=-5.440 lon=-36.130 mag=2.0 window=+/-120.0s r=1.0deg
NO_MATCH: 2021-07-06T19:08:42Z -> data/sisbra_all_w24/20210706T190842_row4672
[2675/3570] SISBRA 2021-07-10T05:13:05 lat=-11.210 lon=-40.530 mag=2.3 window=+/-120.0s r=1.0deg
  candidates=1 scored=1
  best=smi:org.gfz-potsdam.de/geofon/usp2021mvqp dt_s=0.000 dist_km=11.446 picks<=400.0km=1
MATCHED: 2021-06-04T17:54:06Z -> data/sisbra_all_w24/20210604T175406_usp2021kwsx_row4628 picks=2
[2676/3570] SISBRA 2021-07-12T11:56:13 lat=-5.100 lon=-35.230 mag=1.8 window=+/-120.0s r=1.0deg
MATCHED: 2021-06-14T04:51:54Z -> data/sisbra_all_w24/20210614T045152_usp2021load_row4645 picks=6
[2677/3570] SISBRA 2021-07-12T19:59:39 lat=-12.440 lon=-38.160 mag=2.2 window=+/-120.0s r=1.0deg
MATCHED: 2021-07-02T14:39:41Z -> data/sisbra_all_w24/20210702T143941_usp2021mvqp_row4663 picks=1
[2678/3570] SISBRA 2021-07-13T23:14:30 lat=-19.180 lon=-40.790 mag=1.4 window=+/-120.0s r=1.0deg
  candidates=1 scored=1
  best=smi:org.gfz-potsdam.de/geofon/usp2021mtaa dt_s=0.868 dist_km=0.695 picks<=400.0km=1
  candidates=1 scored=1
  best=smi:org.gfz-potsdam.de/geofon/usp2021mzmb dt_s=0.907 dist_km=0.704 picks<=400.0km=7
NO_MATCH: 2021-07-09T16:15:00Z -> data/sisbra_all_w24/20210709T161500_row4676
[2679/3570] SISBRA 2021-07-16T20:10:36 lat=-3.430 lon=-52.780 mag=2.2 window=+/-120.0s r=1.0deg
MATCHED: 2021-07-01T04:01:54Z -> data/sisbra_all_w24/20210701T040154_usp2021mtaa_row4660 picks=1
[2680/3570] SISBRA 2021-07-19T04:39:33 lat=-5.130 lon=-35.180 mag=1.8 window=+/-120.0s r=1.0deg
NO_MATCH: 2021-07-12T19:59:39Z -> data/sisbra_all_w24/20210712T195939_row4679NO_MATCH: 2021-07-10T05:13:05Z -> data/sisbra_all_w24/20210710T051305_row4677
[2681/3570] SISBRA 2021-07-21T23:21:05 lat=-6.330 lon=-50.000 mag=3.3 window=+/-120.0s r=1.0deg

[2682/3570] SISBRA 2021-07-22T13:48:34 lat=-4.880 lon=-35.890 mag=2.1 window=+/-120.0s r=1.0deg
MATCHED: 2021-07-04T16:55:48Z -> data/sisbra_all_w24/20210704T165548_usp2021mzmb_row4667 picks=7
[2683/3570] SISBRA 2021-07-24T14:39:21 lat=-5.050 lon=-35.170 mag=2.5 window=+/-120.0s r=1.0deg
  candidates=1 scored=1
  best=smi:org.gfz-potsdam.de/geofon/usp2021mnrm dt_s=0.080 dist_km=4.945 picks<=400.0km=4
  candidates=1 scored=1
  best=smi:org.gfz-potsdam.de/geofon/usp2021lncv dt_s=0.824 dist_km=14.504 picks<=400.0km=3
  candidates=1 scored=1
  best=smi:org.gfz-potsdam.de/geofon/usp2021lqfn dt_s=0.770 dist_km=0.483 picks<=400.0km=1
MATCHED: 2021-06-13T17:05:07Z -> data/sisbra_all_w24/20210613T170507_usp2021lncv_row4644 picks=3
[2684/3570] SISBRA 2021-07-25T03:06:32 lat=-5.060 lon=-35.200 mag=2.9 window=+/-120.0s r=1.0deg
MATCHED: 2021-06-28T06:01:58Z -> data/sisbra_all_w24/20210628T060157_usp2021mnrm_row4658 picks=4
[2685/3570] SISBRA 2021-07-25T03:26:59 lat=-5.130 lon=-35.320 mag=3.5 window=+/-120.0s r=1.0deg
NO_MATCH: 2021-07-16T20:10:36Z -> data/sisbra_all_w24/20210716T201036_row4681
[2686/3570] SISBRA 2021-07-25T03:53:22 lat=-5.080 lon=-35.100 mag=2.1 window=+/-120.0s r=1.0deg
  candidates=1 scored=1
  best=smi:org.gfz-potsdam.de/geofon/usp2021mgck dt_s=2.278 dist_km=5.087 picks<=400.0km=2
MATCHED: 2021-06-15T09:52:04Z -> data/sisbra_all_w24/20210615T095204_usp2021lqfn_row4646 picks=1
[2687/3570] SISBRA 2021-07-25T04:24:55 lat=-5.200 lon=-35.150 mag=1.5 window=+/-120.0s r=1.0deg
NO_MATCH: 2021-07-21T23:21:05Z -> data/sisbra_all_w24/20210721T232105_row4683
[2688/3570] SISBRA 2021-07-25T04:57:45 lat=-5.000 lon=-35.150 mag=2.7 window=+/-120.0s r=1.0deg
NO_MATCH: 2021-07-24T14:39:21Z -> data/sisbra_all_w24/20210724T143921_row4685
[2689/3570] SISBRA 2021-07-25T14:50:00 lat=-5.260 lon=-35.060 mag=2.1 window=+/-120.0s r=1.0deg
MATCHED: 2021-06-24T02:27:31Z -> data/sisbra_all_w24/20210624T022728_usp2021mgck_row4654 picks=2
[2690/3570] SISBRA 2021-07-25T15:49:32 lat=-5.120 lon=-35.200 mag=2.4 window=+/-120.0s r=1.0deg
NO_MATCH: 2021-07-22T13:48:34Z -> data/sisbra_all_w24/20210722T134834_row4684
[2691/3570] SISBRA 2021-07-25T17:17:16 lat=-9.640 lon=-39.780 mag=1.8 window=+/-120.0s r=1.0deg
  candidates=1 scored=1
  best=smi:org.gfz-potsdam.de/geofon/usp2021mhaw dt_s=0.442 dist_km=43.845 picks<=400.0km=1
MATCHED: 2021-06-24T14:50:27Z -> data/sisbra_all_w24/20210624T145027_usp2021mhaw_row4655 picks=1
[2692/3570] SISBRA 2021-07-25T18:07:33 lat=-5.150 lon=-35.200 mag=2.2 window=+/-120.0s r=1.0deg
  candidates=1 scored=1
  best=smi:org.gfz-potsdam.de/geofon/usp2021mdnf dt_s=0.607 dist_km=0.282 picks<=400.0km=4
  candidates=1 scored=1
  best=smi:org.gfz-potsdam.de/geofon/usp2021mzsy dt_s=0.985 dist_km=4.382 picks<=400.0km=2
MATCHED: 2021-06-22T16:30:13Z -> data/sisbra_all_w24/20210622T163013_usp2021mdnf_row4653 picks=4
[2693/3570] SISBRA 2021-07-25T20:15:20 lat=-5.030 lon=-35.220 mag=2.1 window=+/-120.0s r=1.0deg
MATCHED: 2021-07-04T20:24:02Z -> data/sisbra_all_w24/20210704T202402_usp2021mzsy_row4668 picks=2
[2694/3570] SISBRA 2021-07-26T13:28:00 lat=-4.860 lon=-35.330 mag=2.7 window=+/-120.0s r=1.0deg
NO_MATCH: 2021-07-25T14:50:00Z -> data/sisbra_all_w24/20210725T145000_row4691
[2695/3570] SISBRA 2021-07-26T15:46:58 lat=-6.890 lon=-36.670 mag=2.3 window=+/-120.0s r=1.0deg
  candidates=1 scored=1
  best=smi:org.gfz-potsdam.de/geofon/usp2021ndrg dt_s=0.000 dist_km=0.476 picks<=400.0km=1
  candidates=1 scored=1
  best=smi:org.gfz-potsdam.de/geofon/usp2021mtmg dt_s=0.580 dist_km=7.668 picks<=400.0km=4
NO_MATCH: 2021-07-26T13:28:00Z -> data/sisbra_all_w24/20210726T132800_row4696
[2696/3570] SISBRA 2021-07-26T19:52:05 lat=-5.220 lon=-35.070 mag=3.1 window=+/-120.0s r=1.0deg
  candidates=1 scored=1
  best=smi:org.gfz-potsdam.de/geofon/usp2021nqkc dt_s=0.548 dist_km=0.292 picks<=400.0km=4
MATCHED: 2021-07-07T00:05:13Z -> data/sisbra_all_w24/20210707T000513_usp2021ndrg_row4674 picks=1
[2697/3570] SISBRA 2021-07-27T19:37:26 lat=-5.240 lon=-36.050 mag=2.0 window=+/-120.0s r=1.0deg
MATCHED: 2021-07-01T10:12:06Z -> data/sisbra_all_w24/20210701T101206_usp2021mtmg_row4661 picks=4
[2698/3570] SISBRA 2021-07-29T11:45:39 lat=-20.020 lon=-47.260 mag=2.8 window=+/-120.0s r=1.0deg
  candidates=1 scored=1
  best=smi:org.gfz-potsdam.de/geofon/usp2021mwcr dt_s=0.223 dist_km=3.862 picks<=400.0km=2
NO_MATCH: 2021-07-26T15:46:58Z -> data/sisbra_all_w24/20210726T154658_row4697
[2699/3570] SISBRA 2021-07-30T00:16:29 lat=-19.520 lon=-45.490 mag=2.3 window=+/-120.0s r=1.0deg
MATCHED: 2021-07-13T23:14:30Z -> data/sisbra_all_w24/20210713T231430_usp2021nqkc_row4680 picks=4
[2700/3570] SISBRA 2021-07-30T20:40:08 lat=-11.500 lon=-39.380 mag=2.0 window=+/-120.0s r=1.0deg
MATCHED: 2021-07-02T20:45:48Z -> data/sisbra_all_w24/20210702T204548_usp2021mwcr_row4665 picks=2
[2701/3570] SISBRA 2021-08-01T22:18:06 lat=-8.240 lon=-74.280 mag=4.8 window=+/-120.0s r=1.0deg
  candidates=1 scored=1
  best=smi:org.gfz-potsdam.de/geofon/usp2021okvv dt_s=0.196 dist_km=15.054 picks<=400.0km=3
NO_MATCH: 2021-07-26T19:52:05Z -> data/sisbra_all_w24/20210726T195205_row4698
[2702/3570] SISBRA 2021-08-02T03:59:51 lat=-9.840 lon=-39.930 mag=3.0 window=+/-120.0s r=1.0deg
  candidates=1 scored=1
  best=smi:org.gfz-potsdam.de/geofon/usp2021nnsf dt_s=0.613 dist_km=10.321 picks<=400.0km=4
  candidates=1 scored=1
  best=smi:org.gfz-potsdam.de/geofon/usp2021ncym dt_s=0.687 dist_km=0.168 picks<=400.0km=6
MATCHED: 2021-07-25T03:53:22Z -> data/sisbra_all_w24/20210725T035322_usp2021okvv_row4688 picks=3
[2703/3570] SISBRA 2021-08-03T02:57:50 lat=-8.140 lon=-35.230 mag=1.9 window=+/-120.0s r=1.0deg
NO_MATCH: 2021-07-27T19:37:26Z -> data/sisbra_all_w24/20210727T193726_row4699
[2704/3570] SISBRA 2021-08-03T06:45:59 lat=-10.050 lon=-36.920 mag=1.9 window=+/-120.0s r=1.0deg
  candidates=1 scored=1
  best=smi:org.gfz-potsdam.de/geofon/usp2021nzyi dt_s=0.328 dist_km=12.424 picks<=400.0km=4
MATCHED: 2021-07-12T11:56:13Z -> data/sisbra_all_w24/20210712T115613_usp2021nnsf_row4678 picks=4
[2705/3570] SISBRA 2021-08-03T09:04:20 lat=-3.820 lon=-40.030 mag=2.7 window=+/-120.0s r=1.0deg
  candidates=1 scored=1
  best=smi:org.gfz-potsdam.de/geofon/usp2021okww dt_s=0.618 dist_km=7.345 picks<=400.0km=2
MATCHED: 2021-07-06T14:40:52Z -> data/sisbra_all_w24/20210706T144052_usp2021ncym_row4671 picks=6
[2706/3570] SISBRA 2021-08-05T18:07:40 lat=-7.100 lon=-38.670 mag=1.7 window=+/-120.0s r=1.0deg
NO_MATCH: 2021-07-30T20:40:08Z -> data/sisbra_all_w24/20210730T204008_row4702
[2707/3570] SISBRA 2021-08-05T18:57:37 lat=-5.680 lon=-36.150 mag=2.2 window=+/-120.0s r=1.0deg
MATCHED: 2021-07-19T04:39:33Z -> data/sisbra_all_w24/20210719T043933_usp2021nzyi_row4682 picks=4
[2708/3570] SISBRA 2021-08-07T10:24:24 lat=-9.780 lon=-37.300 mag=2.0 window=+/-120.0s r=1.0deg
MATCHED: 2021-07-25T04:24:55Z -> data/sisbra_all_w24/20210725T042455_usp2021okww_row4689 picks=2
[2709/3570] SISBRA 2021-08-09T03:40:19 lat=-9.430 lon=-36.370 mag=1.6 window=+/-120.0s r=1.0deg
  candidates=1 scored=1
  best=smi:org.gfz-potsdam.de/geofon/usp2021ngou dt_s=0.643 dist_km=0.389 picks<=400.0km=3
  candidates=1 scored=1
  best=smi:org.gfz-potsdam.de/geofon/usp2021olwj dt_s=0.584 dist_km=3.389 picks<=400.0km=3
MATCHED: 2021-07-08T14:15:42Z -> data/sisbra_all_w24/20210708T141542_usp2021ngou_row4675 picks=3
[2710/3570] SISBRA 2021-08-09T17:00:10 lat=-8.280 lon=-35.830 mag=1.7 window=+/-120.0s r=1.0deg
MATCHED: 2021-07-25T17:17:16Z -> data/sisbra_all_w24/20210725T171716_usp2021olwj_row4693 picks=3
[2711/3570] SISBRA 2021-08-09T18:41:01 lat=2.820 lon=-59.610 mag=3.9 window=+/-120.0s r=1.0deg
NO_MATCH: 2021-08-05T18:57:37Z -> data/sisbra_all_w24/20210805T185737_row4709
[2712/3570] SISBRA 2021-08-11T05:28:12 lat=-4.880 lon=-35.010 mag=2.2 window=+/-120.0s r=1.0deg
  candidates=1 scored=1
  best=smi:org.gfz-potsdam.de/geofon/usp2021ncfb dt_s=0.186 dist_km=0.275 picks<=400.0km=10
  candidates=1 scored=1
MATCHED: 2021-07-06T04:47:00Z -> data/sisbra_all_w24/20210706T044700_usp2021ncfb_row4669 picks=10
[2713/3570] SISBRA 2021-08-11T05:58:00 lat=-5.090 lon=-34.980 mag=2.2 window=+/-120.0s r=1.0deg
  best=smi:org.gfz-potsdam.de/geofon/usp2021lmlr dt_s=0.880 dist_km=0.462 picks<=400.0km=0
MATCHED: 2021-06-13T08:25:33Z -> data/sisbra_all_w24/20210613T082533_usp2021lmlr_row4643 picks=0
[2714/3570] SISBRA 2021-08-11T15:04:00 lat=-2.760 lon=-39.570 mag=1.9 window=+/-120.0s r=1.0deg
  candidates=1 scored=1
  best=smi:org.gfz-potsdam.de/geofon/usp2021ndhm dt_s=0.600 dist_km=0.530 picks<=400.0km=6
  candidates=1 scored=1
  best=smi:org.gfz-potsdam.de/geofon/usp2021oltl dt_s=0.835 dist_km=4.613 picks<=400.0km=4
NO_MATCH: 2021-08-11T05:58:00Z -> data/sisbra_all_w24/20210811T055800_row4715
[2715/3570] SISBRA 2021-08-14T00:25:54 lat=2.810 lon=-59.580 mag=3.7 window=+/-120.0s r=1.0deg
MATCHED: 2021-07-06T19:09:45Z -> data/sisbra_all_w24/20210706T190945_usp2021ndhm_row4673 picks=6
[2716/3570] SISBRA 2021-08-14T03:59:49 lat=-17.840 lon=-44.650 mag=2.9 window=+/-120.0s r=1.0deg
  candidates=1 scored=1
MATCHED: 2021-07-25T15:49:32Z -> data/sisbra_all_w24/20210725T154932_usp2021oltl_row4692 picks=4
[2717/3570] SISBRA 2021-08-15T13:53:39 lat=-11.920 lon=-48.510 mag=3.3 window=+/-120.0s r=1.0deg
  best=smi:org.gfz-potsdam.de/geofon/usp2021nciu dt_s=0.051 dist_km=2.238 picks<=400.0km=4
MATCHED: 2021-07-06T06:40:35Z -> data/sisbra_all_w24/20210706T064034_usp2021nciu_row4670 picks=4
[2718/3570] SISBRA 2021-08-16T01:19:32 lat=-20.540 lon=-43.890 mag=2.1 window=+/-120.0s r=1.0deg
  candidates=1 scored=1
  best=smi:org.gfz-potsdam.de/geofon/usp2021otse dt_s=0.424 dist_km=0.640 picks<=400.0km=7
  candidates=1 scored=1
NO_MATCH: 2021-08-15T13:53:39Z -> data/sisbra_all_w24/20210815T135339_row4719
[2719/3570] SISBRA 2021-08-17T02:16:54 lat=-16.430 lon=-40.530 mag=2.6 window=+/-120.0s r=1.0deg
  best=smi:org.gfz-potsdam.de/geofon/usp2021olya dt_s=1.179 dist_km=11.078 picks<=400.0km=4
MATCHED: 2021-07-30T00:16:29Z -> data/sisbra_all_w24/20210730T001629_usp2021otse_row4701 picks=7
[2720/3570] SISBRA 2021-08-18T16:14:54 lat=-9.930 lon=-39.880 mag=2.3 window=+/-120.0s r=1.0deg
  candidates=2 scored=2
MATCHED: 2021-07-25T18:07:33Z -> data/sisbra_all_w24/20210725T180734_usp2021olya_row4694 picks=4
[2721/3570] SISBRA 2021-08-20T18:50:52 lat=-8.370 lon=-36.130 mag=2.2 window=+/-120.0s r=1.0deg
  best=smi:org.gfz-potsdam.de/geofon/usp2021jkla dt_s=7.640 dist_km=25.145 picks<=400.0km=0
  candidates=1 scored=1
  best=smi:org.gfz-potsdam.de/geofon/usp2021pmfy dt_s=0.645 dist_km=2.082 picks<=400.0km=2
  candidates=1 scored=1
  best=smi:org.gfz-potsdam.de/geofon/usp2021pbnb dt_s=0.949 dist_km=15.169 picks<=400.0km=1
MATCHED: 2021-08-09T03:40:19Z -> data/sisbra_all_w24/20210809T034019_usp2021pmfy_row4711 picks=2
[2722/3570] SISBRA 2021-08-22T02:17:59 lat=-8.890 lon=-70.590 mag=4.0 window=+/-120.0s r=1.0deg
AMBIGUOUS: 2021-05-14T18:42:25Z -> data/sisbra_all_w24/20210514T184217_usp2021jkla_row4611 picks=0
[2723/3570] SISBRA 2021-08-22T08:28:10 lat=-8.340 lon=-74.380 mag=5.0 window=+/-120.0s r=1.0deg
NO_MATCH: 2021-08-20T18:50:52Z -> data/sisbra_all_w24/20210820T185052_row4723
[2724/3570] SISBRA 2021-08-25T02:44:00 lat=-10.500 lon=-39.750 mag=1.5 window=+/-120.0s r=1.0deg
MATCHED: 2021-08-03T06:45:59Z -> data/sisbra_all_w24/20210803T064559_usp2021pbnb_row4706 picks=1
[2725/3570] SISBRA 2021-08-26T00:22:17 lat=0.260 lon=-56.480 mag=3.4 window=+/-120.0s r=1.0deg
  candidates=1 scored=1
  best=smi:org.gfz-potsdam.de/geofon/usp2021pqtn dt_s=0.425 dist_km=0.430 picks<=400.0km=1
  candidates=1 scored=1
  best=smi:org.gfz-potsdam.de/geofon/usp2021omcf dt_s=0.822 dist_km=6.376 picks<=400.0km=4
MATCHED: 2021-07-25T20:15:20Z -> data/sisbra_all_w24/20210725T201520_usp2021omcf_row4695 picks=4
[2726/3570] SISBRA 2021-08-26T17:16:50 lat=-3.800 lon=-40.600 mag=1.6 window=+/-120.0s r=1.0deg
  candidates=1 scored=1
  best=smi:org.gfz-potsdam.de/geofon/usp2021ozmb dt_s=0.285 dist_km=3.246 picks<=400.0km=2
MATCHED: 2021-08-11T15:04:00Z -> data/sisbra_all_w24/20210811T150400_usp2021pqtn_row4716 picks=1
[2727/3570] SISBRA 2021-08-28T16:42:05 lat=-5.930 lon=-50.700 mag=3.3 window=+/-120.0s r=1.0deg
MATCHED: 2021-08-02T03:59:51Z -> data/sisbra_all_w24/20210802T035950_usp2021ozmb_row4704 picks=2
[2728/3570] SISBRA 2021-08-30T00:52:13 lat=-10.420 lon=-37.320 mag=1.8 window=+/-120.0s r=1.0deg
  candidates=1 scored=1
  best=smi:org.gfz-potsdam.de/geofon/usp2021okxy dt_s=0.704 dist_km=14.920 picks<=400.0km=4
  candidates=1 scored=1
  best=smi:org.gfz-potsdam.de/geofon/usp2021pngi dt_s=0.156 dist_km=5.032 picks<=400.0km=3
MATCHED: 2021-07-25T04:57:45Z -> data/sisbra_all_w24/20210725T045745_usp2021okxy_row4690 picks=4
[2729/3570] SISBRA 2021-09-01T21:03:53 lat=-15.420 lon=-59.280 mag=2.9 window=+/-120.0s r=1.0deg
NO_MATCH: 2021-08-26T17:16:50Z -> data/sisbra_all_w24/20210826T171650_row4728
[2730/3570] SISBRA 2021-09-01T22:02:12 lat=-10.120 lon=-36.980 mag=2.2 window=+/-120.0s r=1.0deg
NO_MATCH: 2021-08-28T16:42:05Z -> data/sisbra_all_w24/20210828T164205_row4729
[2731/3570] SISBRA 2021-09-02T05:09:12 lat=-20.440 lon=-39.000 mag=2.1 window=+/-120.0s r=1.0deg
  candidates=1 scored=1
  best=smi:org.gfz-potsdam.de/geofon/usp2021ostk dt_s=0.782 dist_km=2.046 picks<=400.0km=10
  candidates=1 scored=1
  best=smi:org.gfz-potsdam.de/geofon/usp2021okuh dt_s=0.166 dist_km=15.232 picks<=400.0km=2
MATCHED: 2021-08-09T17:00:10Z -> data/sisbra_all_w24/20210809T170010_usp2021pngi_row4712 picks=3
[2732/3570] SISBRA 2021-09-02T06:54:55 lat=-27.230 lon=-52.130 mag=0.9 window=+/-120.0s r=1.0deg
  candidates=1 scored=1
  best=smi:org.gfz-potsdam.de/geofon/usp2021pbfn dt_s=0.811 dist_km=5.556 picks<=400.0km=4
  candidates=1 scored=1
  best=smi:org.gfz-potsdam.de/geofon/usp2021okuy dt_s=0.535 dist_km=7.156 picks<=400.0km=4
MATCHED: 2021-07-29T11:45:39Z -> data/sisbra_all_w24/20210729T114539_usp2021ostk_row4700 picks=10
[2733/3570] SISBRA 2021-09-02T14:53:13 lat=-3.800 lon=-40.530 mag=1.6 window=+/-120.0s r=1.0deg
MATCHED: 2021-07-25T03:06:32Z -> data/sisbra_all_w24/20210725T030632_usp2021okuh_row4686 picks=2
[2734/3570] SISBRA 2021-09-03T02:22:21 lat=-7.910 lon=-64.970 mag=3.6 window=+/-120.0s r=1.0deg
MATCHED: 2021-08-03T02:57:50Z -> data/sisbra_all_w24/20210803T025750_usp2021pbfn_row4705 picks=4
[2735/3570] SISBRA 2021-09-03T16:29:07 lat=-14.660 lon=-61.780 mag=4.0 window=+/-120.0s r=1.0deg
NO_MATCH: 2021-09-02T05:09:12Z -> data/sisbra_all_w24/20210902T050912_row4733
[2736/3570] SISBRA 2021-09-04T16:32:33 lat=-5.990 lon=-50.820 mag=3.5 window=+/-120.0s r=1.0deg
MATCHED: 2021-07-25T03:26:59Z -> data/sisbra_all_w24/20210725T032659_usp2021okuy_row4687 picks=4
[2737/3570] SISBRA 2021-09-06T06:38:27 lat=-10.110 lon=-36.900 mag=2.1 window=+/-120.0s r=1.0deg
  candidates=1 scored=1
  best=smi:org.gfz-potsdam.de/geofon/usp2021pqan dt_s=0.249 dist_km=0.663 picks<=400.0km=1
NO_MATCH: 2021-09-02T14:53:13Z -> data/sisbra_all_w24/20210902T145313_row4735
[2738/3570] SISBRA 2021-09-06T15:19:04 lat=-10.830 lon=-37.390 mag=2.1 window=+/-120.0s r=1.0deg
NO_MATCH: 2021-09-03T02:22:21Z -> data/sisbra_all_w24/20210903T022221_row4736
[2739/3570] SISBRA 2021-09-06T17:52:22 lat=-5.670 lon=-36.090 mag=2.1 window=+/-120.0s r=1.0deg
MATCHED: 2021-08-11T05:28:12Z -> data/sisbra_all_w24/20210811T052812_usp2021pqan_row4714 picks=1
[2740/3570] SISBRA 2021-09-07T23:59:30 lat=-5.330 lon=-35.390 mag=1.9 window=+/-120.0s r=1.0deg
  candidates=1 scored=1
  best=smi:org.gfz-potsdam.de/geofon/usp2021pgao dt_s=0.477 dist_km=3.487 picks<=400.0km=4
  candidates=1 scored=1
  best=smi:org.gfz-potsdam.de/geofon/usp2021qyjy dt_s=0.192 dist_km=0.443 picks<=400.0km=3
MATCHED: 2021-08-05T18:07:40Z -> data/sisbra_all_w24/20210805T180740_usp2021pgao_row4708 picks=4
[2741/3570] SISBRA 2021-09-09T01:14:23 lat=-6.900 lon=-72.750 mag=4.8 window=+/-120.0s r=1.0deg
MATCHED: 2021-08-30T00:52:13Z -> data/sisbra_all_w24/20210830T005213_usp2021qyjy_row4730 picks=3
[2742/3570] SISBRA 2021-09-09T21:23:45 lat=-8.470 lon=-35.980 mag=2.2 window=+/-120.0s r=1.0deg
  candidates=1 scored=1
  best=smi:org.gfz-potsdam.de/geofon/usp2021pjcg dt_s=0.970 dist_km=5.558 picks<=400.0km=3
  candidates=1 scored=1
  best=smi:org.gfz-potsdam.de/geofon/usp2021qatf dt_s=0.129 dist_km=5.616 picks<=400.0km=4
NO_MATCH: 2021-09-07T23:59:30Z -> data/sisbra_all_w24/20210907T235930_row4742
[2743/3570] SISBRA 2021-09-10T20:02:04 lat=-11.100 lon=-39.330 mag=2.4 window=+/-120.0s r=1.0deg
NO_MATCH: 2021-09-06T17:52:22Z -> data/sisbra_all_w24/20210906T175222_row4741
[2744/3570] SISBRA 2021-09-15T05:39:19 lat=-8.070 lon=-50.240 mag=2.8 window=+/-120.0s r=1.0deg
MATCHED: 2021-08-07T10:24:24Z -> data/sisbra_all_w24/20210807T102424_usp2021pjcg_row4710 picks=3
[2745/3570] SISBRA 2021-09-15T09:09:58 lat=-21.910 lon=-49.880 mag=3.6 window=+/-120.0s r=1.0deg
MATCHED: 2021-08-17T02:16:54Z -> data/sisbra_all_w24/20210817T021653_usp2021qatf_row4721 picks=4
[2746/3570] SISBRA 2021-09-15T17:34:27 lat=-5.340 lon=-42.720 mag=2.4 window=+/-120.0s r=1.0deg
  candidates=1 scored=1
  best=smi:org.gfz-potsdam.de/geofon/usp2021qdqj dt_s=1.747 dist_km=8.430 picks<=400.0km=3
  candidates=1 scored=1
  best=smi:org.gfz-potsdam.de/geofon/usp2021pnjr dt_s=0.720 dist_km=0.555 picks<=400.0km=1
  candidates=1 scored=1
  best=smi:org.gfz-potsdam.de/geofon/usp2021qraz dt_s=0.018 dist_km=0.511 picks<=400.0km=0
MATCHED: 2021-08-26T00:22:17Z -> data/sisbra_all_w24/20210826T002217_usp2021qraz_row4727 picks=0
[2747/3570] SISBRA 2021-09-16T06:48:25 lat=2.720 lon=-59.580 mag=3.0 window=+/-120.0s r=1.0deg
MATCHED: 2021-08-09T18:41:01Z -> data/sisbra_all_w24/20210809T184101_usp2021pnjr_row4713 picks=1
[2748/3570] SISBRA 2021-09-16T21:17:54 lat=-11.740 lon=-57.630 mag=2.5 window=+/-120.0s r=1.0deg
  candidates=1 scored=1
  candidates=1 scored=1
  best=smi:org.gfz-potsdam.de/geofon/usp2021reil dt_s=0.000 dist_km=0.510 picks<=400.0km=1
MATCHED: 2021-08-18T16:14:54Z -> data/sisbra_all_w24/20210818T161455_usp2021qdqj_row4722 picks=3
[2749/3570] SISBRA 2021-09-17T19:56:00 lat=-11.040 lon=-39.310 mag=2.1 window=+/-120.0s r=1.0deg
  best=smi:org.gfz-potsdam.de/geofon/usp2021pvdb dt_s=0.182 dist_km=43.681 picks<=400.0km=1
  candidates=1 scored=1
  best=smi:org.gfz-potsdam.de/geofon/usp2021pbrp dt_s=0.044 dist_km=10.107 picks<=400.0km=2
  candidates=1 scored=1
  best=smi:org.gfz-potsdam.de/geofon/usp2021rdqw dt_s=0.145 dist_km=3.461 picks<=400.0km=2
  candidates=1 scored=1
  best=smi:org.gfz-potsdam.de/geofon/usp2021rsfq dt_s=0.746 dist_km=9.076 picks<=400.0km=2
MATCHED: 2021-09-02T06:54:55Z -> data/sisbra_all_w24/20210902T065455_usp2021reil_row4734 picks=1
[2750/3570] SISBRA 2021-09-18T14:33:09 lat=-6.820 lon=-35.230 mag=1.9 window=+/-120.0s r=1.0deg
MATCHED: 2021-08-14T00:25:54Z -> data/sisbra_all_w24/20210814T002553_usp2021pvdb_row4717 picks=1
[2751/3570] SISBRA 2021-09-18T15:03:50 lat=-3.920 lon=-40.150 mag=2.0 window=+/-120.0s r=1.0deg
MATCHED: 2021-08-03T09:04:20Z -> data/sisbra_all_w24/20210803T090419_usp2021pbrp_row4707 picks=2
[2752/3570] SISBRA 2021-09-19T08:17:02 lat=-19.460 lon=-44.160 mag=2.5 window=+/-120.0s r=1.0deg
NO_MATCH: 2021-09-17T19:56:00Z -> data/sisbra_all_w24/20210917T195600_row4751
[2753/3570] SISBRA 2021-09-19T14:22:08 lat=-15.410 lon=-59.390 mag=2.7 window=+/-120.0s r=1.0deg
MATCHED: 2021-09-01T22:02:12Z -> data/sisbra_all_w24/20210901T220211_usp2021rdqw_row4732 picks=2
[2754/3570] SISBRA 2021-09-19T18:20:12 lat=-7.590 lon=-50.000 mag=3.2 window=+/-120.0s r=1.0deg
MATCHED: 2021-09-09T21:23:45Z -> data/sisbra_all_w24/20210909T212345_usp2021rsfq_row4744 picks=2
[2755/3570] SISBRA 2021-09-21T03:27:45 lat=-8.110 lon=-35.170 mag=1.6 window=+/-120.0s r=1.0deg
  candidates=1 scored=1
  best=smi:org.gfz-potsdam.de/geofon/usp2021rtyl dt_s=3.266 dist_km=13.737 picks<=400.0km=0
MATCHED: 2021-09-10T20:02:04Z -> data/sisbra_all_w24/20210910T200207_usp2021rtyl_row4745 picks=0
[2756/3570] SISBRA 2021-09-22T02:48:09 lat=-8.290 lon=-35.880 mag=1.8 window=+/-120.0s r=1.0deg
  candidates=1 scored=1
  candidates=1 scored=1
  best=smi:org.gfz-potsdam.de/geofon/usp2021rlpy dt_s=0.433 dist_km=5.726 picks<=400.0km=3
  best=smi:org.gfz-potsdam.de/geofon/usp2021pvkc dt_s=0.475 dist_km=6.630 picks<=400.0km=5
MATCHED: 2021-08-14T03:59:49Z -> data/sisbra_all_w24/20210814T035949_usp2021pvkc_row4718 picks=5
[2757/3570] SISBRA 2021-09-23T09:01:06 lat=-2.870 lon=-44.770 mag=3.1 window=+/-120.0s r=1.0deg
MATCHED: 2021-09-06T06:38:27Z -> data/sisbra_all_w24/20210906T063826_usp2021rlpy_row4739 picks=3
[2758/3570] SISBRA 2021-09-23T16:06:19 lat=-8.300 lon=-35.770 mag=2.1 window=+/-120.0s r=1.0deg
  candidates=1 scored=1
  best=smi:org.gfz-potsdam.de/geofon/usp2021qpkd dt_s=2.274 dist_km=23.068 picks<=400.0km=3
  candidates=1 scored=1
  best=smi:org.gfz-potsdam.de/geofon/usp2021rmhc dt_s=0.329 dist_km=0.160 picks<=400.0km=2
  candidates=1 scored=1
  best=smi:org.gfz-potsdam.de/geofon/usp2021pyvv dt_s=0.641 dist_km=7.405 picks<=400.0km=9
MATCHED: 2021-08-25T02:44:00Z -> data/sisbra_all_w24/20210825T024402_usp2021qpkd_row4726 picks=3
[2759/3570] SISBRA 2021-09-23T16:06:37 lat=-8.320 lon=-35.840 mag=1.6 window=+/-120.0s r=1.0deg
MATCHED: 2021-09-06T15:19:04Z -> data/sisbra_all_w24/20210906T151904_usp2021rmhc_row4740 picks=2
[2760/3570] SISBRA 2021-09-23T18:59:29 lat=-3.930 lon=-40.560 mag=1.8 window=+/-120.0s r=1.0deg
MATCHED: 2021-08-16T01:19:32Z -> data/sisbra_all_w24/20210816T011932_usp2021pyvv_row4720 picks=9
[2761/3570] SISBRA 2021-09-23T20:12:18 lat=-7.790 lon=-35.640 mag=1.6 window=+/-120.0s r=1.0deg
  candidates=1 scored=1
  best=smi:org.gfz-potsdam.de/geofon/usp2021sdxg dt_s=0.180 dist_km=0.205 picks<=400.0km=1
NO_MATCH: 2021-09-23T16:06:37Z -> data/sisbra_all_w24/20210923T160637_row4761
[2762/3570] SISBRA 2021-09-25T19:25:34 lat=-23.630 lon=-47.440 mag=2.0 window=+/-120.0s r=1.0deg
  candidates=1 scored=1
  best=smi:org.gfz-potsdam.de/geofon/usp2021smue dt_s=0.744 dist_km=2.536 picks<=400.0km=1
NO_MATCH: 2021-09-23T18:59:29Z -> data/sisbra_all_w24/20210923T185929_row4762
[2763/3570] SISBRA 2021-09-27T19:57:57 lat=-7.680 lon=-40.050 mag=2.0 window=+/-120.0s r=1.0deg
MATCHED: 2021-09-16T06:48:25Z -> data/sisbra_all_w24/20210916T064825_usp2021sdxg_row4749 picks=1
[2764/3570] SISBRA 2021-09-27T21:52:33 lat=-6.850 lon=-72.700 mag=4.6 window=+/-120.0s r=1.0deg
  candidates=1 scored=1
  best=smi:org.gfz-potsdam.de/geofon/usp2021siep dt_s=0.462 dist_km=2.609 picks<=400.0km=2
MATCHED: 2021-09-21T03:27:45Z -> data/sisbra_all_w24/20210921T032745_usp2021smue_row4757 picks=1
[2765/3570] SISBRA 2021-09-28T15:46:43 lat=-7.900 lon=-36.110 mag=2.0 window=+/-120.0s r=1.0deg
MATCHED: 2021-09-18T15:03:50Z -> data/sisbra_all_w24/20210918T150350_usp2021siep_row4753 picks=2
[2766/3570] SISBRA 2021-09-28T21:02:28 lat=-14.490 lon=-55.540 mag=2.4 window=+/-120.0s r=1.0deg
  candidates=1 scored=1
  best=smi:org.gfz-potsdam.de/geofon/usp2021rdoy dt_s=0.167 dist_km=4.974 picks<=400.0km=8
MATCHED: 2021-09-01T21:03:53Z -> data/sisbra_all_w24/20210901T210353_usp2021rdoy_row4731 picks=8
[2767/3570] SISBRA 2021-09-28T21:03:18 lat=-15.250 lon=-59.270 mag=2.7 window=+/-120.0s r=1.0deg
NO_MATCH: 2021-09-27T19:57:57Z -> data/sisbra_all_w24/20210927T195757_row4765
[2768/3570] SISBRA 2021-09-29T20:18:14 lat=-11.670 lon=-56.730 mag=3.1 window=+/-120.0s r=1.0deg
  candidates=1 scored=1
  best=smi:org.gfz-potsdam.de/geofon/usp2021scxb dt_s=0.803 dist_km=0.481 picks<=400.0km=2
NO_MATCH: 2021-09-28T21:02:28Z -> data/sisbra_all_w24/20210928T210228_row4768
[2769/3570] SISBRA 2021-10-01T03:06:35 lat=-8.300 lon=-74.860 mag=4.4 window=+/-120.0s r=1.0deg
  candidates=1 scored=1
  best=smi:org.gfz-potsdam.de/geofon/usp2021qjwt dt_s=7.012 dist_km=69.255 picks<=400.0km=0
MATCHED: 2021-09-15T17:34:27Z -> data/sisbra_all_w24/20210915T173427_usp2021scxb_row4748 picks=2
[2770/3570] SISBRA 2021-10-01T09:26:37 lat=-11.140 lon=-40.610 mag=2.5 window=+/-120.0s r=1.0deg
NO_MATCH: 2021-09-29T20:18:14Z -> data/sisbra_all_w24/20210929T201814_row4770
[2771/3570] SISBRA 2021-10-02T12:52:34 lat=-9.590 lon=-71.160 mag=5.8 window=+/-120.0s r=1.0deg
MATCHED: 2021-08-22T02:17:59Z -> data/sisbra_all_w24/20210822T021751_usp2021qjwt_row4724 picks=0
[2772/3570] SISBRA 2021-10-10T04:06:20 lat=-8.760 lon=-74.700 mag=4.6 window=+/-120.0s r=1.0deg
  candidates=1 scored=1
  best=smi:org.gfz-potsdam.de/geofon/usp2021rqrs dt_s=0.282 dist_km=15.706 picks<=400.0km=2
MATCHED: 2021-09-09T01:14:23Z -> data/sisbra_all_w24/20210909T011423_usp2021rqrs_row4743 picks=2
[2773/3570] SISBRA 2021-10-12T02:38:53 lat=-8.040 lon=-35.060 mag=2.1 window=+/-120.0s r=1.0deg
  candidates=1 scored=1
  best=smi:org.gfz-potsdam.de/geofon/usp2021sezy dt_s=0.012 dist_km=91.909 picks<=400.0km=4NO_MATCH: 2021-10-10T04:06:20Z -> data/sisbra_all_w24/20211010T040620_row4774
[2774/3570] SISBRA 2021-10-12T04:34:34 lat=-9.620 lon=-71.270 mag=4.1 window=+/-120.0s r=1.0deg

  candidates=1 scored=1
  best=smi:org.gfz-potsdam.de/geofon/usp2021rism dt_s=2.800 dist_km=30.577 picks<=400.0km=3
MATCHED: 2021-09-16T21:17:54Z -> data/sisbra_all_w24/20210916T211753_usp2021sezy_row4750 picks=4
[2775/3570] SISBRA 2021-10-12T17:32:17 lat=-5.420 lon=-35.620 mag=2.3 window=+/-120.0s r=1.0deg
MATCHED: 2021-09-04T16:32:33Z -> data/sisbra_all_w24/20210904T163230_usp2021rism_row4738 picks=3
[2776/3570] SISBRA 2021-10-14T02:41:45 lat=-9.850 lon=-40.020 mag=2.0 window=+/-120.0s r=1.0deg
  candidates=1 scored=1
NO_MATCH: 2021-10-12T02:38:53Z -> data/sisbra_all_w24/20211012T023853_row4775
[2777/3570] SISBRA 2021-10-17T03:46:06 lat=-3.580 lon=-40.530 mag=1.6 window=+/-120.0s r=1.0deg
  best=smi:org.gfz-potsdam.de/geofon/usp2021tanb dt_s=0.936 dist_km=0.516 picks<=400.0km=4
  candidates=1 scored=1
  best=smi:org.gfz-potsdam.de/geofon/usp2021sidp dt_s=0.910 dist_km=3.864 picks<=400.0km=2
  candidates=1 scored=1
  best=smi:org.gfz-potsdam.de/geofon/usp2021sjyt dt_s=2.059 dist_km=57.860 picks<=400.0km=2
MATCHED: 2021-09-28T15:46:43Z -> data/sisbra_all_w24/20210928T154643_usp2021tanb_row4767 picks=4
[2778/3570] SISBRA 2021-10-18T19:00:32 lat=-19.620 lon=-43.370 mag=2.2 window=+/-120.0s r=1.0deg
MATCHED: 2021-09-18T14:33:09Z -> data/sisbra_all_w24/20210918T143309_usp2021sidp_row4752 picks=2
[2779/3570] SISBRA 2021-10-21T04:14:35 lat=-12.880 lon=-57.740 mag=2.0 window=+/-120.0s r=1.0deg
MATCHED: 2021-09-19T14:22:08Z -> data/sisbra_all_w24/20210919T142205_usp2021sjyt_row4755 picks=2
[2780/3570] SISBRA 2021-10-21T15:03:11 lat=-20.020 lon=-47.280 mag=3.0 window=+/-120.0s r=1.0deg
NO_MATCH: 2021-10-14T02:41:45Z -> data/sisbra_all_w24/20211014T024145_row4778
[2781/3570] SISBRA 2021-10-21T18:30:58 lat=-8.390 lon=-35.080 mag=2.2 window=+/-120.0s r=1.0deg
NO_MATCH: 2021-10-17T03:46:06Z -> data/sisbra_all_w24/20211017T034606_row4779
[2782/3570] SISBRA 2021-10-21T18:31:17 lat=-8.430 lon=-35.060 mag=2.0 window=+/-120.0s r=1.0deg
  candidates=1 scored=1
  best=smi:org.gfz-potsdam.de/geofon/usp2021sqwe dt_s=0.446 dist_km=6.740 picks<=400.0km=0
NO_MATCH: 2021-10-18T19:00:32Z -> data/sisbra_all_w24/20211018T190032_row4780
[2783/3570] SISBRA 2021-10-24T15:13:39 lat=-8.440 lon=-35.010 mag=2.1 window=+/-120.0s r=1.0deg
MATCHED: 2021-09-23T09:01:06Z -> data/sisbra_all_w24/20210923T090106_usp2021sqwe_row4759 picks=0
[2784/3570] SISBRA 2021-10-25T16:33:22 lat=-8.300 lon=-35.850 mag=2.0 window=+/-120.0s r=1.0deg
  candidates=1 scored=1
  best=smi:org.gfz-potsdam.de/geofon/usp2021srke dt_s=0.042 dist_km=8.470 picks<=400.0km=2
MATCHED: 2021-09-23T16:06:19Z -> data/sisbra_all_w24/20210923T160619_usp2021srke_row4760 picks=2
[2785/3570] SISBRA 2021-10-27T19:54:26 lat=-8.040 lon=-37.880 mag=1.1 window=+/-120.0s r=1.0deg
  candidates=1 scored=1
  best=smi:org.gfz-potsdam.de/geofon/usp2021sooj dt_s=0.880 dist_km=1.991 picks<=400.0km=4
NO_MATCH: 2021-10-24T15:13:39Z -> data/sisbra_all_w24/20211024T151339_row4785
[2786/3570] SISBRA 2021-10-28T13:31:00 lat=-8.880 lon=-40.200 mag=2.2 window=+/-120.0s r=1.0deg
  candidates=1 scored=1
MATCHED: 2021-09-22T02:48:09Z -> data/sisbra_all_w24/20210922T024809_usp2021sooj_row4758 picks=4
[2787/3570] SISBRA 2021-10-28T13:32:52 lat=-8.920 lon=-40.100 mag=1.8 window=+/-120.0s r=1.0deg
  best=smi:org.gfz-potsdam.de/geofon/usp2021rgww dt_s=0.249 dist_km=0.618 picks<=400.0km=2
NO_MATCH: 2021-10-25T16:33:22Z -> data/sisbra_all_w24/20211025T163322_row4786
[2788/3570] SISBRA 2021-10-29T20:36:20 lat=-5.620 lon=-36.110 mag=1.8 window=+/-120.0s r=1.0deg
NO_MATCH: 2021-10-27T19:54:26Z -> data/sisbra_all_w24/20211027T195426_row4787
[2789/3570] SISBRA 2021-10-31T15:36:36 lat=-6.420 lon=-50.080 mag=2.6 window=+/-120.0s r=1.0deg
MATCHED: 2021-09-03T16:29:07Z -> data/sisbra_all_w24/20210903T162906_usp2021rgww_row4737 picks=2
[2790/3570] SISBRA 2021-11-04T02:24:13 lat=1.650 lon=-61.140 mag=3.8 window=+/-120.0s r=1.0deg
  candidates=1 scored=1
  best=smi:org.gfz-potsdam.de/geofon/usp2021svht dt_s=0.718 dist_km=0.384 picks<=400.0km=5
NO_MATCH: 2021-10-28T13:31:00Z -> data/sisbra_all_w24/20211028T133100_row4788
[2791/3570] SISBRA 2021-11-04T02:29:23 lat=1.650 lon=-61.140 mag=2.6 window=+/-120.0s r=1.0deg
  candidates=1 scored=1
  best=smi:org.gfz-potsdam.de/geofon/usp2021srsh dt_s=0.747 dist_km=0.567 picks<=400.0km=7
NO_MATCH: 2021-10-28T13:32:52Z -> data/sisbra_all_w24/20211028T133252_row4789
[2792/3570] SISBRA 2021-11-04T02:34:36 lat=1.650 lon=-61.140 mag=1.7 window=+/-120.0s r=1.0deg
NO_MATCH: 2021-10-29T20:36:20Z -> data/sisbra_all_w24/20211029T203620_row4790
[2793/3570] SISBRA 2021-11-04T02:44:31 lat=1.650 lon=-61.140 mag=1.7 window=+/-120.0s r=1.0deg
  candidates=1 scored=1
  best=smi:org.gfz-potsdam.de/geofon/usp2021sjms dt_s=0.647 dist_km=1.658 picks<=400.0km=10
MATCHED: 2021-09-25T19:25:34Z -> data/sisbra_all_w24/20210925T192534_usp2021svht_row4764 picks=5
[2794/3570] SISBRA 2021-11-04T03:22:26 lat=1.650 lon=-61.140 mag=1.7 window=+/-120.0s r=1.0deg
  candidates=1 scored=1
  best=smi:org.gfz-potsdam.de/geofon/usp2021sbzm dt_s=0.995 dist_km=5.012 picks<=400.0km=6
MATCHED: 2021-09-23T20:12:18Z -> data/sisbra_all_w24/20210923T201218_usp2021srsh_row4763 picks=7
[2795/3570] SISBRA 2021-11-04T03:50:00 lat=1.650 lon=-61.140 mag=1.8 window=+/-120.0s r=1.0deg
MATCHED: 2021-09-19T08:17:02Z -> data/sisbra_all_w24/20210919T081702_usp2021sjms_row4754 picks=10
[2796/3570] SISBRA 2021-11-04T04:27:29 lat=1.650 lon=-61.140 mag=1.7 window=+/-120.0s r=1.0deg
MATCHED: 2021-09-15T05:39:19Z -> data/sisbra_all_w24/20210915T053919_usp2021sbzm_row4746 picks=6
[2797/3570] SISBRA 2021-11-04T04:52:57 lat=1.650 lon=-61.140 mag=3.0 window=+/-120.0s r=1.0deg
  candidates=1 scored=1
  best=smi:org.gfz-potsdam.de/geofon/usp2021uqtb dt_s=0.167 dist_km=0.370 picks<=400.0km=2
  candidates=1 scored=1
  best=smi:org.gfz-potsdam.de/geofon/usp2021tfna dt_s=0.893 dist_km=0.674 picks<=400.0km=2
MATCHED: 2021-10-21T18:30:58Z -> data/sisbra_all_w24/20211021T183058_usp2021uqtb_row4783 picks=2
[2798/3570] SISBRA 2021-11-04T04:57:35 lat=1.650 lon=-61.140 mag=2.0 window=+/-120.0s r=1.0deg
MATCHED: 2021-10-01T09:26:37Z -> data/sisbra_all_w24/20211001T092637_usp2021tfna_row4772 picks=2
[2799/3570] SISBRA 2021-11-04T06:00:30 lat=1.650 lon=-61.140 mag=1.6 window=+/-120.0s r=1.0deg
  candidates=1 scored=1
  best=smi:org.gfz-potsdam.de/geofon/usp2021taxn dt_s=0.976 dist_km=0.543 picks<=400.0km=3
MATCHED: 2021-09-28T21:03:18Z -> data/sisbra_all_w24/20210928T210318_usp2021taxn_row4769 picks=3
[2800/3570] SISBRA 2021-11-04T06:42:17 lat=1.650 lon=-61.140 mag=1.6 window=+/-120.0s r=1.0deg
  candidates=1 scored=1
  best=smi:org.gfz-potsdam.de/geofon/usp2021vpco dt_s=0.000 dist_km=34.618 picks<=400.0km=1
  candidates=1 scored=1
  best=smi:org.gfz-potsdam.de/geofon/usp2021uafp dt_s=0.509 dist_km=12.953 picks<=400.0km=9
  candidates=1 scored=1
  best=smi:org.gfz-potsdam.de/geofon/usp2021vpgg dt_s=0.000 dist_km=34.618 picks<=400.0km=1
  candidates=1 scored=1
  best=smi:org.gfz-potsdam.de/geofon/usp2021uqtb dt_s=18.833 dist_km=4.579 picks<=400.0km=2
MATCHED: 2021-11-04T02:34:36Z -> data/sisbra_all_w24/20211104T023436_usp2021vpco_row4794 picks=1
[2801/3570] SISBRA 2021-11-04T15:10:09 lat=-7.010 lon=-37.340 mag=1.6 window=+/-120.0s r=1.0deg
MATCHED: 2021-11-04T04:27:29Z -> data/sisbra_all_w24/20211104T042729_usp2021vpgg_row4798 picks=1
[2802/3570] SISBRA 2021-11-04T21:35:51 lat=-9.960 lon=-39.810 mag=1.9 window=+/-120.0s r=1.0deg
MATCHED: 2021-10-12T17:32:17Z -> data/sisbra_all_w24/20211012T173216_usp2021uafp_row4777 picks=9
[2803/3570] SISBRA 2021-11-05T06:09:38 lat=-5.050 lon=-35.460 mag=2.3 window=+/-120.0s r=1.0deg
  candidates=1 scored=1
  best=smi:org.gfz-potsdam.de/geofon/usp2021szdq dt_s=1.510 dist_km=6.198 picks<=400.0km=2
MATCHED: 2021-10-21T18:31:17Z -> data/sisbra_all_w24/20211021T183058_usp2021uqtb_row4784 picks=2
[2804/3570] SISBRA 2021-11-09T04:26:15 lat=2.610 lon=-59.460 mag=3.7 window=+/-120.0s r=1.0deg
  candidates=1 scored=1
  best=smi:org.gfz-potsdam.de/geofon/usp2021vpcj dt_s=0.000 dist_km=34.618 picks<=400.0km=1
  candidates=1 scored=1
  best=smi:org.gfz-potsdam.de/geofon/usp2021vpfa dt_s=0.000 dist_km=34.618 picks<=400.0km=1
  candidates=1 scored=1
  best=smi:org.gfz-potsdam.de/geofon/usp2021viug dt_s=0.112 dist_km=1.370 picks<=400.0km=4
MATCHED: 2021-09-27T21:52:33Z -> data/sisbra_all_w24/20210927T215231_usp2021szdq_row4766 picks=2
[2805/3570] SISBRA 2021-11-13T06:53:14 lat=-12.650 lon=-37.300 mag=2.1 window=+/-120.0s r=1.0deg
MATCHED: 2021-11-04T02:29:23Z -> data/sisbra_all_w24/20211104T022923_usp2021vpcj_row4793 picks=1
[2806/3570] SISBRA 2021-11-17T05:49:27 lat=-5.370 lon=-35.250 mag=2.0 window=+/-120.0s r=1.0deg
  candidates=1 scored=1
  best=smi:org.gfz-potsdam.de/geofon/usp2021vped dt_s=0.000 dist_km=34.618 picks<=400.0km=1
MATCHED: 2021-10-31T15:36:36Z -> data/sisbra_all_w24/20211031T153636_usp2021viug_row4791 picks=4
[2807/3570] SISBRA 2021-11-24T00:42:28 lat=-10.710 lon=-37.260 mag=2.0 window=+/-120.0s r=1.0deg
MATCHED: 2021-11-04T03:50:00Z -> data/sisbra_all_w24/20211104T035000_usp2021vpfa_row4797 picks=1
[2808/3570] SISBRA 2021-11-25T00:53:00 lat=-9.870 lon=-39.390 mag=2.1 window=+/-120.0s r=1.0deg
  candidates=1 scored=1
  candidates=1 scored=1
  best=smi:org.gfz-potsdam.de/geofon/usp2021vphg dt_s=0.000 dist_km=34.618 picks<=400.0km=1
  best=smi:org.gfz-potsdam.de/geofon/usp2021ozau dt_s=0.999 dist_km=6.923 picks<=400.0km=2
  candidates=1 scored=1
  best=smi:org.gfz-potsdam.de/geofon/usp2021vphc dt_s=0.000 dist_km=34.618 picks<=400.0km=1
  candidates=1 scored=1
  best=smi:org.gfz-potsdam.de/geofon/usp2021vpcw dt_s=0.000 dist_km=34.618 picks<=400.0km=1
MATCHED: 2021-11-04T03:22:26Z -> data/sisbra_all_w24/20211104T032226_usp2021vped_row4796 picks=1
[2809/3570] SISBRA 2021-11-25T07:27:28 lat=-15.080 lon=-60.620 mag=3.1 window=+/-120.0s r=1.0deg
MATCHED: 2021-08-01T22:18:06Z -> data/sisbra_all_w24/20210801T221806_usp2021ozau_row4703 picks=2
[2810/3570] SISBRA 2021-11-25T15:09:34 lat=-3.790 lon=-40.540 mag=2.2 window=+/-120.0s r=1.0deg
MATCHED: 2021-11-04T04:57:35Z -> data/sisbra_all_w24/20211104T045735_usp2021vphg_row4800 picks=1
[2811/3570] SISBRA 2021-11-26T16:33:43 lat=-11.680 lon=-56.730 mag=2.1 window=+/-120.0s r=1.0deg
MATCHED: 2021-11-04T04:52:57Z -> data/sisbra_all_w24/20211104T045257_usp2021vphc_row4799 picks=1
[2812/3570] SISBRA 2021-12-02T15:08:35 lat=-8.850 lon=-36.460 mag=2.0 window=+/-120.0s r=1.0deg
MATCHED: 2021-11-04T02:44:31Z -> data/sisbra_all_w24/20211104T024431_usp2021vpcw_row4795 picks=1
[2813/3570] SISBRA 2021-12-05T21:09:50 lat=-11.250 lon=-40.430 mag=2.2 window=+/-120.0s r=1.0deg
NO_MATCH: 2021-11-25T00:53:00Z -> data/sisbra_all_w24/20211125T005300_row4810
[2814/3570] SISBRA 2021-12-07T14:57:59 lat=-3.800 lon=-40.520 mag=1.6 window=+/-120.0s r=1.0deg
NO_MATCH: 2021-11-24T00:42:28Z -> data/sisbra_all_w24/20211124T004228_row4809
[2815/3570] SISBRA 2021-12-07T15:19:14 lat=-3.690 lon=-40.890 mag=2.7 window=+/-120.0s r=1.0deg
  candidates=1 scored=1
  best=smi:org.gfz-potsdam.de/geofon/usp2021vqoe dt_s=0.927 dist_km=2.082 picks<=400.0km=3
NO_MATCH: 2021-12-02T15:08:35Z -> data/sisbra_all_w24/20211202T150835_row4814
[2816/3570] SISBRA 2021-12-08T18:54:21 lat=-26.610 lon=-49.250 mag=2.3 window=+/-120.0s r=1.0deg
  candidates=1 scored=1
  best=smi:org.gfz-potsdam.de/geofon/usp2021skgp dt_s=0.180 dist_km=24.443 picks<=400.0km=5
  candidates=1 scored=1
  best=smi:org.gfz-potsdam.de/geofon/usp2021vqbm dt_s=0.717 dist_km=2.434 picks<=400.0km=6
MATCHED: 2021-11-04T21:35:51Z -> data/sisbra_all_w24/20211104T213551_usp2021vqoe_row4804 picks=3
[2817/3570] SISBRA 2021-12-09T02:06:20 lat=-11.220 lon=-40.480 mag=1.3 window=+/-120.0s r=1.0deg
MATCHED: 2021-11-04T15:10:09Z -> data/sisbra_all_w24/20211104T151009_usp2021vqbm_row4803 picks=6
[2818/3570] SISBRA 2021-12-10T02:17:13 lat=-17.130 lon=-38.700 mag=3.1 window=+/-120.0s r=1.0deg
  candidates=1 scored=1
  best=smi:org.gfz-potsdam.de/geofon/usp2021vpks dt_s=0.000 dist_km=34.618 picks<=400.0km=1
MATCHED: 2021-09-19T18:20:12Z -> data/sisbra_all_w24/20210919T182011_usp2021skgp_row4756 picks=5
[2819/3570] SISBRA 2021-12-10T16:18:57 lat=-20.330 lon=-49.160 mag=2.6 window=+/-120.0s r=1.0deg
MATCHED: 2021-11-04T06:42:17Z -> data/sisbra_all_w24/20211104T064217_usp2021vpks_row4802 picks=1
[2820/3570] SISBRA 2021-12-10T18:36:09 lat=-3.800 lon=-40.590 mag=2.3 window=+/-120.0s r=1.0deg
  candidates=1 scored=1
  best=smi:org.gfz-potsdam.de/geofon/usp2021vpji dt_s=0.000 dist_km=34.618 picks<=400.0km=1
  candidates=1 scored=1
  best=smi:org.gfz-potsdam.de/geofon/usp2021upqu dt_s=10.229 dist_km=16.468 picks<=400.0km=5
  candidates=1 scored=1
  best=smi:org.gfz-potsdam.de/geofon/usp2021xejh dt_s=0.527 dist_km=12.798 picks<=400.0km=2
  candidates=1 scored=1
  best=smi:org.gfz-potsdam.de/geofon/usp2021tzfy dt_s=0.520 dist_km=5.293 picks<=400.0km=2
MATCHED: 2021-11-04T06:00:30Z -> data/sisbra_all_w24/20211104T060030_usp2021vpji_row4801 picks=1
[2821/3570] SISBRA 2021-12-13T04:35:00 lat=-5.930 lon=-39.240 mag=2.0 window=+/-120.0s r=1.0deg
MATCHED: 2021-11-26T16:33:43Z -> data/sisbra_all_w24/20211126T163343_usp2021xejh_row4813 picks=2
[2822/3570] SISBRA 2021-12-17T16:57:00 lat=-5.150 lon=-39.290 mag=2.1 window=+/-120.0s r=1.0deg
MATCHED: 2021-10-21T04:14:35Z -> data/sisbra_all_w24/20211021T041424_usp2021upqu_row4781 picks=5
[2823/3570] SISBRA 2021-12-22T05:48:11 lat=-5.910 lon=-40.190 mag=1.6 window=+/-120.0s r=1.0deg
MATCHED: 2021-10-12T04:34:34Z -> data/sisbra_all_w24/20211012T043434_usp2021tzfy_row4776 picks=2
[2824/3570] SISBRA 2021-12-23T19:08:11 lat=-27.400 lon=-50.100 mag=2.1 window=+/-120.0s r=1.0deg
  candidates=1 scored=1
  best=smi:org.gfz-potsdam.de/geofon/usp2021vpcf dt_s=0.380 dist_km=31.218 picks<=400.0km=1
NO_MATCH: 2021-12-17T16:57:00Z -> data/sisbra_all_w24/20211217T165700_row4824
[2825/3570] SISBRA 2021-12-24T16:12:01 lat=-11.610 lon=-56.840 mag=2.2 window=+/-120.0s r=1.0deg
MATCHED: 2021-11-04T02:24:13Z -> data/sisbra_all_w24/20211104T022412_usp2021vpcf_row4792 picks=1
[2826/3570] SISBRA 2021-12-25T08:15:18 lat=-8.690 lon=-36.160 mag=2.0 window=+/-120.0s r=1.0deg
  candidates=1 scored=1
  best=smi:org.gfz-potsdam.de/geofon/usp2021ybaf dt_s=0.000 dist_km=0.353 picks<=400.0km=1
NO_MATCH: 2021-12-13T04:35:00Z -> data/sisbra_all_w24/20211213T043500_row4823
[2827/3570] SISBRA 2021-12-28T20:17:00 lat=-9.040 lon=-36.230 mag=2.1 window=+/-120.0s r=1.0deg
  candidates=1 scored=1
  best=smi:org.gfz-potsdam.de/geofon/usp2021tfam dt_s=0.952 dist_km=24.758 picks<=400.0km=2
MATCHED: 2021-12-09T02:06:20Z -> data/sisbra_all_w24/20211209T020620_usp2021ybaf_row4819 picks=1
[2828/3570] SISBRA 2021-12-30T08:17:56 lat=-23.870 lon=-42.330 mag=2.8 window=+/-120.0s r=1.0deg
  candidates=1 scored=1
  best=smi:org.gfz-potsdam.de/geofon/usp2021wncn dt_s=1.782 dist_km=7.187 picks<=400.0km=2
MATCHED: 2021-10-01T03:06:35Z -> data/sisbra_all_w24/20211001T030635_usp2021tfam_row4771 picks=2
[2829/3570] SISBRA 2021-12-31T16:48:00 lat=-8.430 lon=-35.230 mag=2.1 window=+/-120.0s r=1.0deg
MATCHED: 2021-11-17T05:49:27Z -> data/sisbra_all_w24/20211117T054925_usp2021wncn_row4808 picks=2
[2830/3570] SISBRA 2022-01-05T05:10:05 lat=-14.150 lon=-58.620 mag=2.3 window=+/-120.0s r=1.0deg
NO_MATCH: 2021-12-25T08:15:18Z -> data/sisbra_all_w24/20211225T081518_row4828
[2831/3570] SISBRA 2022-01-07T19:29:28 lat=-5.720 lon=-50.650 mag=3.7 window=+/-120.0s r=1.0deg
NO_MATCH: 2021-12-28T20:17:00Z -> data/sisbra_all_w24/20211228T201700_row4829
[2832/3570] SISBRA 2022-01-08T15:01:00 lat=-23.616 lon=-46.498 mag=0.0 window=+/-120.0s r=1.0deg
  candidates=1 scored=1
  best=smi:org.gfz-potsdam.de/geofon/usp2021wfwp dt_s=0.643 dist_km=0.528 picks<=400.0km=2
  candidates=1 scored=1
  best=smi:org.gfz-potsdam.de/geofon/usp2021uqmf dt_s=0.919 dist_km=2.371 picks<=400.0km=8
NO_MATCH: 2021-12-31T16:48:00Z -> data/sisbra_all_w24/20211231T164800_row4831
[2833/3570] SISBRA 2022-01-10T00:55:18 lat=-4.640 lon=-38.260 mag=1.4 window=+/-120.0s r=1.0deg
  candidates=1 scored=1
  best=smi:org.gfz-potsdam.de/geofon/usp2021ycwc dt_s=0.003 dist_km=41.797 picks<=400.0km=2
MATCHED: 2021-11-13T06:53:14Z -> data/sisbra_all_w24/20211113T065314_usp2021wfwp_row4807 picks=2
[2834/3570] SISBRA 2022-01-10T23:13:36 lat=-20.120 lon=-44.830 mag=3.0 window=+/-120.0s r=1.0deg
  candidates=1 scored=1
  best=smi:org.gfz-potsdam.de/geofon/usp2021vyjt dt_s=0.551 dist_km=0.553 picks<=400.0km=1
  candidates=1 scored=1
  best=smi:org.gfz-potsdam.de/geofon/usp2021zbwz dt_s=0.434 dist_km=24.401 picks<=400.0km=3
MATCHED: 2021-12-10T02:17:13Z -> data/sisbra_all_w24/20211210T021713_usp2021ycwc_row4820 picks=2
[2835/3570] SISBRA 2022-01-12T03:48:49 lat=-18.760 lon=-45.680 mag=2.8 window=+/-120.0s r=1.0deg
  candidates=1 scored=1
  best=smi:org.gfz-potsdam.de/geofon/usp2021xbvt dt_s=0.117 dist_km=0.109 picks<=400.0km=4
MATCHED: 2021-10-21T15:03:11Z -> data/sisbra_all_w24/20211021T150311_usp2021uqmf_row4782 picks=8
[2836/3570] SISBRA 2022-01-12T16:14:46 lat=-5.200 lon=-39.030 mag=1.8 window=+/-120.0s r=1.0deg
  candidates=1 scored=1
NO_MATCH: 2022-01-08T15:01:00Z -> data/sisbra_all_w24/20220108T150100_row4834
[2837/3570] SISBRA 2022-01-12T23:06:43 lat=-5.140 lon=-39.120 mag=2.1 window=+/-120.0s r=1.0deg
NO_MATCH: 2022-01-10T00:55:18Z -> data/sisbra_all_w24/20220110T005518_row4835
[2838/3570] SISBRA 2022-01-13T18:25:53 lat=-20.130 lon=-44.830 mag=2.8 window=+/-120.0s r=1.0deg
MATCHED: 2021-11-09T04:26:15Z -> data/sisbra_all_w24/20211109T042615_usp2021vyjt_row4806 picks=1
[2839/3570] SISBRA 2022-01-13T18:32:07 lat=-20.130 lon=-44.830 mag=2.9 window=+/-120.0s r=1.0deg
MATCHED: 2021-12-23T19:08:11Z -> data/sisbra_all_w24/20211223T190811_usp2021zbwz_row4826 picks=3
[2840/3570] SISBRA 2022-01-13T22:30:33 lat=-20.130 lon=-44.860 mag=1.8 window=+/-120.0s r=1.0deg
  best=smi:org.gfz-potsdam.de/geofon/usp2021qkiz dt_s=0.897 dist_km=21.438 picks<=400.0km=2
  candidates=1 scored=1
  best=smi:org.gfz-potsdam.de/geofon/usp2021xvdy dt_s=0.775 dist_km=2.507 picks<=400.0km=2
MATCHED: 2021-11-25T07:27:28Z -> data/sisbra_all_w24/20211125T072727_usp2021xbvt_row4811 picks=4
[2841/3570] SISBRA 2022-01-14T02:52:38 lat=-20.130 lon=-44.830 mag=2.0 window=+/-120.0s r=1.0deg
MATCHED: 2021-12-05T21:09:50Z -> data/sisbra_all_w24/20211205T210950_usp2021xvdy_row4815 picks=2
[2842/3570] SISBRA 2022-01-14T03:04:57 lat=-20.120 lon=-44.830 mag=1.6 window=+/-120.0s r=1.0deg
  candidates=1 scored=1
  candidates=1 scored=1
  best=smi:org.gfz-potsdam.de/geofon/usp2021xcla dt_s=0.032 dist_km=2.035 picks<=400.0km=2
MATCHED: 2021-08-22T08:28:10Z -> data/sisbra_all_w24/20210822T082810_usp2021qkiz_row4725 picks=2
[2843/3570] SISBRA 2022-01-14T11:35:23 lat=-19.070 lon=-44.690 mag=2.8 window=+/-120.0s r=1.0deg
  best=smi:org.gfz-potsdam.de/geofon/usp2021scgk dt_s=0.510 dist_km=1.217 picks<=400.0km=8
NO_MATCH: 2022-01-12T16:14:46Z -> data/sisbra_all_w24/20220112T161446_row4838
[2844/3570] SISBRA 2022-01-14T21:04:19 lat=-20.150 lon=-44.830 mag=2.2 window=+/-120.0s r=1.0deg
NO_MATCH: 2022-01-12T23:06:43Z -> data/sisbra_all_w24/20220112T230643_row4839
[2845/3570] SISBRA 2022-01-15T02:07:50 lat=-20.120 lon=-44.840 mag=1.9 window=+/-120.0s r=1.0deg
MATCHED: 2021-11-25T15:09:34Z -> data/sisbra_all_w24/20211125T150934_usp2021xcla_row4812 picks=2
[2846/3570] SISBRA 2022-01-15T06:32:08 lat=-20.970 lon=-48.530 mag=2.0 window=+/-120.0s r=1.0deg
MATCHED: 2021-09-15T09:09:58Z -> data/sisbra_all_w24/20210915T090958_usp2021scgk_row4747 picks=8
[2847/3570] SISBRA 2022-01-15T07:39:00 lat=-20.130 lon=-44.830 mag=1.6 window=+/-120.0s r=1.0deg
  candidates=1 scored=1
  best=smi:org.gfz-potsdam.de/geofon/usp2021vrfd dt_s=0.368 dist_km=9.375 picks<=400.0km=2
  candidates=1 scored=1
  best=smi:org.gfz-potsdam.de/geofon/usp2021yalz dt_s=0.471 dist_km=15.338 picks<=400.0km=6
MATCHED: 2021-11-05T06:09:38Z -> data/sisbra_all_w24/20211105T060938_usp2021vrfd_row4805 picks=2
[2848/3570] SISBRA 2022-01-15T07:45:57 lat=-20.120 lon=-44.810 mag=2.4 window=+/-120.0s r=1.0deg
  candidates=1 scored=1
  best=smi:org.gfz-potsdam.de/geofon/usp2022ahsg dt_s=0.779 dist_km=2.292 picks<=400.0km=3
MATCHED: 2021-12-08T18:54:21Z -> data/sisbra_all_w24/20211208T185421_usp2021yalz_row4818 picks=6
[2849/3570] SISBRA 2022-01-15T09:34:22 lat=-20.130 lon=-44.840 mag=1.8 window=+/-120.0s r=1.0deg
MATCHED: 2022-01-05T05:10:05Z -> data/sisbra_all_w24/20220105T051005_usp2022ahsg_row4832 picks=3
[2850/3570] SISBRA 2022-01-15T11:38:36 lat=-20.130 lon=-44.840 mag=2.1 window=+/-120.0s r=1.0deg
  candidates=1 scored=1
  best=smi:org.gfz-potsdam.de/geofon/usp2021zdmr dt_s=2.204 dist_km=5.878 picks<=400.0km=2
MATCHED: 2021-12-24T16:12:01Z -> data/sisbra_all_w24/20211224T161203_usp2021zdmr_row4827 picks=2
[2851/3570] SISBRA 2022-01-15T13:23:06 lat=-20.130 lon=-44.820 mag=2.4 window=+/-120.0s r=1.0deg
  candidates=1 scored=1
  best=smi:org.gfz-potsdam.de/geofon/usp2021yecj dt_s=0.751 dist_km=2.538 picks<=400.0km=2
MATCHED: 2021-12-10T18:36:09Z -> data/sisbra_all_w24/20211210T183609_usp2021yecj_row4822 picks=2
[2852/3570] SISBRA 2022-01-15T13:26:51 lat=-20.130 lon=-44.830 mag=1.9 window=+/-120.0s r=1.0deg
  candidates=1 scored=1
  best=smi:org.gfz-potsdam.de/geofon/usp2021xyjj dt_s=0.598 dist_km=2.819 picks<=400.0km=2
  candidates=1 scored=1
  best=smi:org.gfz-potsdam.de/geofon/usp2022bamc dt_s=0.728 dist_km=0.435 picks<=400.0km=4
MATCHED: 2021-12-07T15:19:14Z -> data/sisbra_all_w24/20211207T151914_usp2021xyjj_row4817 picks=2
[2853/3570] SISBRA 2022-01-15T22:23:45 lat=-20.120 lon=-44.830 mag=1.9 window=+/-120.0s r=1.0deg
  candidates=1 scored=1
  best=smi:org.gfz-potsdam.de/geofon/usp2022axqp dt_s=0.711 dist_km=0.254 picks<=400.0km=6
  candidates=1 scored=1
  best=smi:org.gfz-potsdam.de/geofon/usp2022aztg dt_s=0.013 dist_km=0.255 picks<=400.0km=7
MATCHED: 2022-01-15T02:07:50Z -> data/sisbra_all_w24/20220115T020750_usp2022aztg_row4847 picks=7
[2854/3570] SISBRA 2022-01-16T07:24:51 lat=-20.130 lon=-44.830 mag=1.6 window=+/-120.0s r=1.0deg
MATCHED: 2022-01-13T22:30:33Z -> data/sisbra_all_w24/20220113T223033_usp2022axqp_row4842 picks=6
[2855/3570] SISBRA 2022-01-16T11:43:53 lat=-20.120 lon=-44.830 mag=1.7 window=+/-120.0s r=1.0deg
MATCHED: 2022-01-15T11:38:36Z -> data/sisbra_all_w24/20220115T113836_usp2022bamc_row4852 picks=4
[2856/3570] SISBRA 2022-01-17T18:27:12 lat=-20.130 lon=-44.840 mag=2.1 window=+/-120.0s r=1.0deg
  candidates=1 scored=1
  best=smi:org.gfz-potsdam.de/geofon/usp2021xyir dt_s=0.063 dist_km=0.447 picks<=400.0km=7
MATCHED: 2021-12-07T14:57:59Z -> data/sisbra_all_w24/20211207T145759_usp2021xyir_row4816 picks=7
[2857/3570] SISBRA 2022-01-18T12:02:15 lat=-20.130 lon=-44.830 mag=2.9 window=+/-120.0s r=1.0deg
  candidates=1 scored=1
  best=smi:org.gfz-potsdam.de/geofon/usp2021yzbb dt_s=0.797 dist_km=3.320 picks<=400.0km=4
  candidates=1 scored=1
  best=smi:org.gfz-potsdam.de/geofon/usp2022aukc dt_s=0.499 dist_km=0.519 picks<=400.0km=15
MATCHED: 2021-12-22T05:48:11Z -> data/sisbra_all_w24/20211222T054811_usp2021yzbb_row4825 picks=4
[2858/3570] SISBRA 2022-01-18T15:36:24 lat=-20.140 lon=-44.830 mag=2.4 window=+/-120.0s r=1.0deg
MATCHED: 2022-01-12T03:48:49Z -> data/sisbra_all_w24/20220112T034849_usp2022aukc_row4837 picks=15
[2859/3570] SISBRA 2022-01-18T19:16:58 lat=-20.130 lon=-44.830 mag=2.6 window=+/-120.0s r=1.0deg
  candidates=1 scored=1
  best=smi:org.gfz-potsdam.de/geofon/usp2022beqo dt_s=0.566 dist_km=0.479 picks<=400.0km=6
  candidates=1 scored=1
  best=smi:org.gfz-potsdam.de/geofon/usp2022bahz dt_s=0.845 dist_km=0.235 picks<=400.0km=3
MATCHED: 2022-01-17T18:27:12Z -> data/sisbra_all_w24/20220117T182712_usp2022beqo_row4858 picks=6
[2860/3570] SISBRA 2022-01-18T20:12:14 lat=-3.870 lon=-38.710 mag=1.8 window=+/-120.0s r=1.0deg
  candidates=1 scored=1
  best=smi:org.gfz-potsdam.de/geofon/usp2022babz dt_s=1.078 dist_km=20.143 picks<=400.0km=10
  candidates=1 scored=1
  best=smi:org.gfz-potsdam.de/geofon/usp2022axzq dt_s=0.946 dist_km=0.582 picks<=400.0km=3
MATCHED: 2022-01-15T09:34:22Z -> data/sisbra_all_w24/20220115T093422_usp2022bahz_row4851 picks=3
[2861/3570] SISBRA 2022-01-18T20:29:26 lat=-20.130 lon=-44.820 mag=2.2 window=+/-120.0s r=1.0deg
MATCHED: 2022-01-15T06:32:08Z -> data/sisbra_all_w24/20220115T063206_usp2022babz_row4848 picks=10
[2862/3570] SISBRA 2022-01-18T23:11:13 lat=-20.130 lon=-44.830 mag=2.0 window=+/-120.0s r=1.0deg
  candidates=1 scored=1
  best=smi:org.gfz-potsdam.de/geofon/usp2022azjg dt_s=0.460 dist_km=0.612 picks<=400.0km=11
  candidates=1 scored=1
  best=smi:org.gfz-potsdam.de/geofon/usp2022bbzf dt_s=0.937 dist_km=0.539 picks<=400.0km=6MATCHED: 2022-01-14T03:04:57Z -> data/sisbra_all_w24/20220114T030457_usp2022axzq_row4844 picks=3
[2863/3570] SISBRA 2022-01-19T00:36:41 lat=-20.150 lon=-44.820 mag=2.4 window=+/-120.0s r=1.0deg

  candidates=1 scored=1
NO_MATCH: 2022-01-18T20:12:14Z -> data/sisbra_all_w24/20220118T201214_row4862
[2864/3570] SISBRA 2022-01-19T04:06:02 lat=-20.130 lon=-44.830 mag=2.0 window=+/-120.0s r=1.0deg
  candidates=1 scored=1
  best=smi:org.gfz-potsdam.de/geofon/usp2022axis dt_s=0.841 dist_km=0.273 picks<=400.0km=15
  best=smi:org.gfz-potsdam.de/geofon/usp2022baee dt_s=0.942 dist_km=0.163 picks<=400.0km=5
  candidates=1 scored=1
  best=smi:org.gfz-potsdam.de/geofon/usp2022bbhj dt_s=0.968 dist_km=0.421 picks<=400.0km=6
MATCHED: 2022-01-14T21:04:19Z -> data/sisbra_all_w24/20220114T210419_usp2022azjg_row4846 picks=11
[2865/3570] SISBRA 2022-01-19T04:57:21 lat=-20.130 lon=-44.830 mag=1.9 window=+/-120.0s r=1.0deg
MATCHED: 2022-01-16T07:24:51Z -> data/sisbra_all_w24/20220116T072451_usp2022bbzf_row4856 picks=6
[2866/3570] SISBRA 2022-01-19T05:34:00 lat=-20.120 lon=-44.850 mag=2.1 window=+/-120.0s r=1.0deg
MATCHED: 2022-01-15T07:39:00Z -> data/sisbra_all_w24/20220115T073900_usp2022baee_row4849 picks=5
[2867/3570] SISBRA 2022-01-19T13:54:40 lat=-20.120 lon=-44.810 mag=2.5 window=+/-120.0s r=1.0deg
MATCHED: 2022-01-15T22:23:45Z -> data/sisbra_all_w24/20220115T222345_usp2022bbhj_row4855 picks=6
[2868/3570] SISBRA 2022-01-19T14:32:01 lat=-20.140 lon=-44.830 mag=2.2 window=+/-120.0s r=1.0deg
MATCHED: 2022-01-13T18:32:07Z -> data/sisbra_all_w24/20220113T183207_usp2022axis_row4841 picks=15
[2869/3570] SISBRA 2022-01-20T08:06:00 lat=-20.120 lon=-44.820 mag=2.2 window=+/-120.0s r=1.0deg
  candidates=1 scored=1
  best=smi:org.gfz-potsdam.de/geofon/usp2021znwb dt_s=0.239 dist_km=0.423 picks<=400.0km=2
MATCHED: 2021-12-30T08:17:56Z -> data/sisbra_all_w24/20211230T081755_usp2021znwb_row4830 picks=2
[2870/3570] SISBRA 2022-01-21T19:05:49 lat=-5.490 lon=-36.180 mag=1.3 window=+/-120.0s r=1.0deg
  candidates=1 scored=1
  best=smi:org.gfz-potsdam.de/geofon/usp2022bapn dt_s=0.670 dist_km=0.508 picks<=400.0km=4
  candidates=1 scored=1
  best=smi:org.gfz-potsdam.de/geofon/usp2021ydxv dt_s=0.556 dist_km=4.018 picks<=400.0km=4
MATCHED: 2022-01-15T13:23:06Z -> data/sisbra_all_w24/20220115T132306_usp2022bapn_row4853 picks=4
[2871/3570] SISBRA 2022-01-22T15:30:54 lat=-3.970 lon=-40.200 mag=2.4 window=+/-120.0s r=1.0deg
  candidates=1 scored=1
  best=smi:org.gfz-potsdam.de/geofon/usp2022ayqm dt_s=0.852 dist_km=0.481 picks<=400.0km=14
  candidates=1 scored=1
  best=smi:org.gfz-potsdam.de/geofon/usp2022bapr dt_s=0.899 dist_km=0.513 picks<=400.0km=3
MATCHED: 2021-12-10T16:18:57Z -> data/sisbra_all_w24/20211210T161856_usp2021ydxv_row4821 picks=4
[2872/3570] SISBRA 2022-01-22T20:55:06 lat=-3.560 lon=-38.460 mag=2.5 window=+/-120.0s r=1.0deg
  candidates=1 scored=1
  best=smi:org.gfz-potsdam.de/geofon/usp2022axzg dt_s=0.853 dist_km=0.596 picks<=400.0km=6
MATCHED: 2022-01-15T13:26:51Z -> data/sisbra_all_w24/20220115T132651_usp2022bapr_row4854 picks=3
[2873/3570] SISBRA 2022-01-25T19:45:42 lat=-9.700 lon=-36.650 mag=2.0 window=+/-120.0s r=1.0deg
MATCHED: 2022-01-14T11:35:23Z -> data/sisbra_all_w24/20220114T113523_usp2022ayqm_row4845 picks=14
[2874/3570] SISBRA 2022-01-26T04:16:22 lat=-10.130 lon=-37.030 mag=2.0 window=+/-120.0s r=1.0deg
MATCHED: 2022-01-14T02:52:38Z -> data/sisbra_all_w24/20220114T025238_usp2022axzg_row4843 picks=6
[2875/3570] SISBRA 2022-01-27T01:41:53 lat=-9.200 lon=-61.400 mag=3.4 window=+/-120.0s r=1.0deg
  candidates=1 scored=1
  best=smi:org.gfz-potsdam.de/geofon/usp2022bcht dt_s=0.930 dist_km=0.405 picks<=400.0km=6
  candidates=1 scored=1
  best=smi:org.gfz-potsdam.de/geofon/usp2022bhfe dt_s=0.221 dist_km=0.382 picks<=400.0km=10
MATCHED: 2022-01-19T04:06:02Z -> data/sisbra_all_w24/20220119T040602_usp2022bhfe_row4866 picks=10
[2876/3570] SISBRA 2022-01-27T01:42:27 lat=-11.670 lon=-61.140 mag=3.1 window=+/-120.0s r=1.0deg
MATCHED: 2022-01-16T11:43:53Z -> data/sisbra_all_w24/20220116T114353_usp2022bcht_row4857 picks=6
[2877/3570] SISBRA 2022-01-27T02:17:37 lat=-4.190 lon=-39.640 mag=1.8 window=+/-120.0s r=1.0deg
  candidates=1 scored=1
  best=smi:org.gfz-potsdam.de/geofon/usp2022amlo dt_s=0.990 dist_km=8.112 picks<=400.0km=1
MATCHED: 2022-01-07T19:29:28Z -> data/sisbra_all_w24/20220107T192928_usp2022amlo_row4833 picks=1
[2878/3570] SISBRA 2022-01-27T03:25:26 lat=-20.140 lon=-44.840 mag=2.4 window=+/-120.0s r=1.0deg
NO_MATCH: 2022-01-27T01:42:27Z -> data/sisbra_all_w24/20220127T014227_row4878
[2879/3570] SISBRA 2022-01-27T06:07:02 lat=-4.160 lon=-39.710 mag=1.6 window=+/-120.0s r=1.0deg
  candidates=1 scored=1
  best=smi:org.gfz-potsdam.de/geofon/usp2022bgqc dt_s=0.637 dist_km=0.358 picks<=400.0km=9
  candidates=1 scored=1
  best=smi:org.gfz-potsdam.de/geofon/usp2022bnoh dt_s=0.237 dist_km=0.466 picks<=400.0km=3
  candidates=1 scored=1
  best=smi:org.gfz-potsdam.de/geofon/usp2022bhib dt_s=0.349 dist_km=0.534 picks<=400.0km=6
MATCHED: 2022-01-18T20:29:26Z -> data/sisbra_all_w24/20220118T202926_usp2022bgqc_row4863 picks=9
[2880/3570] SISBRA 2022-01-28T05:57:38 lat=-21.490 lon=-46.820 mag=2.0 window=+/-120.0s r=1.0deg
MATCHED: 2022-01-22T15:30:54Z -> data/sisbra_all_w24/20220122T153054_usp2022bnoh_row4873 picks=3
[2881/3570] SISBRA 2022-01-28T06:30:39 lat=-20.130 lon=-44.820 mag=2.3 window=+/-120.0s r=1.0deg
MATCHED: 2022-01-19T05:34:00Z -> data/sisbra_all_w24/20220119T053400_usp2022bhib_row4868 picks=6
[2882/3570] SISBRA 2022-01-28T18:05:05 lat=-5.860 lon=-50.640 mag=3.2 window=+/-120.0s r=1.0deg
  candidates=1 scored=1
  best=smi:org.gfz-potsdam.de/geofon/usp2022bhzv dt_s=0.325 dist_km=0.412 picks<=400.0km=6
  candidates=1 scored=1
  best=smi:org.gfz-potsdam.de/geofon/usp2022bgvl dt_s=0.316 dist_km=0.650 picks<=400.0km=10
MATCHED: 2022-01-19T14:32:01Z -> data/sisbra_all_w24/20220119T143201_usp2022bhzv_row4870 picks=6
[2883/3570] SISBRA 2022-01-28T18:52:02 lat=-5.650 lon=-50.480 mag=3.2 window=+/-120.0s r=1.0deg
NO_MATCH: 2022-01-28T18:05:05Z -> data/sisbra_all_w24/20220128T180505_row4884
[2884/3570] SISBRA 2022-01-29T10:37:33 lat=-11.280 lon=-40.520 mag=2.6 window=+/-120.0s r=1.0deg
  candidates=1 scored=1
  best=smi:org.gfz-potsdam.de/geofon/usp2022blzw dt_s=0.767 dist_km=0.324 picks<=400.0km=2
MATCHED: 2022-01-18T23:11:13Z -> data/sisbra_all_w24/20220118T231113_usp2022bgvl_row4864 picks=10
[2885/3570] SISBRA 2022-01-30T04:27:53 lat=-4.560 lon=-39.350 mag=2.2 window=+/-120.0s r=1.0deg
  candidates=1 scored=1
  best=smi:org.gfz-potsdam.de/geofon/usp2022axin dt_s=0.610 dist_km=0.495 picks<=400.0km=9
MATCHED: 2022-01-21T19:05:49Z -> data/sisbra_all_w24/20220121T190549_usp2022blzw_row4872 picks=2
[2886/3570] SISBRA 2022-01-30T19:53:44 lat=-11.150 lon=-40.530 mag=2.3 window=+/-120.0s r=1.0deg
MATCHED: 2022-01-13T18:25:53Z -> data/sisbra_all_w24/20220113T182553_usp2022axin_row4840 picks=9
[2887/3570] SISBRA 2022-01-30T19:57:55 lat=-11.150 lon=-40.530 mag=1.8 window=+/-120.0s r=1.0deg
  candidates=1 scored=1
  best=smi:org.gfz-potsdam.de/geofon/usp2022bgns dt_s=0.472 dist_km=0.307 picks<=400.0km=11
NO_MATCH: 2022-01-30T04:27:53Z -> data/sisbra_all_w24/20220130T042753_row4887
[2888/3570] SISBRA 2022-01-31T04:44:08 lat=-13.110 lon=-39.380 mag=1.6 window=+/-120.0s r=1.0deg
  candidates=1 scored=1
  best=smi:org.gfz-potsdam.de/geofon/usp2022baek dt_s=0.600 dist_km=0.659 picks<=400.0km=7
  candidates=1 scored=1
MATCHED: 2022-01-18T19:16:58Z -> data/sisbra_all_w24/20220118T191658_usp2022bgns_row4861 picks=11
[2889/3570] SISBRA 2022-02-01T07:20:43 lat=-6.120 lon=-50.530 mag=3.0 window=+/-120.0s r=1.0deg
  best=smi:org.gfz-potsdam.de/geofon/usp2022bgyg dt_s=0.519 dist_km=0.227 picks<=400.0km=10
  candidates=1 scored=1
  best=smi:org.gfz-potsdam.de/geofon/usp2022bvrq dt_s=0.789 dist_km=0.362 picks<=400.0km=3
  candidates=1 scored=1
  best=smi:org.gfz-potsdam.de/geofon/usp2022bggl dt_s=0.110 dist_km=0.384 picks<=400.0km=11
MATCHED: 2022-01-27T02:17:37Z -> data/sisbra_all_w24/20220127T021737_usp2022bvrq_row4879 picks=3
[2890/3570] SISBRA 2022-02-07T00:30:49 lat=-21.220 lon=-48.540 mag=2.0 window=+/-120.0s r=1.0deg
MATCHED: 2022-01-15T07:45:57Z -> data/sisbra_all_w24/20220115T074557_usp2022baek_row4850MATCHED: 2022-01-19T00:36:41Z -> data/sisbra_all_w24/20220119T003641_usp2022bgyg_row4865 picks=10
[2891/3570] SISBRA 2022-02-08T01:38:15 lat=-20.120 lon=-44.830 mag=2.1 window=+/-120.0s r=1.0deg
 picks=7
[2892/3570] SISBRA 2022-02-08T13:38:41 lat=-4.530 lon=-39.300 mag=2.0 window=+/-120.0s r=1.0deg
  candidates=1 scored=1
  best=smi:org.gfz-potsdam.de/geofon/usp2022bxuj dt_s=0.447 dist_km=0.373 picks<=400.0km=4
MATCHED: 2022-01-18T15:36:24Z -> data/sisbra_all_w24/20220118T153624_usp2022bggl_row4860 picks=11
[2893/3570] SISBRA 2022-02-13T16:51:01 lat=-20.110 lon=-44.830 mag=2.7 window=+/-120.0s r=1.0deg
  candidates=1 scored=1
  best=smi:org.gfz-potsdam.de/geofon/usp2022bhyp dt_s=0.970 dist_km=0.177 picks<=400.0km=8
  candidates=1 scored=1
  candidates=1 scored=1
  best=smi:org.gfz-potsdam.de/geofon/usp2022bvze dt_s=0.857 dist_km=0.413 picks<=400.0km=3
  best=smi:org.gfz-potsdam.de/geofon/usp2022bfzj dt_s=0.420 dist_km=0.474 picks<=400.0km=12
MATCHED: 2022-01-28T05:57:38Z -> data/sisbra_all_w24/20220128T055738_usp2022bxuj_row4882 picks=4
[2894/3570] SISBRA 2022-02-16T07:15:23 lat=-11.290 lon=-40.550 mag=2.3 window=+/-120.0s r=1.0deg
  candidates=1 scored=1
  best=smi:org.gfz-potsdam.de/geofon/usp2022bnyz dt_s=0.351 dist_km=0.246 picks<=400.0km=5
MATCHED: 2022-01-19T13:54:40Z -> data/sisbra_all_w24/20220119T135440_usp2022bhyp_row4869 picks=8
[2895/3570] SISBRA 2022-02-16T20:16:49 lat=-20.440 lon=-49.290 mag=2.3 window=+/-120.0s r=1.0deg
MATCHED: 2022-01-27T06:07:02Z -> data/sisbra_all_w24/20220127T060702_usp2022bvze_row4881 picks=3
[2896/3570] SISBRA 2022-02-19T04:58:14 lat=-20.130 lon=-44.830 mag=2.1 window=+/-120.0s r=1.0deg
MATCHED: 2022-01-18T12:02:15Z -> data/sisbra_all_w24/20220118T120215_usp2022bfzj_row4859 picks=12
[2897/3570] SISBRA 2022-02-19T05:09:15 lat=-9.840 lon=-39.860 mag=2.3 window=+/-120.0s r=1.0deg
MATCHED: 2022-01-22T20:55:06Z -> data/sisbra_all_w24/20220122T205506_usp2022bnyz_row4874 picks=5
[2898/3570] SISBRA 2022-02-19T05:10:05 lat=-20.120 lon=-44.840 mag=2.5 window=+/-120.0s r=1.0deg
  candidates=1 scored=1
  candidates=1 scored=1
  best=smi:org.gfz-potsdam.de/geofon/usp2022buaa dt_s=0.263 dist_km=1.535 picks<=400.0km=3
  best=smi:org.gfz-potsdam.de/geofon/usp2021thpi dt_s=0.267 dist_km=4.816 picks<=400.0km=2
MATCHED: 2022-01-26T04:16:22Z -> data/sisbra_all_w24/20220126T041622_usp2022buaa_row4876 picks=3
[2899/3570] SISBRA 2022-02-20T00:33:57 lat=-4.570 lon=-39.380 mag=2.3 window=+/-120.0s r=1.0deg
  candidates=1 scored=1
  best=smi:org.gfz-potsdam.de/geofon/usp2022bjip dt_s=0.532 dist_km=0.462 picks<=400.0km=11
MATCHED: 2021-10-02T12:52:34Z -> data/sisbra_all_w24/20211002T125233_usp2021thpi_row4773 picks=2
[2900/3570] SISBRA 2022-02-20T08:25:22 lat=-10.680 lon=-50.150 mag=3.2 window=+/-120.0s r=1.0deg
  candidates=1 scored=1
  best=smi:org.gfz-potsdam.de/geofon/usp2022bhgw dt_s=0.605 dist_km=0.147 picks<=400.0km=10
MATCHED: 2022-01-20T08:06:00Z -> data/sisbra_all_w24/20220120T080600_usp2022bjip_row4871 picks=11
[2901/3570] SISBRA 2022-02-20T15:07:35 lat=-20.330 lon=-47.660 mag=2.1 window=+/-120.0s r=1.0deg
MATCHED: 2022-01-19T04:57:21Z -> data/sisbra_all_w24/20220119T045721_usp2022bhgw_row4867 picks=10
[2902/3570] SISBRA 2022-02-22T02:03:37 lat=-13.580 lon=-50.170 mag=2.8 window=+/-120.0s r=1.0deg
  candidates=1 scored=1
  best=smi:org.gfz-potsdam.de/geofon/usp2022btje dt_s=0.060 dist_km=1.272 picks<=400.0km=0
  candidates=1 scored=1
  best=smi:org.gfz-potsdam.de/geofon/usp2022bvtw dt_s=0.150 dist_km=0.428 picks<=400.0km=1
MATCHED: 2022-01-25T19:45:42Z -> data/sisbra_all_w24/20220125T194542_usp2022btje_row4875 picks=0
[2903/3570] SISBRA 2022-02-24T23:48:48 lat=-21.870 lon=-46.630 mag=2.7 window=+/-120.0s r=1.0deg
  candidates=1 scored=1
  best=smi:org.gfz-potsdam.de/geofon/usp2022bxvm dt_s=0.667 dist_km=2.581 picks<=400.0km=8
MATCHED: 2022-01-27T03:25:26Z -> data/sisbra_all_w24/20220127T032526_usp2022bvtw_row4880 picks=1
[2904/3570] SISBRA 2022-02-25T01:09:40 lat=-1.420 lon=-59.760 mag=3.4 window=+/-120.0s r=1.0deg
  candidates=1 scored=1
  best=smi:org.gfz-potsdam.de/geofon/usp2022asfm dt_s=0.610 dist_km=0.571 picks<=400.0km=7
MATCHED: 2022-01-28T06:30:39Z -> data/sisbra_all_w24/20220128T063039_usp2022bxvm_row4883 picks=8
[2905/3570] SISBRA 2022-02-25T17:58:35 lat=-35.650 lon=-60.130 mag=3.8 window=+/-120.0s r=1.0deg
  candidates=1 scored=1
  best=smi:org.gfz-potsdam.de/geofon/usp2022ccnc dt_s=0.807 dist_km=0.525 picks<=400.0km=1
NO_MATCH: 2022-02-25T01:09:40Z -> data/sisbra_all_w24/20220225T010940_row4906
[2906/3570] SISBRA 2022-02-25T18:24:26 lat=-35.580 lon=-60.230 mag=3.1 window=+/-120.0s r=1.0deg
MATCHED: 2022-01-10T23:13:36Z -> data/sisbra_all_w24/20220110T231336_usp2022asfm_row4836 picks=7
[2907/3570] SISBRA 2022-03-04T02:55:00 lat=-11.250 lon=-40.510 mag=2.0 window=+/-120.0s r=1.0deg
MATCHED: 2022-01-30T19:57:55Z -> data/sisbra_all_w24/20220130T195755_usp2022ccnc_row4889 picks=1
[2908/3570] SISBRA 2022-03-04T02:58:58 lat=-11.270 lon=-40.400 mag=2.3 window=+/-120.0s r=1.0deg
  candidates=1 scored=1
  best=smi:org.gfz-potsdam.de/geofon/usp2022cdem dt_s=0.589 dist_km=0.726 picks<=400.0km=2
  candidates=1 scored=1
  best=smi:org.gfz-potsdam.de/geofon/usp2022dlxm dt_s=0.899 dist_km=0.249 picks<=400.0km=4
  candidates=1 scored=1
  best=smi:org.gfz-potsdam.de/geofon/usp2022dgpn dt_s=0.720 dist_km=0.591 picks<=400.0km=1
MATCHED: 2022-02-19T04:58:14Z -> data/sisbra_all_w24/20220219T045814_usp2022dlxm_row4898 picks=4
[2909/3570] SISBRA 2022-03-04T08:27:51 lat=-11.270 lon=-40.400 mag=1.2 window=+/-120.0s r=1.0deg
  candidates=1 scored=1
  best=smi:org.gfz-potsdam.de/geofon/usp2022bvql dt_s=0.316 dist_km=0.390 picks<=400.0km=0
NO_MATCH: 2022-03-04T02:55:00Z -> data/sisbra_all_w24/20220304T025500_row4909
[2910/3570] SISBRA 2022-03-04T08:29:40 lat=-11.270 lon=-40.400 mag=2.5 window=+/-120.0s r=1.0deg
MATCHED: 2022-01-31T04:44:08Z -> data/sisbra_all_w24/20220131T044408_usp2022cdem_row4890 picks=2
[2911/3570] SISBRA 2022-03-05T05:22:19 lat=-16.590 lon=-43.930 mag=2.2 window=+/-120.0s r=1.0deg
MATCHED: 2022-02-16T07:15:23Z -> data/sisbra_all_w24/20220216T071523_usp2022dgpn_row4896 picks=1
[2912/3570] SISBRA 2022-03-05T14:59:12 lat=-6.590 lon=-39.430 mag=2.0 window=+/-120.0s r=1.0deg
MATCHED: 2022-01-27T01:41:53Z -> data/sisbra_all_w24/20220127T014152_usp2022bvql_row4877 picks=0
[2913/3570] SISBRA 2022-03-06T18:11:11 lat=-24.960 lon=-60.490 mag=3.7 window=+/-120.0s r=1.0deg
  candidates=1 scored=1
  best=smi:org.gfz-potsdam.de/geofon/usp2022ccmz dt_s=0.766 dist_km=0.579 picks<=400.0km=2
  candidates=1 scored=1
  best=smi:org.gfz-potsdam.de/geofon/usp2022csmd dt_s=0.866 dist_km=0.283 picks<=400.0km=3
  candidates=1 scored=1
  best=smi:org.gfz-potsdam.de/geofon/usp2022cpqq dt_s=3.850 dist_km=13.598 picks<=400.0km=2
MATCHED: 2022-01-30T19:53:44Z -> data/sisbra_all_w24/20220130T195344_usp2022ccmz_row4888 picks=2
[2914/3570] SISBRA 2022-03-11T20:02:30 lat=-8.470 lon=-74.200 mag=4.6 window=+/-120.0s r=1.0deg
NO_MATCH: 2022-03-05T14:59:12Z -> data/sisbra_all_w24/20220305T145912_row4914
[2915/3570] SISBRA 2022-03-11T20:02:42 lat=-8.830 lon=-73.790 mag=5.2 window=+/-120.0s r=1.0deg
MATCHED: 2022-02-08T13:38:41Z -> data/sisbra_all_w24/20220208T133841_usp2022csmd_row4894 picks=3
[2916/3570] SISBRA 2022-03-14T06:43:07 lat=-19.970 lon=-48.780 mag=2.3 window=+/-120.0s r=1.0deg
MATCHED: 2022-02-07T00:30:49Z -> data/sisbra_all_w24/20220207T003052_usp2022cpqq_row4892 picks=2
[2917/3570] SISBRA 2022-03-16T20:53:59 lat=-5.190 lon=-39.290 mag=2.0 window=+/-120.0s r=1.0deg
  candidates=1 scored=1
  best=smi:org.gfz-potsdam.de/geofon/usp2022byty dt_s=0.936 dist_km=14.870 picks<=400.0km=6
  candidates=1 scored=1
  best=smi:org.gfz-potsdam.de/geofon/usp2022ejxy dt_s=0.000 dist_km=0.535 picks<=400.0km=1
MATCHED: 2022-01-28T18:52:02Z -> data/sisbra_all_w24/20220128T185202_usp2022byty_row4885 picks=6
[2918/3570] SISBRA 2022-03-16T22:47:52 lat=-21.180 lon=-48.560 mag=2.1 window=+/-120.0s r=1.0deg
  candidates=1 scored=1
  best=smi:org.gfz-potsdam.de/geofon/usp2022cffd dt_s=1.502 dist_km=20.902 picks<=400.0km=5
MATCHED: 2022-03-04T08:27:51Z -> data/sisbra_all_w24/20220304T082751_usp2022ejxy_row4911 picks=1
[2919/3570] SISBRA 2022-03-17T17:09:49 lat=-18.810 lon=-44.820 mag=2.5 window=+/-120.0s r=1.0deg
MATCHED: 2022-02-01T07:20:43Z -> data/sisbra_all_w24/20220201T072041_usp2022cffd_row4891 picks=5
[2920/3570] SISBRA 2022-03-17T20:05:27 lat=-4.040 lon=-38.770 mag=2.0 window=+/-120.0s r=1.0deg
  candidates=1 scored=1
  candidates=1 scored=1
  best=smi:org.gfz-potsdam.de/geofon/usp2022dreg dt_s=0.703 dist_km=0.306 picks<=400.0km=2
  best=smi:org.gfz-potsdam.de/geofon/usp2022bzzd dt_s=0.125 dist_km=2.069 picks<=400.0km=4
  candidates=1 scored=1
  best=smi:org.gfz-potsdam.de/geofon/usp2022dhph dt_s=0.627 dist_km=0.543 picks<=400.0km=5
  candidates=1 scored=1
  best=smi:org.gfz-potsdam.de/geofon/usp2022dlxx dt_s=0.479 dist_km=0.305 picks<=400.0km=1
MATCHED: 2022-01-29T10:37:33Z -> data/sisbra_all_w24/20220129T103732_usp2022bzzd_row4886 picks=4
[2921/3570] SISBRA 2022-03-17T20:57:23 lat=-4.050 lon=-38.770 mag=2.2 window=+/-120.0s r=1.0deg
MATCHED: 2022-02-22T02:03:37Z -> data/sisbra_all_w24/20220222T020337_usp2022dreg_row4904 picks=2
[2922/3570] SISBRA 2022-03-20T10:17:22 lat=-4.200 lon=-39.360 mag=2.3 window=+/-120.0s r=1.0deg
MATCHED: 2022-02-19T05:09:15Z -> data/sisbra_all_w24/20220219T050915_usp2022dlxx_row4899 picks=1
[2923/3570] SISBRA 2022-03-21T01:33:58 lat=-19.830 lon=-57.310 mag=2.3 window=+/-120.0s r=1.0deg
MATCHED: 2022-02-16T20:16:49Z -> data/sisbra_all_w24/20220216T201649_usp2022dhph_row4897 picks=5
[2924/3570] SISBRA 2022-03-22T08:08:25 lat=-22.760 lon=-44.260 mag=2.9 window=+/-120.0s r=1.0deg
  candidates=1 scored=1
  best=smi:org.gfz-potsdam.de/geofon/usp2022donc dt_s=0.564 dist_km=0.385 picks<=400.0km=5
  candidates=1 scored=1
  best=smi:org.gfz-potsdam.de/geofon/usp2022croj dt_s=0.918 dist_km=0.469 picks<=400.0km=4
MATCHED: 2022-02-20T15:07:35Z -> data/sisbra_all_w24/20220220T150735_usp2022donc_row4903 picks=5
[2925/3570] SISBRA 2022-03-22T15:01:18 lat=-10.590 lon=-39.560 mag=2.0 window=+/-120.0s r=1.0deg
MATCHED: 2022-02-08T01:38:15Z -> data/sisbra_all_w24/20220208T013815_usp2022croj_row4893 picks=4
[2926/3570] SISBRA 2022-03-22T17:19:36 lat=-8.270 lon=-35.860 mag=2.1 window=+/-120.0s r=1.0deg
NO_MATCH: 2022-03-22T17:19:36Z -> data/sisbra_all_w24/20220322T171936_row4928
[2927/3570] SISBRA 2022-03-22T20:23:41 lat=-14.790 lon=-49.300 mag=2.4 window=+/-120.0s r=1.0deg
  candidates=1 scored=1
  best=smi:org.gfz-potsdam.de/geofon/usp2022dlxw dt_s=0.260 dist_km=0.322 picks<=400.0km=6
  candidates=1 scored=1
  best=smi:org.gfz-potsdam.de/geofon/usp2022fcbn dt_s=0.659 dist_km=0.618 picks<=400.0km=6
  candidates=1 scored=1
  best=smi:org.gfz-potsdam.de/geofon/usp2022ejnc dt_s=0.844 dist_km=0.140 picks<=400.0km=2
MATCHED: 2022-02-19T05:10:05Z -> data/sisbra_all_w24/20220219T051005_usp2022dlxw_row4900 picks=6
[2928/3570] SISBRA 2022-03-24T12:28:55 lat=-28.960 lon=-50.880 mag=2.3 window=+/-120.0s r=1.0deg
MATCHED: 2022-03-04T02:58:58Z -> data/sisbra_all_w24/20220304T025858_usp2022ejnc_row4910 picks=2
[2929/3570] SISBRA 2022-03-24T13:41:42 lat=-20.980 lon=-48.600 mag=2.1 window=+/-120.0s r=1.0deg
MATCHED: 2022-03-14T06:43:07Z -> data/sisbra_all_w24/20220314T064307_usp2022fcbn_row4918 picks=6
[2930/3570] SISBRA 2022-03-26T03:40:39 lat=-21.090 lon=-48.680 mag=2.5 window=+/-120.0s r=1.0deg
  candidates=1 scored=1
  best=smi:org.gfz-potsdam.de/geofon/usp2022fiis dt_s=0.747 dist_km=0.450 picks<=400.0km=6
  candidates=1 scored=1
  best=smi:org.gfz-potsdam.de/geofon/usp2022elni dt_s=0.484 dist_km=0.349 picks<=400.0km=2
  candidates=1 scored=1
  best=smi:org.gfz-potsdam.de/geofon/usp2022dxxc dt_s=0.629 dist_km=46.154 picks<=400.0km=1
MATCHED: 2022-03-17T17:09:49Z -> data/sisbra_all_w24/20220317T170949_usp2022fiis_row4921 picks=6
[2931/3570] SISBRA 2022-03-26T14:04:03 lat=-21.090 lon=-48.670 mag=1.3 window=+/-120.0s r=1.0deg
MATCHED: 2022-03-05T05:22:19Z -> data/sisbra_all_w24/20220305T052219_usp2022elni_row4913 picks=2
[2932/3570] SISBRA 2022-03-27T02:28:00 lat=-5.640 lon=-36.200 mag=2.2 window=+/-120.0s r=1.0deg
  candidates=1 scored=1
  best=smi:org.gfz-potsdam.de/geofon/usp2022dnkh dt_s=0.763 dist_km=0.483 picks<=400.0km=3
MATCHED: 2022-02-25T18:24:26Z -> data/sisbra_all_w24/20220225T182426_usp2022dxxc_row4908 picks=1
[2933/3570] SISBRA 2022-03-27T10:32:53 lat=-8.180 lon=-34.870 mag=2.0 window=+/-120.0s r=1.0deg
  candidates=1 scored=1
  best=smi:org.gfz-potsdam.de/geofon/usp2022ejya dt_s=0.481 dist_km=0.207 picks<=400.0km=2
  candidates=1 scored=1
  best=smi:org.gfz-potsdam.de/geofon/usp2022dwmh dt_s=0.360 dist_km=0.328 picks<=400.0km=15
MATCHED: 2022-02-20T00:33:57Z -> data/sisbra_all_w24/20220220T003357_usp2022dnkh_row4901 picks=3
[2934/3570] SISBRA 2022-03-28T03:21:17 lat=-7.620 lon=-49.990 mag=2.0 window=+/-120.0s r=1.0deg
MATCHED: 2022-03-04T08:29:40Z -> data/sisbra_all_w24/20220304T082940_usp2022ejya_row4912 picks=2
[2935/3570] SISBRA 2022-03-28T07:26:24 lat=-6.170 lon=-50.580 mag=3.6 window=+/-120.0s r=1.0deg
NO_MATCH: 2022-03-27T02:28:00Z -> data/sisbra_all_w24/20220327T022800_row4934
[2936/3570] SISBRA 2022-03-28T08:41:00 lat=-9.970 lon=-39.830 mag=2.1 window=+/-120.0s r=1.0deg
NO_MATCH: 2022-03-27T10:32:53Z -> data/sisbra_all_w24/20220327T103253_row4935
[2937/3570] SISBRA 2022-03-29T02:25:53 lat=-8.440 lon=-35.100 mag=2.0 window=+/-120.0s r=1.0deg
  candidates=1 scored=1
  best=smi:org.gfz-potsdam.de/geofon/usp2022fnhp dt_s=0.522 dist_km=6.117 picks<=400.0km=4
MATCHED: 2022-02-24T23:48:48Z -> data/sisbra_all_w24/20220224T234848_usp2022dwmh_row4905 picks=15
[2938/3570] SISBRA 2022-03-29T09:13:55 lat=-20.950 lon=-48.620 mag=2.1 window=+/-120.0s r=1.0deg
  candidates=1 scored=1
  best=smi:org.gfz-potsdam.de/geofon/usp2022fyoc dt_s=0.000 dist_km=0.335 picks<=400.0km=2
  candidates=1 scored=1
NO_MATCH: 2022-03-28T03:21:17Z -> data/sisbra_all_w24/20220328T032117_row4936
[2939/3570] SISBRA 2022-03-29T19:21:29 lat=-3.510 lon=-40.740 mag=2.0 window=+/-120.0s r=1.0deg
  best=smi:org.gfz-potsdam.de/geofon/usp2022expj dt_s=0.015 dist_km=0.483 picks<=400.0km=0
MATCHED: 2022-03-20T10:17:22Z -> data/sisbra_all_w24/20220320T101722_usp2022fnhp_row4924 picks=4
[2940/3570] SISBRA 2022-03-30T06:08:48 lat=-23.760 lon=-51.050 mag=2.6 window=+/-120.0s r=1.0deg
NO_MATCH: 2022-03-28T08:41:00Z -> data/sisbra_all_w24/20220328T084100_row4938
[2941/3570] SISBRA 2022-03-30T20:10:19 lat=-20.970 lon=-48.600 mag=1.2 window=+/-120.0s r=1.0deg
MATCHED: 2022-03-26T14:04:03Z -> data/sisbra_all_w24/20220326T140403_usp2022fyoc_row4933 picks=2
[2942/3570] SISBRA 2022-03-31T00:57:07 lat=-24.770 lon=-58.160 mag=3.8 window=+/-120.0s r=1.0deg
NO_MATCH: 2022-03-29T02:25:53Z -> data/sisbra_all_w24/20220329T022553_row4939
[2943/3570] SISBRA 2022-03-31T23:55:22 lat=-9.900 lon=-39.880 mag=2.1 window=+/-120.0s r=1.0deg
MATCHED: 2022-03-11T20:02:42Z -> data/sisbra_all_w24/20220311T200242_usp2022expj_row4917 picks=0
[2944/3570] SISBRA 2022-04-01T08:25:16 lat=-11.620 lon=-57.690 mag=3.6 window=+/-120.0s r=1.0deg
  candidates=1 scored=1
  best=smi:org.gfz-potsdam.de/geofon/usp2022fgup dt_s=0.821 dist_km=0.478 picks<=400.0km=3
  candidates=1 scored=1
  best=smi:org.gfz-potsdam.de/geofon/usp2022fiom dt_s=0.429 dist_km=0.366 picks<=400.0km=5
MATCHED: 2022-03-16T20:53:59Z -> data/sisbra_all_w24/20220316T205359_usp2022fgup_row4919 picks=3
[2945/3570] SISBRA 2022-04-01T20:25:19 lat=-19.570 lon=-43.420 mag=2.9 window=+/-120.0s r=1.0deg
  candidates=1 scored=1
  best=smi:org.gfz-potsdam.de/geofon/usp2022fiqf dt_s=0.179 dist_km=0.282 picks<=400.0km=4
MATCHED: 2022-03-17T20:05:27Z -> data/sisbra_all_w24/20220317T200526_usp2022fiom_row4922 picks=5
[2946/3570] SISBRA 2022-04-02T04:06:31 lat=-20.970 lon=-48.600 mag=1.3 window=+/-120.0s r=1.0deg
  candidates=1 scored=1
  best=smi:org.gfz-potsdam.de/geofon/usp2022dxwg dt_s=1.094 dist_km=18.074 picks<=400.0km=4
NO_MATCH: 2022-03-31T23:55:22Z -> data/sisbra_all_w24/20220331T235522_row4945
[2947/3570] SISBRA 2022-04-04T02:43:19 lat=-5.760 lon=-50.510 mag=3.0 window=+/-120.0s r=1.0deg
  candidates=1 scored=1
  best=smi:org.gfz-potsdam.de/geofon/usp2022frhz dt_s=0.963 dist_km=0.502 picks<=400.0km=2
MATCHED: 2022-02-25T17:58:35Z -> data/sisbra_all_w24/20220225T175833_usp2022dxwg_row4907 picks=4
[2948/3570] SISBRA 2022-04-04T09:12:48 lat=-6.580 lon=-71.180 mag=4.1 window=+/-120.0s r=1.0deg
MATCHED: 2022-03-17T20:57:23Z -> data/sisbra_all_w24/20220317T205722_usp2022fiqf_row4923 picks=4
[2949/3570] SISBRA 2022-04-04T15:07:42 lat=-3.310 lon=-40.040 mag=0.3 window=+/-120.0s r=1.0deg
  candidates=1 scored=1
  best=smi:org.gfz-potsdam.de/geofon/usp2022dbvz dt_s=0.006 dist_km=0.546 picks<=400.0km=8
  candidates=1 scored=1
MATCHED: 2022-03-22T15:01:18Z -> data/sisbra_all_w24/20220322T150118_usp2022frhz_row4927 picks=2
[2950/3570] SISBRA 2022-04-04T16:50:44 lat=-27.210 lon=-51.390 mag=1.8 window=+/-120.0s r=1.0deg
NO_MATCH: 2022-04-04T02:43:19Z -> data/sisbra_all_w24/20220404T024319_row4949
[2951/3570] SISBRA 2022-04-05T19:06:05 lat=-19.930 lon=-43.280 mag=2.2 window=+/-120.0s r=1.0deg
  best=smi:org.gfz-potsdam.de/geofon/usp2022fgyj dt_s=0.114 dist_km=16.867 picks<=400.0km=10
MATCHED: 2022-02-13T16:51:01Z -> data/sisbra_all_w24/20220213T165100_usp2022dbvz_row4895 picks=8
[2952/3570] SISBRA 2022-04-07T09:00:19 lat=-20.950 lon=-48.620 mag=2.3 window=+/-120.0s r=1.0deg
  candidates=1 scored=1
  best=smi:org.gfz-potsdam.de/geofon/usp2022frsp dt_s=0.526 dist_km=0.377 picks<=400.0km=2
MATCHED: 2022-03-16T22:47:52Z -> data/sisbra_all_w24/20220316T224751_usp2022fgyj_row4920 picks=10
[2953/3570] SISBRA 2022-04-07T21:26:25 lat=-20.940 lon=-48.620 mag=1.4 window=+/-120.0s r=1.0deg
MATCHED: 2022-03-22T20:23:41Z -> data/sisbra_all_w24/20220322T202341_usp2022frsp_row4929 picks=2
[2954/3570] SISBRA 2022-04-08T01:00:13 lat=-20.970 lon=-48.610 mag=2.0 window=+/-120.0s r=1.0deg
  candidates=1 scored=1
  best=smi:org.gfz-potsdam.de/geofon/usp2022ggif dt_s=0.000 dist_km=0.623 picks<=400.0km=2
  candidates=1 scored=1
  best=smi:org.gfz-potsdam.de/geofon/usp2022folv dt_s=0.057 dist_km=0.410 picks<=400.0km=3
NO_MATCH: 2022-04-05T19:06:05Z -> data/sisbra_all_w24/20220405T190605_row4953
[2955/3570] SISBRA 2022-04-08T19:09:40 lat=-2.790 lon=-39.580 mag=2.3 window=+/-120.0s r=1.0deg
MATCHED: 2022-03-30T20:10:19Z -> data/sisbra_all_w24/20220330T201019_usp2022ggif_row4943 picks=2
[2956/3570] SISBRA 2022-04-08T19:18:29 lat=-2.840 lon=-39.600 mag=2.4 window=+/-120.0s r=1.0deg
  candidates=1 scored=1
  best=smi:org.gfz-potsdam.de/geofon/usp2022futy dt_s=0.101 dist_km=0.515 picks<=400.0km=2
  candidates=1 scored=1
  best=smi:org.gfz-potsdam.de/geofon/usp2022fuwj dt_s=0.704 dist_km=0.383 picks<=400.0km=8
MATCHED: 2022-03-21T01:33:58Z -> data/sisbra_all_w24/20220321T013358_usp2022folv_row4925 picks=3
[2957/3570] SISBRA 2022-04-09T02:42:56 lat=-20.960 lon=-48.600 mag=1.7 window=+/-120.0s r=1.0deg
MATCHED: 2022-03-24T12:28:55Z -> data/sisbra_all_w24/20220324T122855_usp2022futy_row4930 picks=2
[2958/3570] SISBRA 2022-04-10T07:33:51 lat=-20.950 lon=-48.620 mag=2.1 window=+/-120.0s r=1.0deg
MATCHED: 2022-03-24T13:41:42Z -> data/sisbra_all_w24/20220324T134142_usp2022fuwj_row4931 picks=8
[2959/3570] SISBRA 2022-04-10T15:27:55 lat=-20.960 lon=-48.610 mag=1.7 window=+/-120.0s r=1.0deg
  candidates=1 scored=1
  best=smi:org.gfz-potsdam.de/geofon/usp2022gkox dt_s=0.000 dist_km=0.067 picks<=400.0km=1
MATCHED: 2022-04-02T04:06:31Z -> data/sisbra_all_w24/20220402T040631_usp2022gkox_row4948 picks=1
[2960/3570] SISBRA 2022-04-11T01:45:55 lat=-20.940 lon=-48.680 mag=0.8 window=+/-120.0s r=1.0deg
  candidates=1 scored=1
  best=smi:org.gfz-potsdam.de/geofon/usp2022gpbs dt_s=0.000 dist_km=0.339 picks<=400.0km=1
MATCHED: 2022-04-04T15:07:42Z -> data/sisbra_all_w24/20220404T150742_usp2022gpbs_row4951 picks=1
[2961/3570] SISBRA 2022-04-11T23:18:49 lat=-22.360 lon=-56.930 mag=2.5 window=+/-120.0s r=1.0deg
  candidates=1 scored=1
  best=smi:org.gfz-potsdam.de/geofon/usp2022fquj dt_s=0.087 dist_km=0.175 picks<=400.0km=4
  candidates=1 scored=1
  best=smi:org.gfz-potsdam.de/geofon/usp2022gelc dt_s=0.606 dist_km=0.132 picks<=400.0km=2
MATCHED: 2022-03-22T08:08:25Z -> data/sisbra_all_w24/20220322T080825_usp2022fquj_row4926 picks=4
[2962/3570] SISBRA 2022-04-12T06:29:00 lat=-8.770 lon=-74.820 mag=3.7 window=+/-120.0s r=1.0deg
MATCHED: 2022-03-29T19:21:29Z -> data/sisbra_all_w24/20220329T192129_usp2022gelc_row4941 picks=2
[2963/3570] SISBRA 2022-04-12T12:25:14 lat=-24.980 lon=-46.850 mag=2.6 window=+/-120.0s r=1.0deg
  candidates=1 scored=1
  best=smi:org.gfz-potsdam.de/geofon/usp2022gjby dt_s=1.617 dist_km=21.290 picks<=400.0km=4
MATCHED: 2022-04-01T08:25:16Z -> data/sisbra_all_w24/20220401T082514_usp2022gjby_row4946 picks=4
[2964/3570] SISBRA 2022-04-12T20:34:11 lat=-25.080 lon=-47.000 mag=2.9 window=+/-120.0s r=1.0deg
  candidates=1 scored=1
  best=smi:org.gfz-potsdam.de/geofon/usp2022gwsa dt_s=0.641 dist_km=0.382 picks<=400.0km=1
MATCHED: 2022-04-08T19:18:29Z -> data/sisbra_all_w24/20220408T191829_usp2022gwsa_row4958 picks=1
[2965/3570] SISBRA 2022-04-12T20:53:33 lat=-20.340 lon=-56.200 mag=2.0 window=+/-120.0s r=1.0deg
  candidates=1 scored=1
  best=smi:org.gfz-potsdam.de/geofon/usp2022gvat dt_s=0.856 dist_km=0.325 picks<=400.0km=1
  candidates=1 scored=1
  best=smi:org.gfz-potsdam.de/geofon/usp2022gpfd dt_s=0.114 dist_km=0.429 picks<=400.0km=2
  candidates=1 scored=1
  best=smi:org.gfz-potsdam.de/geofon/usp2022gwrs dt_s=0.501 dist_km=0.570 picks<=400.0km=1
  candidates=1 scored=1
  best=smi:org.gfz-potsdam.de/geofon/usp2022gbrz dt_s=1.000 dist_km=42.742 picks<=400.0km=3
MATCHED: 2022-04-07T21:26:25Z -> data/sisbra_all_w24/20220407T212625_usp2022gvat_row4955 picks=1
[2966/3570] SISBRA 2022-04-12T21:46:53 lat=-20.960 lon=-48.610 mag=2.1 window=+/-120.0s r=1.0deg
  candidates=1 scored=1
  candidates=1 scored=1
  best=smi:org.gfz-potsdam.de/geofon/usp2022gxgr dt_s=0.874 dist_km=0.663 picks<=400.0km=2
  best=smi:org.gfz-potsdam.de/geofon/usp2022dnzv dt_s=1.399 dist_km=28.060 picks<=400.0km=2
MATCHED: 2022-03-28T07:26:24Z -> data/sisbra_all_w24/20220328T072623_usp2022gbrz_row4937 picks=3
[2967/3570] SISBRA 2022-04-13T07:44:10 lat=-25.200 lon=-49.310 mag=2.5 window=+/-120.0s r=1.0deg
  candidates=1 scored=1
  best=smi:org.gfz-potsdam.de/geofon/usp2022gjzs dt_s=0.019 dist_km=0.425 picks<=400.0km=3
MATCHED: 2022-04-04T16:50:44Z -> data/sisbra_all_w24/20220404T165044_usp2022gpfd_row4952 picks=2
[2968/3570] SISBRA 2022-04-13T13:09:16 lat=-13.390 lon=-49.860 mag=3.6 window=+/-120.0s r=1.0deg
MATCHED: 2022-04-08T19:09:40Z -> data/sisbra_all_w24/20220408T190940_usp2022gwrs_row4957 picks=1
[2969/3570] SISBRA 2022-04-14T09:03:20 lat=-9.840 lon=-39.920 mag=2.2 window=+/-120.0s r=1.0deg
  candidates=1 scored=1
  best=smi:org.gfz-potsdam.de/geofon/usp2022gfgl dt_s=0.260 dist_km=0.565 picks<=400.0km=12
MATCHED: 2022-04-09T02:42:56Z -> data/sisbra_all_w24/20220409T024256_usp2022gxgr_row4959 picks=2
[2970/3570] SISBRA 2022-04-14T15:07:01 lat=-10.990 lon=-39.350 mag=2.1 window=+/-120.0s r=1.0deg
MATCHED: 2022-04-01T20:25:19Z -> data/sisbra_all_w24/20220401T202519_usp2022gjzs_row4947 picks=3
[2971/3570] SISBRA 2022-04-15T08:45:57 lat=-13.780 lon=-49.120 mag=3.7 window=+/-120.0s r=1.0deg
MATCHED: 2022-02-20T08:25:22Z -> data/sisbra_all_w24/20220220T082520_usp2022dnzv_row4902 picks=2
[2972/3570] SISBRA 2022-04-17T03:21:13 lat=-18.070 lon=-50.030 mag=2.4 window=+/-120.0s r=1.0deg
  candidates=1 scored=1
  best=smi:org.gfz-potsdam.de/geofon/usp2022habk dt_s=0.006 dist_km=0.353 picks<=400.0km=2
MATCHED: 2022-03-30T06:08:48Z -> data/sisbra_all_w24/20220330T060848_usp2022gfgl_row4942 picks=12
[2973/3570] SISBRA 2022-04-18T02:12:50 lat=-19.520 lon=-44.180 mag=2.0 window=+/-120.0s r=1.0deg
MATCHED: 2022-04-10T15:27:55Z -> data/sisbra_all_w24/20220410T152755_usp2022habk_row4961 picks=2
[2974/3570] SISBRA 2022-04-19T17:27:24 lat=-3.820 lon=-40.590 mag=2.3 window=+/-120.0s r=1.0deg
NO_MATCH: 2022-04-13T13:09:16Z -> data/sisbra_all_w24/20220413T130916_row4970
[2975/3570] SISBRA 2022-04-20T18:57:35 lat=-8.100 lon=-37.780 mag=1.6 window=+/-120.0s r=1.0deg
NO_MATCH: 2022-04-14T15:07:01Z -> data/sisbra_all_w24/20220414T150701_row4972
[2976/3570] SISBRA 2022-04-21T07:28:33 lat=-19.580 lon=-44.060 mag=2.3 window=+/-120.0s r=1.0deg
  candidates=1 scored=1
  candidates=1 scored=1
  best=smi:org.gfz-potsdam.de/geofon/usp2022expj dt_s=12.015 dist_km=59.773 picks<=400.0km=0
  candidates=1 scored=1
  best=smi:org.gfz-potsdam.de/geofon/usp2022havu dt_s=0.333 dist_km=0.253 picks<=400.0km=1
  best=smi:org.gfz-potsdam.de/geofon/usp2022eoif dt_s=0.554 dist_km=0.360 picks<=400.0km=0
NO_MATCH: 2022-04-18T02:12:50Z -> data/sisbra_all_w24/20220418T021250_row4975
[2977/3570] SISBRA 2022-04-23T10:02:12 lat=-8.800 lon=-74.120 mag=4.3 window=+/-120.0s r=1.0deg
  candidates=1 scored=1
  candidates=1 scored=1
  best=smi:org.gfz-potsdam.de/geofon/usp2022gvhu dt_s=0.827 dist_km=0.421 picks<=400.0km=2
  best=smi:org.gfz-potsdam.de/geofon/usp2022goqa dt_s=0.302 dist_km=0.496 picks<=400.0km=2
MATCHED: 2022-03-11T20:02:30Z -> data/sisbra_all_w24/20220311T200242_usp2022expj_row4916 picks=0
[2978/3570] SISBRA 2022-04-25T02:16:55 lat=-28.070 lon=-50.870 mag=2.2 window=+/-120.0s r=1.0deg
MATCHED: 2022-04-11T01:45:55Z -> data/sisbra_all_w24/20220411T014555_usp2022havu_row4962 picks=1
[2979/3570] SISBRA 2022-04-26T06:09:51 lat=-20.960 lon=-48.610 mag=2.1 window=+/-120.0s r=1.0deg
  candidates=1 scored=1
  best=smi:org.gfz-potsdam.de/geofon/usp2022gdrb dt_s=0.940 dist_km=0.404 picks<=400.0km=6
MATCHED: 2022-03-06T18:11:11Z -> data/sisbra_all_w24/20220306T181111_usp2022eoif_row4915 picks=0
[2980/3570] SISBRA 2022-04-26T06:17:20 lat=-20.970 lon=-48.650 mag=2.1 window=+/-120.0s r=1.0deg
MATCHED: 2022-04-08T01:00:13Z -> data/sisbra_all_w24/20220408T010013_usp2022gvhu_row4956 picks=2
[2981/3570] SISBRA 2022-04-29T06:46:34 lat=-13.770 lon=-61.310 mag=2.1 window=+/-120.0s r=1.0deg
MATCHED: 2022-04-04T09:12:48Z -> data/sisbra_all_w24/20220404T091248_usp2022goqa_row4950 picks=2
[2982/3570] SISBRA 2022-04-29T21:43:17 lat=-10.020 lon=-36.880 mag=2.0 window=+/-120.0s r=1.0deg
MATCHED: 2022-03-29T09:13:55Z -> data/sisbra_all_w24/20220329T091355_usp2022gdrb_row4940 picks=6
[2983/3570] SISBRA 2022-04-30T00:53:17 lat=-19.490 lon=-44.250 mag=2.9 window=+/-120.0s r=1.0deg
  candidates=1 scored=1
  candidates=1 scored=1
  best=smi:org.gfz-potsdam.de/geofon/usp2022gzlu dt_s=0.903 dist_km=0.313 picks<=400.0km=4
  best=smi:org.gfz-potsdam.de/geofon/usp2022fxtn dt_s=0.830 dist_km=0.137 picks<=400.0km=16
  candidates=1 scored=1
  best=smi:org.gfz-potsdam.de/geofon/usp2022gucd dt_s=0.011 dist_km=0.317 picks<=400.0km=3
MATCHED: 2022-04-10T07:33:51Z -> data/sisbra_all_w24/20220410T073351_usp2022gzlu_row4960 picks=4
[2984/3570] SISBRA 2022-04-30T05:10:08 lat=-26.910 lon=-52.040 mag=1.7 window=+/-120.0s r=1.0deg
MATCHED: 2022-03-26T03:40:39Z -> data/sisbra_all_w24/20220326T034039_usp2022fxtn_row4932 picks=16
[2985/3570] SISBRA 2022-05-02T01:54:16 lat=-20.970 lon=-48.650 mag=1.2 window=+/-120.0s r=1.0deg
MATCHED: 2022-04-07T09:00:19Z -> data/sisbra_all_w24/20220407T090019_usp2022gucd_row4954 picks=3
[2986/3570] SISBRA 2022-05-05T08:42:17 lat=-2.910 lon=-39.750 mag=2.3 window=+/-120.0s r=1.0deg
  candidates=1 scored=1
  best=smi:org.gfz-potsdam.de/geofon/usp2022hdmk dt_s=0.430 dist_km=0.568 picks<=400.0km=8
MATCHED: 2022-04-12T12:25:14Z -> data/sisbra_all_w24/20220412T122514_usp2022hdmk_row4965 picks=8
[2987/3570] SISBRA 2022-05-05T11:00:26 lat=-11.180 lon=-40.610 mag=2.1 window=+/-120.0s r=1.0deg
  candidates=1 scored=1
  best=smi:org.gfz-potsdam.de/geofon/usp2022icph dt_s=0.768 dist_km=0.321 picks<=400.0km=2
  candidates=1 scored=1
  best=smi:org.gfz-potsdam.de/geofon/usp2022hlxz dt_s=0.822 dist_km=0.450 picks<=400.0km=1
MATCHED: 2022-04-26T06:17:20Z -> data/sisbra_all_w24/20220426T061720_usp2022icph_row4982 picks=2
[2988/3570] SISBRA 2022-05-05T15:25:04 lat=-8.500 lon=-39.320 mag=1.8 window=+/-120.0s r=1.0deg
MATCHED: 2022-04-17T03:21:13Z -> data/sisbra_all_w24/20220417T032113_usp2022hlxz_row4974 picks=1
[2989/3570] SISBRA 2022-05-05T19:05:21 lat=-15.310 lon=-56.080 mag=2.2 window=+/-120.0s r=1.0deg
  candidates=1 scored=1
  best=smi:org.gfz-potsdam.de/geofon/usp2022hcml dt_s=0.130 dist_km=0.745 picks<=400.0km=5
NO_MATCH: 2022-05-05T19:05:21Z -> data/sisbra_all_w24/20220505T190521_row4991
[2990/3570] SISBRA 2022-05-05T19:30:29 lat=-8.420 lon=-39.410 mag=2.0 window=+/-120.0s r=1.0deg
  candidates=1 scored=1
  best=smi:org.gfz-potsdam.de/geofon/usp2022heex dt_s=0.778 dist_km=0.378 picks<=400.0km=8
MATCHED: 2022-04-11T23:18:49Z -> data/sisbra_all_w24/20220411T231849_usp2022hcml_row4963 picks=5
[2991/3570] SISBRA 2022-05-06T14:34:23 lat=-19.460 lon=-44.260 mag=2.1 window=+/-120.0s r=1.0deg
MATCHED: 2022-04-12T21:46:53Z -> data/sisbra_all_w24/20220412T214653_usp2022heex_row4968 picks=8
[2992/3570] SISBRA 2022-05-08T07:48:48 lat=-11.230 lon=-40.570 mag=2.4 window=+/-120.0s r=1.0deg
  candidates=1 scored=1
  best=smi:org.gfz-potsdam.de/geofon/usp2022infq dt_s=0.000 dist_km=0.421 picks<=400.0km=1
  candidates=1 scored=1
  best=smi:org.gfz-potsdam.de/geofon/usp2022iicu dt_s=0.033 dist_km=0.560 picks<=400.0km=2
  candidates=1 scored=1
  best=smi:org.gfz-potsdam.de/geofon/usp2022hspj dt_s=0.198 dist_km=0.176 picks<=400.0km=3
MATCHED: 2022-04-20T18:57:35Z -> data/sisbra_all_w24/20220420T185735_usp2022hspj_row4977 picks=3
[2993/3570] SISBRA 2022-05-08T10:48:59 lat=-19.430 lon=-44.280 mag=2.0 window=+/-120.0s r=1.0deg
MATCHED: 2022-05-02T01:54:16Z -> data/sisbra_all_w24/20220502T015416_usp2022infq_row4987 picks=1
[2994/3570] SISBRA 2022-05-09T09:20:19 lat=-3.130 lon=-39.280 mag=1.7 window=+/-120.0s r=1.0deg
MATCHED: 2022-04-29T06:46:34Z -> data/sisbra_all_w24/20220429T064634_usp2022iicu_row4983 picks=2
[2995/3570] SISBRA 2022-05-09T19:07:54 lat=-5.590 lon=-36.200 mag=1.8 window=+/-120.0s r=1.0deg
  candidates=1 scored=1
  best=smi:org.gfz-potsdam.de/geofon/usp2022hqqw dt_s=0.626 dist_km=0.604 picks<=400.0km=2
  candidates=1 scored=1
  best=smi:org.gfz-potsdam.de/geofon/usp2022itsx dt_s=0.644 dist_km=0.546 picks<=400.0km=3
MATCHED: 2022-04-19T17:27:24Z -> data/sisbra_all_w24/20220419T172724_usp2022hqqw_row4976 picks=2
[2996/3570] SISBRA 2022-05-10T01:51:29 lat=-11.580 lon=-35.840 mag=2.6 window=+/-120.0s r=1.0deg
  candidates=1 scored=1
  best=smi:org.gfz-potsdam.de/geofon/usp2022ijgj dt_s=0.815 dist_km=0.700 picks<=400.0km=2
MATCHED: 2022-05-05T15:25:04Z -> data/sisbra_all_w24/20220505T152504_usp2022itsx_row4990 picks=3
[2997/3570] SISBRA 2022-05-10T04:24:19 lat=-18.800 lon=-47.160 mag=2.2 window=+/-120.0s r=1.0deg
  candidates=1 scored=1
  best=smi:org.gfz-potsdam.de/geofon/usp2022icpb dt_s=0.583 dist_km=0.387 picks<=400.0km=4
MATCHED: 2022-04-29T21:43:17Z -> data/sisbra_all_w24/20220429T214317_usp2022ijgj_row4984 picks=2
[2998/3570] SISBRA 2022-05-11T16:19:38 lat=-8.330 lon=-39.680 mag=1.5 window=+/-120.0s r=1.0deg
MATCHED: 2022-04-26T06:09:51Z -> data/sisbra_all_w24/20220426T060951_usp2022icpb_row4981 picks=4
[2999/3570] SISBRA 2022-05-12T05:25:30 lat=-20.970 lon=-48.610 mag=2.0 window=+/-120.0s r=1.0deg
  candidates=1 scored=1
  best=smi:org.gfz-potsdam.de/geofon/usp2022ijvc dt_s=0.187 dist_km=0.363 picks<=400.0km=2
  candidates=1 scored=1
  best=smi:org.gfz-potsdam.de/geofon/usp2022ialw dt_s=0.808 dist_km=0.345 picks<=400.0km=2
NO_MATCH: 2022-05-10T04:24:19Z -> data/sisbra_all_w24/20220510T042419_row4999
[3000/3570] SISBRA 2022-05-13T02:41:16 lat=-19.050 lon=-44.690 mag=2.1 window=+/-120.0s r=1.0deg
MATCHED: 2022-04-30T05:10:08Z -> data/sisbra_all_w24/20220430T051008_usp2022ijvc_row4986 picks=2
[3001/3570] SISBRA 2022-05-13T04:07:05 lat=-21.870 lon=-42.900 mag=2.1 window=+/-120.0s r=1.0deg
  candidates=1 scored=1
  best=smi:org.gfz-potsdam.de/geofon/usp2022hede dt_s=0.739 dist_km=0.640 picks<=400.0km=5
  candidates=1 scored=1
  best=smi:org.gfz-potsdam.de/geofon/usp2022htod dt_s=0.367 dist_km=0.212 picks<=400.0km=5
MATCHED: 2022-04-25T02:16:55Z -> data/sisbra_all_w24/20220425T021655_usp2022ialw_row4980 picks=2
[3002/3570] SISBRA 2022-05-13T18:01:44 lat=-9.960 lon=-39.730 mag=2.7 window=+/-120.0s r=1.0deg
MATCHED: 2022-04-12T20:53:33Z -> data/sisbra_all_w24/20220412T205333_usp2022hede_row4967 picks=5
[3003/3570] SISBRA 2022-05-14T01:29:49 lat=-21.140 lon=-44.680 mag=2.2 window=+/-120.0s r=1.0deg
MATCHED: 2022-04-21T07:28:33Z -> data/sisbra_all_w24/20220421T072833_usp2022htod_row4978 picks=5
[3004/3570] SISBRA 2022-05-14T22:27:29 lat=-8.450 lon=-71.500 mag=4.6 window=+/-120.0s r=1.0deg
  candidates=1 scored=1
  best=smi:org.gfz-potsdam.de/geofon/usp2022hgwt dt_s=0.004 dist_km=44.186 picks<=400.0km=3
  candidates=1 scored=1
  best=smi:org.gfz-potsdam.de/geofon/usp2022hxkf dt_s=0.248 dist_km=45.141 picks<=400.0km=0
  candidates=1 scored=1
  best=smi:org.gfz-potsdam.de/geofon/usp2022jbig dt_s=0.567 dist_km=0.554 picks<=400.0km=2
  candidates=1 scored=1
  best=smi:org.gfz-potsdam.de/geofon/usp2022itke dt_s=0.039 dist_km=0.358 picks<=400.0km=4
MATCHED: 2022-04-14T09:03:20Z -> data/sisbra_all_w24/20220414T090320_usp2022hgwt_row4971 picks=3
[3005/3570] SISBRA 2022-05-15T06:45:27 lat=-8.180 lon=-50.200 mag=3.4 window=+/-120.0s r=1.0deg
  candidates=1 scored=1
  best=smi:org.gfz-potsdam.de/geofon/usp2022jaow dt_s=0.598 dist_km=0.403 picks<=400.0km=1
MATCHED: 2022-04-23T10:02:12Z -> data/sisbra_all_w24/20220423T100211_usp2022hxkf_row4979 picks=0
[3006/3570] SISBRA 2022-05-15T16:15:25 lat=-3.160 lon=-38.380 mag=1.6 window=+/-120.0s r=1.0deg
MATCHED: 2022-05-05T11:00:26Z -> data/sisbra_all_w24/20220505T110026_usp2022itke_row4989 picks=4
[3007/3570] SISBRA 2022-05-16T02:17:37 lat=-19.500 lon=-44.250 mag=2.1 window=+/-120.0s r=1.0deg
MATCHED: 2022-05-09T19:07:54Z -> data/sisbra_all_w24/20220509T190754_usp2022jbig_row4997 picks=2
[3008/3570] SISBRA 2022-05-17T02:32:45 lat=-8.100 lon=-35.330 mag=1.5 window=+/-120.0s r=1.0deg
  candidates=1 scored=1
  best=smi:org.gfz-potsdam.de/geofon/usp2022itfp dt_s=0.691 dist_km=0.531 picks<=400.0km=1
  candidates=1 scored=1
  best=smi:org.gfz-potsdam.de/geofon/usp2022iuaz dt_s=0.357 dist_km=0.521 picks<=400.0km=2
MATCHED: 2022-05-05T19:30:29Z -> data/sisbra_all_w24/20220505T193029_usp2022iuaz_row4992 picks=2
[3009/3570] SISBRA 2022-05-18T07:20:50 lat=-16.450 lon=-59.200 mag=2.8 window=+/-120.0s r=1.0deg
MATCHED: 2022-05-05T08:42:17Z -> data/sisbra_all_w24/20220505T084217_usp2022itfp_row4988 picks=1
[3010/3570] SISBRA 2022-05-20T22:36:30 lat=-19.530 lon=-44.180 mag=2.8 window=+/-120.0s r=1.0deg
MATCHED: 2022-05-09T09:20:19Z -> data/sisbra_all_w24/20220509T092019_usp2022jaow_row4996 picks=1
[3011/3570] SISBRA 2022-05-21T15:40:44 lat=-14.320 lon=-59.160 mag=2.5 window=+/-120.0s r=1.0deg
  candidates=1 scored=1
  best=smi:org.gfz-potsdam.de/geofon/usp2022iywh dt_s=0.751 dist_km=0.495 picks<=400.0km=4
  candidates=1 scored=1
  best=smi:org.gfz-potsdam.de/geofon/usp2022hdaq dt_s=0.448 dist_km=6.670 picks<=400.0km=1
MATCHED: 2022-05-08T10:48:59Z -> data/sisbra_all_w24/20220508T104859_usp2022iywh_row4995 picks=4
[3012/3570] SISBRA 2022-05-22T22:12:59 lat=-20.960 lon=-48.660 mag=2.2 window=+/-120.0s r=1.0deg
MATCHED: 2022-04-12T06:29:00Z -> data/sisbra_all_w24/20220412T062859_usp2022hdaq_row4964 picks=1
[3013/3570] SISBRA 2022-05-23T06:20:19 lat=-20.950 lon=-48.650 mag=1.8 window=+/-120.0s r=1.0deg
NO_MATCH: 2022-05-17T02:32:45Z -> data/sisbra_all_w24/20220517T023245_row5010
[3014/3570] SISBRA 2022-05-23T06:31:43 lat=-20.960 lon=-48.650 mag=0.8 window=+/-120.0s r=1.0deg
  candidates=1 scored=1
  best=smi:org.gfz-potsdam.de/geofon/usp2022jbvo dt_s=0.408 dist_km=0.545 picks<=400.0km=0
MATCHED: 2022-05-10T01:51:29Z -> data/sisbra_all_w24/20220510T015129_usp2022jbvo_row4998 picks=0
[3015/3570] SISBRA 2022-05-23T06:35:23 lat=-20.950 lon=-48.650 mag=1.7 window=+/-120.0s r=1.0deg
  candidates=1 scored=1
  best=smi:org.gfz-potsdam.de/geofon/usp2022ivms dt_s=0.724 dist_km=0.470 picks<=400.0km=3
  candidates=1 scored=1
  best=smi:org.gfz-potsdam.de/geofon/usp2022hecn dt_s=0.100 dist_km=0.190 picks<=400.0km=4
MATCHED: 2022-04-12T20:34:11Z -> data/sisbra_all_w24/20220412T203410_usp2022hecn_row4966 picks=4
[3016/3570] SISBRA 2022-05-23T06:39:48 lat=-20.960 lon=-48.650 mag=1.2 window=+/-120.0s r=1.0deg
MATCHED: 2022-05-06T14:34:23Z -> data/sisbra_all_w24/20220506T143423_usp2022ivms_row4993 picks=3
[3017/3570] SISBRA 2022-05-23T18:02:16 lat=-10.680 lon=-39.470 mag=2.1 window=+/-120.0s r=1.0deg
  candidates=1 scored=1
  best=smi:org.gfz-potsdam.de/geofon/usp2022jets dt_s=0.952 dist_km=0.249 picks<=400.0km=2
MATCHED: 2022-05-11T16:19:38Z -> data/sisbra_all_w24/20220511T161938_usp2022jets_row5000 picks=2
[3018/3570] SISBRA 2022-05-25T16:06:00 lat=-10.110 lon=-39.680 mag=2.1 window=+/-120.0s r=1.0deg
  candidates=1 scored=1
  best=smi:org.gfz-potsdam.de/geofon/usp2022heyq dt_s=1.708 dist_km=0.596 picks<=400.0km=5
MATCHED: 2022-04-13T07:44:10Z -> data/sisbra_all_w24/20220413T074411_usp2022heyq_row4969 picks=5
[3019/3570] SISBRA 2022-05-26T23:23:37 lat=-14.530 lon=-59.680 mag=2.2 window=+/-120.0s r=1.0deg
NO_MATCH: 2022-05-25T16:06:00Z -> data/sisbra_all_w24/20220525T160600_row5020
[3020/3570] SISBRA 2022-05-29T20:33:42 lat=-19.480 lon=-44.260 mag=2.2 window=+/-120.0s r=1.0deg
  candidates=1 scored=1
  candidates=1 scored=1
  best=smi:org.gfz-potsdam.de/geofon/usp2022jmbp dt_s=0.579 dist_km=0.444 picks<=400.0km=1
  best=smi:org.gfz-potsdam.de/geofon/usp2022jliu dt_s=0.336 dist_km=0.641 picks<=400.0km=4
  candidates=1 scored=1
  best=smi:org.gfz-potsdam.de/geofon/usp2022jzyj dt_s=0.000 dist_km=0.503 picks<=400.0km=1
MATCHED: 2022-05-15T16:15:25Z -> data/sisbra_all_w24/20220515T161525_usp2022jmbp_row5008 picks=1
[3021/3570] SISBRA 2022-05-29T22:35:07 lat=-19.470 lon=-44.260 mag=1.7 window=+/-120.0s r=1.0deg
MATCHED: 2022-05-15T06:45:27Z -> data/sisbra_all_w24/20220515T064527_usp2022jliu_row5007 picks=4
[3022/3570] SISBRA 2022-05-30T01:27:40 lat=-10.990 lon=-58.790 mag=2.0 window=+/-120.0s r=1.0deg
MATCHED: 2022-05-23T06:31:43Z -> data/sisbra_all_w24/20220523T063143_usp2022jzyj_row5016 picks=1
[3023/3570] SISBRA 2022-05-30T01:48:39 lat=-19.490 lon=-44.270 mag=1.6 window=+/-120.0s r=1.0deg
  candidates=1 scored=1
  best=smi:org.gfz-potsdam.de/geofon/usp2022iyqj dt_s=0.925 dist_km=7.572 picks<=400.0km=4
  candidates=1 scored=1
  best=smi:org.gfz-potsdam.de/geofon/usp2022jzxz dt_s=0.954 dist_km=0.336 picks<=400.0km=2
  candidates=1 scored=1
  best=smi:org.gfz-potsdam.de/geofon/usp2022jhmo dt_s=0.098 dist_km=0.532 picks<=400.0km=1
MATCHED: 2022-05-08T07:48:48Z -> data/sisbra_all_w24/20220508T074848_usp2022iyqj_row4994 picks=4
[3024/3570] SISBRA 2022-05-30T13:58:47 lat=-19.450 lon=-44.260 mag=2.1 window=+/-120.0s r=1.0deg
MATCHED: 2022-05-23T06:20:19Z -> data/sisbra_all_w24/20220523T062019_usp2022jzxz_row5015 picks=2
[3025/3570] SISBRA 2022-05-30T15:01:47 lat=-19.480 lon=-44.260 mag=2.1 window=+/-120.0s r=1.0deg
  candidates=1 scored=1
  best=smi:org.gfz-potsdam.de/geofon/usp2022jioc dt_s=0.697 dist_km=0.623 picks<=400.0km=4
MATCHED: 2022-05-13T04:07:05Z -> data/sisbra_all_w24/20220513T040705_usp2022jhmo_row5003 picks=1
[3026/3570] SISBRA 2022-05-30T16:15:38 lat=-19.450 lon=-44.250 mag=1.9 window=+/-120.0s r=1.0deg
  candidates=1 scored=1
  best=smi:org.gfz-potsdam.de/geofon/usp2022jftq dt_s=0.835 dist_km=0.294 picks<=400.0km=5
MATCHED: 2022-05-13T18:01:44Z -> data/sisbra_all_w24/20220513T180144_usp2022jioc_row5004 picks=4
[3027/3570] SISBRA 2022-05-31T00:38:58 lat=-19.450 lon=-44.250 mag=2.2 window=+/-120.0s r=1.0deg
  candidates=1 scored=1
  best=smi:org.gfz-potsdam.de/geofon/usp2022jwzm dt_s=0.095 dist_km=0.565 picks<=400.0km=2
  candidates=1 scored=1
MATCHED: 2022-05-12T05:25:30Z -> data/sisbra_all_w24/20220512T052530_usp2022jftq_row5001 picks=5
[3028/3570] SISBRA 2022-06-01T03:17:34 lat=-19.510 lon=-44.200 mag=2.2 window=+/-120.0s r=1.0deg
MATCHED: 2022-05-21T15:40:44Z -> data/sisbra_all_w24/20220521T154044_usp2022jwzm_row5013 picks=2
[3029/3570] SISBRA 2022-06-01T07:15:40 lat=-19.030 lon=-44.710 mag=2.2 window=+/-120.0s r=1.0deg
  best=smi:org.gfz-potsdam.de/geofon/usp2022ggrr dt_s=0.210 dist_km=0.981 picks<=400.0km=6
  candidates=1 scored=1
  best=smi:org.gfz-potsdam.de/geofon/usp2022jzym dt_s=0.987 dist_km=0.202 picks<=400.0km=2
MATCHED: 2022-03-31T00:57:07Z -> data/sisbra_all_w24/20220331T005707_usp2022ggrr_row4944 picks=6
[3030/3570] SISBRA 2022-06-04T01:33:49 lat=-13.500 lon=-49.550 mag=2.9 window=+/-120.0s r=1.0deg
  candidates=1 scored=1
  candidates=1 scored=1
  best=smi:org.gfz-potsdam.de/geofon/usp2022jzyq dt_s=0.000 dist_km=0.439 picks<=400.0km=2
  best=smi:org.gfz-potsdam.de/geofon/usp2022jhjs dt_s=0.308 dist_km=0.138 picks<=400.0km=17
MATCHED: 2022-05-23T06:35:23Z -> data/sisbra_all_w24/20220523T063523_usp2022jzym_row5017 picks=2
[3031/3570] SISBRA 2022-06-06T00:24:30 lat=-5.250 lon=-49.720 mag=2.5 window=+/-120.0s r=1.0deg
MATCHED: 2022-05-23T06:39:48Z -> data/sisbra_all_w24/20220523T063948_usp2022jzyq_row5018 picks=2
[3032/3570] SISBRA 2022-06-06T13:49:11 lat=-19.520 lon=-44.180 mag=2.0 window=+/-120.0s r=1.0deg
MATCHED: 2022-05-13T02:41:16Z -> data/sisbra_all_w24/20220513T024116_usp2022jhjs_row5002 picks=17
[3033/3570] SISBRA 2022-06-08T00:55:45 lat=-9.280 lon=-70.820 mag=6.3 window=+/-120.0s r=1.0deg
  candidates=1 scored=1
  best=smi:org.gfz-potsdam.de/geofon/usp2022klzd dt_s=0.853 dist_km=0.555 picks<=400.0km=5
NO_MATCH: 2022-06-06T00:24:30Z -> data/sisbra_all_w24/20220606T002430_row5033
[3034/3570] SISBRA 2022-06-08T01:53:28 lat=-9.090 lon=-71.260 mag=4.9 window=+/-120.0s r=1.0deg
  candidates=1 scored=1
  best=smi:org.gfz-potsdam.de/geofon/usp2022kavd dt_s=0.328 dist_km=0.441 picks<=400.0km=3
  candidates=1 scored=1
  best=smi:org.gfz-potsdam.de/geofon/usp2022jzhx dt_s=0.730 dist_km=0.468 picks<=400.0km=7
MATCHED: 2022-05-29T20:33:42Z -> data/sisbra_all_w24/20220529T203342_usp2022klzd_row5022 picks=5
[3035/3570] SISBRA 2022-06-09T00:36:29 lat=-19.310 lon=-42.690 mag=2.1 window=+/-120.0s r=1.0deg
  candidates=1 scored=1
  best=smi:org.gfz-potsdam.de/geofon/usp2022jjcw dt_s=0.229 dist_km=0.176 picks<=400.0km=6
  candidates=1 scored=1
  best=smi:org.gfz-potsdam.de/geofon/usp2022knjs dt_s=0.955 dist_km=0.039 picks<=400.0km=4
MATCHED: 2022-05-23T18:02:16Z -> data/sisbra_all_w24/20220523T180216_usp2022kavd_row5019 picks=3
[3036/3570] SISBRA 2022-06-09T01:58:30 lat=-20.180 lon=-44.760 mag=1.6 window=+/-120.0s r=1.0deg
  candidates=1 scored=1
  best=smi:org.gfz-potsdam.de/geofon/usp2022jqwm dt_s=0.232 dist_km=0.110 picks<=400.0km=1
  candidates=1 scored=1
  best=smi:org.gfz-potsdam.de/geofon/usp2022jmvl dt_s=0.761 dist_km=0.249 picks<=400.0km=5
MATCHED: 2022-05-22T22:12:59Z -> data/sisbra_all_w24/20220522T221259_usp2022jzhx_row5014 picks=7
[3037/3570] SISBRA 2022-06-15T00:14:27 lat=-19.500 lon=-44.030 mag=2.1 window=+/-120.0s r=1.0deg
MATCHED: 2022-05-14T01:29:49Z -> data/sisbra_all_w24/20220514T012949_usp2022jjcw_row5005 picks=6
[3038/3570] SISBRA 2022-06-15T09:21:05 lat=-18.840 lon=-44.740 mag=2.9 window=+/-120.0s r=1.0deg
MATCHED: 2022-05-30T15:01:47Z -> data/sisbra_all_w24/20220530T150147_usp2022knjs_row5027 picks=4
[3039/3570] SISBRA 2022-06-16T06:06:26 lat=-18.960 lon=-44.730 mag=1.7 window=+/-120.0s r=1.0deg
  candidates=1 scored=1
  best=smi:org.gfz-potsdam.de/geofon/usp2022jksh dt_s=0.142 dist_km=10.589 picks<=400.0km=0
MATCHED: 2022-05-18T07:20:50Z -> data/sisbra_all_w24/20220518T072049_usp2022jqwm_row5011 picks=1
[3040/3570] SISBRA 2022-06-17T00:40:26 lat=-20.950 lon=-48.620 mag=1.7 window=+/-120.0s r=1.0deg
  candidates=1 scored=1
  best=smi:org.gfz-potsdam.de/geofon/usp2022kmjo dt_s=0.954 dist_km=0.705 picks<=400.0km=3
MATCHED: 2022-05-16T02:17:37Z -> data/sisbra_all_w24/20220516T021737_usp2022jmvl_row5009 picks=5
[3041/3570] SISBRA 2022-06-17T01:29:14 lat=-19.490 lon=-44.250 mag=1.5 window=+/-120.0s r=1.0deg
MATCHED: 2022-05-14T22:27:29Z -> data/sisbra_all_w24/20220514T222729_usp2022jksh_row5006 picks=0
[3042/3570] SISBRA 2022-06-17T14:24:45 lat=-20.080 lon=-43.950 mag=2.3 window=+/-120.0s r=1.0deg
MATCHED: 2022-05-30T01:48:39Z -> data/sisbra_all_w24/20220530T014839_usp2022kmjo_row5025 picks=3
[3043/3570] SISBRA 2022-06-21T23:43:23 lat=-20.950 lon=-48.610 mag=2.0 window=+/-120.0s r=1.0deg
  candidates=1 scored=1
  best=smi:org.gfz-potsdam.de/geofon/usp2022ijmq dt_s=0.900 dist_km=0.170 picks<=400.0km=6
  candidates=2 scored=2
  best=smi:org.gfz-potsdam.de/geofon/usp2022hirr dt_s=0.942 dist_km=0.519 picks<=400.0km=1
MATCHED: 2022-04-30T00:53:17Z -> data/sisbra_all_w24/20220430T005317_usp2022ijmq_row4985 picks=6
[3044/3570] SISBRA 2022-06-23T09:52:22 lat=-9.830 lon=-39.490 mag=1.9 window=+/-120.0s r=1.0deg
AMBIGUOUS: 2022-04-15T08:45:57Z -> data/sisbra_all_w24/20220415T084557_usp2022hirr_row4973 picks=1
[3045/3570] SISBRA 2022-06-24T19:39:00 lat=-5.900 lon=-36.980 mag=2.0 window=+/-120.0s r=1.0deg
  candidates=1 scored=1
  best=smi:org.gfz-potsdam.de/geofon/usp2022koct dt_s=0.877 dist_km=0.293 picks<=400.0km=4
  candidates=1 scored=1
  best=smi:org.gfz-potsdam.de/geofon/usp2022jvrr dt_s=1.590 dist_km=8.913 picks<=400.0km=7
  candidates=1 scored=1
  best=smi:org.gfz-potsdam.de/geofon/usp2022kmiw dt_s=0.814 dist_km=0.472 picks<=400.0km=2
MATCHED: 2022-05-31T00:38:58Z -> data/sisbra_all_w24/20220531T003858_usp2022koct_row5029 picks=4
[3046/3570] SISBRA 2022-06-26T09:17:18 lat=-11.710 lon=-57.640 mag=2.8 window=+/-120.0s r=1.0deg
  candidates=1 scored=1
  best=smi:org.gfz-potsdam.de/geofon/usp2022knmd dt_s=0.952 dist_km=0.480 picks<=400.0km=4
MATCHED: 2022-05-20T22:36:30Z -> data/sisbra_all_w24/20220520T223631_usp2022jvrr_row5012 picks=7
[3047/3570] SISBRA 2022-06-27T01:08:19 lat=-19.490 lon=-44.250 mag=2.0 window=+/-120.0s r=1.0deg
NO_MATCH: 2022-06-24T19:39:00Z -> data/sisbra_all_w24/20220624T193900_row5047
[3048/3570] SISBRA 2022-06-27T08:16:38 lat=-19.500 lon=-44.230 mag=2.5 window=+/-120.0s r=1.0deg
  candidates=1 scored=1
MATCHED: 2022-05-30T01:27:40Z -> data/sisbra_all_w24/20220530T012740_usp2022kmiw_row5024 picks=2
[3049/3570] SISBRA 2022-06-27T16:21:30 lat=-15.390 lon=-59.210 mag=2.7 window=+/-120.0s r=1.0deg
  best=smi:org.gfz-potsdam.de/geofon/usp2022knhq dt_s=0.974 dist_km=0.602 picks<=400.0km=8
MATCHED: 2022-05-30T16:15:38Z -> data/sisbra_all_w24/20220530T161538_usp2022knmd_row5028 picks=4
[3050/3570] SISBRA 2022-06-28T03:27:20 lat=-0.670 lon=-50.250 mag=3.5 window=+/-120.0s r=1.0deg
  candidates=1 scored=1
  best=smi:org.gfz-potsdam.de/geofon/usp2022kgsg dt_s=0.650 dist_km=0.644 picks<=400.0km=4
  candidates=1 scored=1
  best=smi:org.gfz-potsdam.de/geofon/usp2022leoe dt_s=0.979 dist_km=11.525 picks<=400.0km=5
MATCHED: 2022-05-30T13:58:47Z -> data/sisbra_all_w24/20220530T135847_usp2022knhq_row5026 picks=8
[3051/3570] SISBRA 2022-06-28T07:28:33 lat=-19.360 lon=-44.050 mag=2.2 window=+/-120.0s r=1.0deg
MATCHED: 2022-05-26T23:23:37Z -> data/sisbra_all_w24/20220526T232337_usp2022kgsg_row5021 picks=4
[3052/3570] SISBRA 2022-06-29T20:40:23 lat=-20.790 lon=-50.130 mag=2.4 window=+/-120.0s r=1.0deg
  candidates=1 scored=1
  best=smi:org.gfz-potsdam.de/geofon/usp2022leqx dt_s=0.843 dist_km=0.491 picks<=400.0km=3
  candidates=1 scored=1
  best=smi:org.gfz-potsdam.de/geofon/usp2022ltei dt_s=0.691 dist_km=0.509 picks<=400.0km=3
MATCHED: 2022-06-09T00:36:29Z -> data/sisbra_all_w24/20220609T003628_usp2022leoe_row5037 picks=5
[3053/3570] SISBRA 2022-06-30T15:13:44 lat=-10.910 lon=-39.260 mag=2.4 window=+/-120.0s r=1.0deg
  candidates=1 scored=1
MATCHED: 2022-06-17T00:40:26Z -> data/sisbra_all_w24/20220617T004026_usp2022ltei_row5042 picks=3
[3054/3570] SISBRA 2022-07-02T18:24:02 lat=-15.370 lon=-58.930 mag=2.7 window=+/-120.0s r=1.0deg
MATCHED: 2022-06-09T01:58:30Z -> data/sisbra_all_w24/20220609T015830_usp2022leqx_row5038 picks=3
[3055/3570] SISBRA 2022-07-03T04:51:20 lat=-5.170 lon=-46.110 mag=3.4 window=+/-120.0s r=1.0deg
  best=smi:org.gfz-potsdam.de/geofon/usp2022kqdm dt_s=0.110 dist_km=0.354 picks<=400.0km=6
  candidates=1 scored=1
  best=smi:org.gfz-potsdam.de/geofon/usp2022kmde dt_s=0.920 dist_km=0.356 picks<=400.0km=4
MATCHED: 2022-06-01T03:17:34Z -> data/sisbra_all_w24/20220601T031734_usp2022kqdm_row5030 picks=6
[3056/3570] SISBRA 2022-07-03T12:16:00 lat=-8.670 lon=-35.860 mag=2.1 window=+/-120.0s r=1.0deg
  candidates=1 scored=1
  best=smi:org.gfz-potsdam.de/geofon/usp2022lpmm dt_s=0.005 dist_km=0.489 picks<=400.0km=3
MATCHED: 2022-05-29T22:35:07Z -> data/sisbra_all_w24/20220529T223507_usp2022kmde_row5023 picks=4
[3057/3570] SISBRA 2022-07-06T02:14:12 lat=-15.380 lon=-59.620 mag=2.8 window=+/-120.0s r=1.0deg
MATCHED: 2022-06-15T00:14:27Z -> data/sisbra_all_w24/20220615T001427_usp2022lpmm_row5039 picks=3
[3058/3570] SISBRA 2022-07-06T08:13:00 lat=-9.740 lon=-39.990 mag=2.0 window=+/-120.0s r=1.0deg
  candidates=1 scored=1
  best=smi:org.gfz-potsdam.de/geofon/usp2022kvmo dt_s=0.920 dist_km=0.859 picks<=400.0km=1
NO_MATCH: 2022-07-03T04:51:20Z -> data/sisbra_all_w24/20220703T045120_row5057
[3059/3570] SISBRA 2022-07-07T03:15:45 lat=-11.350 lon=-40.400 mag=1.9 window=+/-120.0s r=1.0deg
NO_MATCH: 2022-07-03T12:16:00Z -> data/sisbra_all_w24/20220703T121600_row5058
[3060/3570] SISBRA 2022-07-08T19:22:26 lat=-3.900 lon=-40.230 mag=2.1 window=+/-120.0s r=1.0deg
MATCHED: 2022-06-04T01:33:49Z -> data/sisbra_all_w24/20220604T013349_usp2022kvmo_row5032 picks=1
[3061/3570] SISBRA 2022-07-09T15:59:53 lat=-10.930 lon=-39.300 mag=2.0 window=+/-120.0s r=1.0deg
  candidates=1 scored=1
  best=smi:org.gfz-potsdam.de/geofon/usp2022labv dt_s=0.430 dist_km=5.210 picks<=400.0km=7
NO_MATCH: 2022-07-06T08:13:00Z -> data/sisbra_all_w24/20220706T081300_row5060
[3062/3570] SISBRA 2022-07-10T00:38:00 lat=-9.740 lon=-39.990 mag=2.6 window=+/-120.0s r=1.0deg
  candidates=1 scored=1
  best=smi:org.gfz-potsdam.de/geofon/usp2022ltfy dt_s=0.906 dist_km=0.349 picks<=400.0km=3
MATCHED: 2022-06-06T13:49:11Z -> data/sisbra_all_w24/20220606T134911_usp2022labv_row5034 picks=7
[3063/3570] SISBRA 2022-07-11T00:55:29 lat=-25.320 lon=-42.850 mag=3.2 window=+/-120.0s r=1.0deg
MATCHED: 2022-06-17T01:29:14Z -> data/sisbra_all_w24/20220617T012914_usp2022ltfy_row5043 picks=3
[3064/3570] SISBRA 2022-07-11T08:09:39 lat=-18.650 lon=-45.430 mag=1.8 window=+/-120.0s r=1.0deg
  candidates=1 scored=1
  best=smi:org.gfz-potsdam.de/geofon/usp2022lrtp dt_s=0.682 dist_km=0.385 picks<=400.0km=3
NO_MATCH: 2022-07-09T15:59:53Z -> data/sisbra_all_w24/20220709T155953_row5063
[3065/3570] SISBRA 2022-07-11T11:17:20 lat=-11.190 lon=-40.500 mag=1.2 window=+/-120.0s r=1.0deg
MATCHED: 2022-06-16T06:06:26Z -> data/sisbra_all_w24/20220616T060626_usp2022lrtp_row5041 picks=3
[3066/3570] SISBRA 2022-07-13T16:51:13 lat=-27.230 lon=-52.240 mag=2.5 window=+/-120.0s r=1.0deg
NO_MATCH: 2022-07-10T00:38:00Z -> data/sisbra_all_w24/20220710T003800_row5064
[3067/3570] SISBRA 2022-07-15T21:12:26 lat=-24.660 lon=-48.170 mag=2.3 window=+/-120.0s r=1.0deg
  candidates=1 scored=1
  candidates=1 scored=1
  best=smi:org.gfz-potsdam.de/geofon/usp2022mevo dt_s=0.042 dist_km=0.286 picks<=400.0km=2
  best=smi:org.gfz-potsdam.de/geofon/usp2022kqli dt_s=0.224 dist_km=0.485 picks<=400.0km=6
  candidates=1 scored=1
  best=smi:org.gfz-potsdam.de/geofon/usp2022mkgy dt_s=0.117 dist_km=0.262 picks<=400.0km=2
MATCHED: 2022-06-01T07:15:40Z -> data/sisbra_all_w24/20220601T071540_usp2022kqli_row5031 picks=6
[3068/3570] SISBRA 2022-07-18T19:56:17 lat=-25.030 lon=-49.270 mag=2.5 window=+/-120.0s r=1.0deg
MATCHED: 2022-06-26T09:17:18Z -> data/sisbra_all_w24/20220626T091718_usp2022mkgy_row5048 picks=2
[3069/3570] SISBRA 2022-07-19T00:25:20 lat=-25.360 lon=-43.120 mag=3.2 window=+/-120.0s r=1.0deg
MATCHED: 2022-06-23T09:52:22Z -> data/sisbra_all_w24/20220623T095222_usp2022mevo_row5046 picks=2
[3070/3570] SISBRA 2022-07-21T13:30:06 lat=-8.930 lon=-40.140 mag=2.5 window=+/-120.0s r=1.0deg
  candidates=1 scored=1
  best=smi:org.gfz-potsdam.de/geofon/usp2022mcfz dt_s=0.057 dist_km=0.341 picks<=400.0km=5
NO_MATCH: 2022-07-18T19:56:17Z -> data/sisbra_all_w24/20220718T195617_row5070
[3071/3570] SISBRA 2022-07-21T15:19:25 lat=-7.410 lon=-35.090 mag=2.2 window=+/-120.0s r=1.0deg
MATCHED: 2022-06-21T23:43:23Z -> data/sisbra_all_w24/20220621T234323_usp2022mcfz_row5045 picks=5
[3072/3570] SISBRA 2022-07-23T13:57:09 lat=-11.270 lon=-40.520 mag=2.5 window=+/-120.0s r=1.0deg
NO_MATCH: 2022-07-21T15:19:25Z -> data/sisbra_all_w24/20220721T151925_row5073
[3073/3570] SISBRA 2022-07-24T08:17:08 lat=-8.970 lon=-71.300 mag=4.3 window=+/-120.0s r=1.0deg
  candidates=1 scored=1
  best=smi:org.gfz-potsdam.de/geofon/usp2022mmqk dt_s=0.180 dist_km=0.362 picks<=400.0km=3
NO_MATCH: 2022-07-23T13:57:09Z -> data/sisbra_all_w24/20220723T135709_row5074
[3074/3570] SISBRA 2022-07-25T14:56:05 lat=-19.490 lon=-44.250 mag=2.2 window=+/-120.0s r=1.0deg
  candidates=1 scored=1
  best=smi:org.gfz-potsdam.de/geofon/usp2022mnui dt_s=0.650 dist_km=0.335 picks<=400.0km=5
MATCHED: 2022-06-27T16:21:30Z -> data/sisbra_all_w24/20220627T162130_usp2022mmqk_row5051 picks=3
[3075/3570] SISBRA 2022-07-27T17:29:07 lat=-8.510 lon=-35.700 mag=2.1 window=+/-120.0s r=1.0deg
MATCHED: 2022-06-28T07:28:33Z -> data/sisbra_all_w24/20220628T072833_usp2022mnui_row5053 picks=5
[3076/3570] SISBRA 2022-07-29T20:44:51 lat=-19.500 lon=-44.240 mag=2.9 window=+/-120.0s r=1.0deg
  candidates=1 scored=1
  best=smi:org.gfz-potsdam.de/geofon/usp2022mnmj dt_s=7.327 dist_km=39.984 picks<=400.0km=0
  candidates=1 scored=1
  best=smi:org.gfz-potsdam.de/geofon/usp2022ndxn dt_s=0.483 dist_km=0.502 picks<=400.0km=2
  candidates=1 scored=1
  best=smi:org.gfz-potsdam.de/geofon/usp2022lufo dt_s=0.867 dist_km=0.487 picks<=400.0km=4
MATCHED: 2022-07-07T03:15:45Z -> data/sisbra_all_w24/20220707T031545_usp2022ndxn_row5061 picks=2
[3077/3570] SISBRA 2022-07-31T03:34:46 lat=-5.280 lon=-35.290 mag=2.4 window=+/-120.0s r=1.0deg
MATCHED: 2022-06-28T03:27:20Z -> data/sisbra_all_w24/20220628T032712_usp2022mnmj_row5052 picks=0
[3078/3570] SISBRA 2022-07-31T19:05:27 lat=-5.050 lon=-34.920 mag=3.7 window=+/-120.0s r=1.0deg
  candidates=1 scored=1
  best=smi:org.gfz-potsdam.de/geofon/usp2022nlvl dt_s=0.951 dist_km=0.254 picks<=400.0km=2
MATCHED: 2022-06-17T14:24:45Z -> data/sisbra_all_w24/20220617T142445_usp2022lufo_row5044 picks=4
[3079/3570] SISBRA 2022-07-31T19:19:54 lat=-4.680 lon=-34.440 mag=2.1 window=+/-120.0s r=1.0deg
MATCHED: 2022-07-11T11:17:20Z -> data/sisbra_all_w24/20220711T111720_usp2022nlvl_row5067 picks=2
[3080/3570] SISBRA 2022-07-31T19:39:58 lat=-5.260 lon=-35.110 mag=2.4 window=+/-120.0s r=1.0deg
  candidates=1 scored=1
  best=smi:org.gfz-potsdam.de/geofon/usp2022mmal dt_s=0.566 dist_km=0.381 picks<=400.0km=7
  candidates=1 scored=1
  best=smi:org.gfz-potsdam.de/geofon/usp2022mlmh dt_s=0.914 dist_km=0.468 picks<=400.0km=5
MATCHED: 2022-06-27T08:16:38Z -> data/sisbra_all_w24/20220627T081638_usp2022mmal_row5050 picks=7
[3081/3570] SISBRA 2022-08-01T02:59:33 lat=-5.340 lon=-35.100 mag=2.1 window=+/-120.0s r=1.0deg
  candidates=1 scored=1
  best=smi:org.gfz-potsdam.de/geofon/usp2022ngyy dt_s=0.485 dist_km=0.546 picks<=400.0km=2
MATCHED: 2022-07-08T19:22:26Z -> data/sisbra_all_w24/20220708T192226_usp2022ngyy_row5062 picks=2
[3082/3570] SISBRA 2022-08-01T03:36:25 lat=-18.760 lon=-44.900 mag=1.9 window=+/-120.0s r=1.0deg
MATCHED: 2022-06-27T01:08:19Z -> data/sisbra_all_w24/20220627T010819_usp2022mlmh_row5049 picks=5
[3083/3570] SISBRA 2022-08-03T06:02:00 lat=-4.690 lon=-35.180 mag=2.0 window=+/-120.0s r=1.0deg
  candidates=1 scored=1
  best=smi:org.gfz-potsdam.de/geofon/usp2022nbzz dt_s=0.498 dist_km=0.486 picks<=400.0km=3
  candidates=1 scored=1
  best=smi:org.gfz-potsdam.de/geofon/usp2022msas dt_s=0.794 dist_km=0.368 picks<=400.0km=3
MATCHED: 2022-07-06T02:14:12Z -> data/sisbra_all_w24/20220706T021412_usp2022nbzz_row5059 picks=3
[3084/3570] SISBRA 2022-08-03T07:33:36 lat=-8.590 lon=-74.460 mag=4.6 window=+/-120.0s r=1.0deg
  candidates=1 scored=1
  best=smi:org.gfz-potsdam.de/geofon/usp2022nlpg dt_s=0.463 dist_km=0.592 picks<=400.0km=3
MATCHED: 2022-06-30T15:13:44Z -> data/sisbra_all_w24/20220630T151344_usp2022msas_row5055 picks=3
[3085/3570] SISBRA 2022-08-03T14:59:15 lat=-3.910 lon=-40.460 mag=2.9 window=+/-120.0s r=1.0deg
MATCHED: 2022-07-11T08:09:39Z -> data/sisbra_all_w24/20220711T080939_usp2022nlpg_row5066 picks=3
[3086/3570] SISBRA 2022-08-04T10:39:29 lat=-20.130 lon=-44.830 mag=2.5 window=+/-120.0s r=1.0deg
  candidates=1 scored=1
  best=smi:org.gfz-potsdam.de/geofon/usp2022mvxz dt_s=0.107 dist_km=0.471 picks<=400.0km=3
  candidates=1 scored=1
  best=smi:org.gfz-potsdam.de/geofon/usp2022ntxb dt_s=0.771 dist_km=0.128 picks<=400.0km=6
  candidates=1 scored=1
  best=smi:org.gfz-potsdam.de/geofon/usp2022ovug dt_s=0.539 dist_km=0.276 picks<=400.0km=2
MATCHED: 2022-07-02T18:24:02Z -> data/sisbra_all_w24/20220702T182402_usp2022mvxz_row5056 picks=3
[3087/3570] SISBRA 2022-08-04T20:44:53 lat=-24.320 lon=-48.040 mag=2.0 window=+/-120.0s r=1.0deg
  candidates=1 scored=1
  best=smi:org.gfz-potsdam.de/geofon/usp2022mqpz dt_s=0.839 dist_km=0.512 picks<=400.0km=6
MATCHED: 2022-07-15T21:12:26Z -> data/sisbra_all_w24/20220715T211226_usp2022ntxb_row5069 picks=6
[3088/3570] SISBRA 2022-08-05T14:01:27 lat=-7.290 lon=-35.830 mag=1.9 window=+/-120.0s r=1.0deg
MATCHED: 2022-07-31T03:34:46Z -> data/sisbra_all_w24/20220731T033446_usp2022ovug_row5079 picks=2
[3089/3570] SISBRA 2022-08-05T19:41:48 lat=-9.610 lon=-36.760 mag=1.5 window=+/-120.0s r=1.0deg
  candidates=1 scored=1
  best=smi:org.gfz-potsdam.de/geofon/usp2022opnt dt_s=0.617 dist_km=0.669 picks<=400.0km=4
NO_MATCH: 2022-08-04T20:44:53Z -> data/sisbra_all_w24/20220804T204453_row5089
[3090/3570] SISBRA 2022-08-07T04:14:26 lat=-18.220 lon=-41.560 mag=1.9 window=+/-120.0s r=1.0deg
MATCHED: 2022-07-27T17:29:07Z -> data/sisbra_all_w24/20220727T172907_usp2022opnt_row5077 picks=4
[3091/3570] SISBRA 2022-08-07T04:17:32 lat=-9.850 lon=-39.820 mag=2.0 window=+/-120.0s r=1.0deg
MATCHED: 2022-06-29T20:40:23Z -> data/sisbra_all_w24/20220629T204023_usp2022mqpz_row5054 picks=6
[3092/3570] SISBRA 2022-08-08T23:09:46 lat=-5.450 lon=-35.790 mag=2.1 window=+/-120.0s r=1.0deg
  candidates=1 scored=1
  best=smi:org.gfz-potsdam.de/geofon/usp2022ojja dt_s=0.164 dist_km=8.240 picks<=400.0km=2
MATCHED: 2022-07-24T08:17:08Z -> data/sisbra_all_w24/20220724T081708_usp2022ojja_row5075 picks=2
[3093/3570] SISBRA 2022-08-12T21:19:44 lat=-5.500 lon=-36.160 mag=2.0 window=+/-120.0s r=1.0deg
  candidates=1 scored=1
  best=smi:org.gfz-potsdam.de/geofon/usp2022pcdi dt_s=0.883 dist_km=0.508 picks<=400.0km=2
  candidates=1 scored=1
  best=smi:org.gfz-potsdam.de/geofon/usp2022olrr dt_s=0.887 dist_km=0.648 picks<=400.0km=5
MATCHED: 2022-08-03T14:59:15Z -> data/sisbra_all_w24/20220803T145915_usp2022pcdi_row5087 picks=2
[3094/3570] SISBRA 2022-08-14T12:30:36 lat=-15.320 lon=-51.650 mag=3.3 window=+/-120.0s r=1.0deg
  candidates=1 scored=1
  best=smi:org.gfz-potsdam.de/geofon/usp2022pblp dt_s=0.000 dist_km=0.489 picks<=400.0km=1
MATCHED: 2022-07-25T14:56:05Z -> data/sisbra_all_w24/20220725T145605_usp2022olrr_row5076 picks=5
[3095/3570] SISBRA 2022-08-15T09:41:03 lat=-8.640 lon=-74.350 mag=4.2 window=+/-120.0s r=1.0deg
  candidates=1 scored=1
  best=smi:org.gfz-potsdam.de/geofon/usp2022oxoo dt_s=0.139 dist_km=0.510 picks<=400.0km=1
NO_MATCH: 2022-08-12T21:19:44Z -> data/sisbra_all_w24/20220812T211944_row5095
[3096/3570] SISBRA 2022-08-15T13:38:00 lat=-3.110 lon=-40.620 mag=2.0 window=+/-120.0s r=1.0deg
MATCHED: 2022-08-03T06:02:00Z -> data/sisbra_all_w24/20220803T060200_usp2022pblp_row5085 picks=1
[3097/3570] SISBRA 2022-08-19T09:33:16 lat=-9.780 lon=-39.860 mag=2.5 window=+/-120.0s r=1.0deg
MATCHED: 2022-08-01T02:59:33Z -> data/sisbra_all_w24/20220801T025933_usp2022oxoo_row5083 picks=1
[3098/3570] SISBRA 2022-08-19T19:06:52 lat=-7.790 lon=-74.630 mag=4.5 window=+/-120.0s r=1.0deg
  candidates=1 scored=1
  best=smi:org.gfz-potsdam.de/geofon/usp2022owzk dt_s=0.592 dist_km=0.538 picks<=400.0km=0
NO_MATCH: 2022-08-15T13:38:00Z -> data/sisbra_all_w24/20220815T133800_row5098
[3099/3570] SISBRA 2022-08-19T20:15:14 lat=-24.750 lon=-50.120 mag=1.8 window=+/-120.0s r=1.0deg
MATCHED: 2022-07-31T19:19:54Z -> data/sisbra_all_w24/20220731T191954_usp2022owzk_row5081 picks=0
[3100/3570] SISBRA 2022-08-22T14:55:53 lat=-19.570 lon=-44.080 mag=2.2 window=+/-120.0s r=1.0deg
  candidates=1 scored=1
  best=smi:org.gfz-potsdam.de/geofon/usp2022lqen dt_s=0.723 dist_km=0.703 picks<=400.0km=9
  candidates=1 scored=1
  best=smi:org.gfz-potsdam.de/geofon/usp2022nzpy dt_s=0.225 dist_km=0.244 picks<=400.0km=0
MATCHED: 2022-06-15T09:21:05Z -> data/sisbra_all_w24/20220615T092105_usp2022lqen_row5040 picks=9
[3101/3570] SISBRA 2022-08-23T18:22:10 lat=-13.100 lon=-39.560 mag=2.3 window=+/-120.0s r=1.0deg
NO_MATCH: 2022-08-19T20:15:14Z -> data/sisbra_all_w24/20220819T201514_row5101
[3102/3570] SISBRA 2022-08-24T07:08:00 lat=-6.190 lon=-37.540 mag=1.9 window=+/-120.0s r=1.0deg
MATCHED: 2022-07-19T00:25:20Z -> data/sisbra_all_w24/20220719T002520_usp2022nzpy_row5071 picks=0
[3103/3570] SISBRA 2022-08-25T22:15:59 lat=-13.070 lon=-39.550 mag=2.2 window=+/-120.0s r=1.0deg
  candidates=1 scored=1
  best=smi:org.gfz-potsdam.de/geofon/usp2022npxl dt_s=0.161 dist_km=0.368 picks<=400.0km=7
NO_MATCH: 2022-08-23T18:22:10Z -> data/sisbra_all_w24/20220823T182210_row5103
[3104/3570] SISBRA 2022-08-28T11:50:00 lat=-4.840 lon=-36.060 mag=2.0 window=+/-120.0s r=1.0deg
  candidates=1 scored=1
  best=smi:org.gfz-potsdam.de/geofon/usp2022oxab dt_s=0.881 dist_km=0.501 picks<=400.0km=4
MATCHED: 2022-07-13T16:51:13Z -> data/sisbra_all_w24/20220713T165113_usp2022npxl_row5068 picks=7
[3105/3570] SISBRA 2022-08-31T15:02:49 lat=-10.860 lon=-39.400 mag=2.1 window=+/-120.0s r=1.0deg
NO_MATCH: 2022-08-25T22:15:59Z -> data/sisbra_all_w24/20220825T221559_row5105
[3106/3570] SISBRA 2022-08-31T16:04:23 lat=-8.290 lon=-36.030 mag=2.0 window=+/-120.0s r=1.0deg
  candidates=1 scored=1
  best=smi:org.gfz-potsdam.de/geofon/usp2022nlax dt_s=0.900 dist_km=0.304 picks<=400.0km=0
NO_MATCH: 2022-08-28T11:50:00Z -> data/sisbra_all_w24/20220828T115000_row5106
[3107/3570] SISBRA 2022-09-01T07:12:36 lat=-12.570 lon=-55.690 mag=2.9 window=+/-120.0s r=1.0deg
MATCHED: 2022-07-31T19:39:58Z -> data/sisbra_all_w24/20220731T193958_usp2022oxab_row5082 picks=4
[3108/3570] SISBRA 2022-09-02T03:57:41 lat=-16.480 lon=-52.950 mag=2.8 window=+/-120.0s r=1.0deg
  candidates=1 scored=1
MATCHED: 2022-07-11T00:55:29Z -> data/sisbra_all_w24/20220711T005529_usp2022nlax_row5065 picks=0
[3109/3570] SISBRA 2022-09-05T19:16:17 lat=-19.610 lon=-44.290 mag=2.3 window=+/-120.0s r=1.0deg
  best=smi:org.gfz-potsdam.de/geofon/usp2022oegv dt_s=0.253 dist_km=0.340 picks<=400.0km=9
NO_MATCH: 2022-08-31T15:02:49Z -> data/sisbra_all_w24/20220831T150249_row5107
[3110/3570] SISBRA 2022-09-07T08:28:41 lat=-8.880 lon=-40.360 mag=2.4 window=+/-120.0s r=1.0deg
  candidates=1 scored=1
NO_MATCH: 2022-08-31T16:04:23Z -> data/sisbra_all_w24/20220831T160423_row5108
[3111/3570] SISBRA 2022-09-07T08:29:00 lat=-8.790 lon=-40.370 mag=2.5 window=+/-120.0s r=1.0deg
  best=smi:org.gfz-potsdam.de/geofon/usp2022oxpu dt_s=0.917 dist_km=0.084 picks<=400.0km=5
  candidates=1 scored=1
  best=smi:org.gfz-potsdam.de/geofon/usp2022otlf dt_s=0.612 dist_km=0.726 picks<=400.0km=11
MATCHED: 2022-08-01T03:36:25Z -> data/sisbra_all_w24/20220801T033625_usp2022oxpu_row5084 picks=5
[3112/3570] SISBRA 2022-09-08T14:25:09 lat=-22.920 lon=-47.710 mag=2.6 window=+/-120.0s r=1.0deg
NO_MATCH: 2022-09-05T19:16:17Z -> data/sisbra_all_w24/20220905T191617_row5111
[3113/3570] SISBRA 2022-09-09T15:02:20 lat=-10.550 lon=-40.600 mag=2.1 window=+/-120.0s r=1.0deg
MATCHED: 2022-07-21T13:30:06Z -> data/sisbra_all_w24/20220721T133006_usp2022oegv_row5072 picks=9
[3114/3570] SISBRA 2022-09-12T19:27:13 lat=-3.770 lon=-40.640 mag=2.1 window=+/-120.0s r=1.0deg
MATCHED: 2022-07-29T20:44:51Z -> data/sisbra_all_w24/20220729T204451_usp2022otlf_row5078 picks=11
[3115/3570] SISBRA 2022-09-12T19:45:39 lat=-8.540 lon=-37.080 mag=2.0 window=+/-120.0s r=1.0deg
NO_MATCH: 2022-09-08T14:25:09Z -> data/sisbra_all_w24/20220908T142509_row5114
[3116/3570] SISBRA 2022-09-14T01:44:35 lat=-16.700 lon=-59.040 mag=3.5 window=+/-120.0s r=1.0deg
NO_MATCH: 2022-09-09T15:02:20Z -> data/sisbra_all_w24/20220909T150220_row5115
[3117/3570] SISBRA 2022-09-15T20:21:32 lat=-18.750 lon=-48.220 mag=2.9 window=+/-120.0s r=1.0deg
  candidates=1 scored=1
  best=smi:org.gfz-potsdam.de/geofon/usp2022pgdq dt_s=0.797 dist_km=0.371 picks<=400.0km=3
  candidates=1 scored=1
  best=smi:org.gfz-potsdam.de/geofon/usp2022pdqg dt_s=0.627 dist_km=0.290 picks<=400.0km=10
MATCHED: 2022-08-05T19:41:48Z -> data/sisbra_all_w24/20220805T194148_usp2022pgdq_row5091 picks=3
[3118/3570] SISBRA 2022-09-19T03:43:21 lat=-9.850 lon=-39.900 mag=2.1 window=+/-120.0s r=1.0deg
MATCHED: 2022-08-04T10:39:29Z -> data/sisbra_all_w24/20220804T103929_usp2022pdqg_row5088 picks=10
[3119/3570] SISBRA 2022-09-19T21:59:00 lat=-9.850 lon=-39.910 mag=2.0 window=+/-120.0s r=1.0deg
  candidates=1 scored=1
  best=smi:org.gfz-potsdam.de/geofon/usp2022piqb dt_s=0.574 dist_km=0.170 picks<=400.0km=3
  candidates=1 scored=1
  best=smi:org.gfz-potsdam.de/geofon/usp2022piqe dt_s=0.868 dist_km=0.415 picks<=400.0km=4
  candidates=1 scored=1
  best=smi:org.gfz-potsdam.de/geofon/usp2022pfsk dt_s=0.463 dist_km=0.455 picks<=400.0km=5
MATCHED: 2022-08-07T04:17:32Z -> data/sisbra_all_w24/20220807T041732_usp2022piqe_row5093 picks=4
[3120/3570] SISBRA 2022-09-20T19:10:46 lat=-14.160 lon=-39.800 mag=2.2 window=+/-120.0s r=1.0deg
MATCHED: 2022-08-07T04:14:26Z -> data/sisbra_all_w24/20220807T041426_usp2022piqb_row5092 picks=3
[3121/3570] SISBRA 2022-09-20T21:07:34 lat=-24.410 lon=-48.050 mag=2.6 window=+/-120.0s r=1.0deg
MATCHED: 2022-08-05T14:01:27Z -> data/sisbra_all_w24/20220805T140127_usp2022pfsk_row5090 picks=5
[3122/3570] SISBRA 2022-09-21T08:50:54 lat=-21.680 lon=-46.700 mag=2.7 window=+/-120.0s r=1.0deg
NO_MATCH: 2022-09-19T21:59:00Z -> data/sisbra_all_w24/20220919T215900_row5121
[3123/3570] SISBRA 2022-09-22T18:15:16 lat=-11.240 lon=-40.510 mag=2.1 window=+/-120.0s r=1.0deg
NO_MATCH: 2022-09-19T03:43:21Z -> data/sisbra_all_w24/20220919T034321_row5120
[3124/3570] SISBRA 2022-09-23T16:01:20 lat=-14.160 lon=-39.790 mag=2.0 window=+/-120.0s r=1.0deg
NO_MATCH: 2022-09-20T19:10:46Z -> data/sisbra_all_w24/20220920T191046_row5122
[3125/3570] SISBRA 2022-09-26T18:42:14 lat=-14.180 lon=-39.190 mag=2.0 window=+/-120.0s r=1.0deg
  candidates=1 scored=1
  best=smi:org.gfz-potsdam.de/geofon/usp2022recp dt_s=1.421 dist_km=6.259 picks<=400.0km=3
NO_MATCH: 2022-09-20T21:07:34Z -> data/sisbra_all_w24/20220920T210734_row5123
[3126/3570] SISBRA 2022-09-27T11:58:39 lat=-30.770 lon=-51.830 mag=2.1 window=+/-120.0s r=1.0deg
MATCHED: 2022-09-02T03:57:41Z -> data/sisbra_all_w24/20220902T035742_usp2022recp_row5110 picks=3
[3127/3570] SISBRA 2022-09-27T15:24:29 lat=-25.010 lon=-48.060 mag=2.0 window=+/-120.0s r=1.0deg
NO_MATCH: 2022-09-23T16:01:20Z -> data/sisbra_all_w24/20220923T160120_row5126
[3128/3570] SISBRA 2022-09-28T18:20:49 lat=-8.980 lon=-35.780 mag=2.1 window=+/-120.0s r=1.0deg
NO_MATCH: 2022-09-22T18:15:16Z -> data/sisbra_all_w24/20220922T181516_row5125
[3129/3570] SISBRA 2022-09-28T21:15:37 lat=-25.820 lon=-56.980 mag=3.2 window=+/-120.0s r=1.0deg
  candidates=1 scored=1
  best=smi:org.gfz-potsdam.de/geofon/usp2022qnxi dt_s=0.872 dist_km=0.595 picks<=400.0km=3
NO_MATCH: 2022-09-26T18:42:14Z -> data/sisbra_all_w24/20220926T184214_row5127
[3130/3570] SISBRA 2022-09-30T19:34:49 lat=-5.610 lon=-36.230 mag=2.0 window=+/-120.0s r=1.0deg
  candidates=1 scored=1
  best=smi:org.gfz-potsdam.de/geofon/usp2022sdcp dt_s=0.420 dist_km=1.072 picks<=400.0km=4
MATCHED: 2022-08-24T07:08:00Z -> data/sisbra_all_w24/20220824T070800_usp2022qnxi_row5104 picks=3
[3131/3570] SISBRA 2022-10-01T01:16:41 lat=-12.620 lon=-40.270 mag=1.7 window=+/-120.0s r=1.0deg
  candidates=1 scored=1
MATCHED: 2022-09-15T20:21:32Z -> data/sisbra_all_w24/20220915T202132_usp2022sdcp_row5119 picks=4
[3132/3570] SISBRA 2022-10-01T06:23:55 lat=-7.950 lon=-74.530 mag=4.7 window=+/-120.0s r=1.0deg
  best=smi:org.gfz-potsdam.de/geofon/usp2022lcti dt_s=0.357 dist_km=59.725 picks<=400.0km=2
NO_MATCH: 2022-09-30T19:34:49Z -> data/sisbra_all_w24/20220930T193449_row5132
[3133/3570] SISBRA 2022-10-06T16:29:24 lat=-14.820 lon=-58.780 mag=2.7 window=+/-120.0s r=1.0deg
  candidates=1 scored=1
  best=smi:org.gfz-potsdam.de/geofon/usp2022qkvt dt_s=0.885 dist_km=0.564 picks<=400.0km=7
MATCHED: 2022-06-08T00:55:45Z -> data/sisbra_all_w24/20220608T005545_usp2022lcti_row5035 picks=2
[3134/3570] SISBRA 2022-10-08T17:58:51 lat=-11.310 lon=-40.450 mag=2.3 window=+/-120.0s r=1.0deg
MATCHED: 2022-08-22T14:55:53Z -> data/sisbra_all_w24/20220822T145553_usp2022qkvt_row5102 picks=7
[3135/3570] SISBRA 2022-10-10T06:35:35 lat=-17.380 lon=-52.140 mag=2.1 window=+/-120.0s r=1.0deg
NO_MATCH: 2022-10-06T16:29:24Z -> data/sisbra_all_w24/20221006T162924_row5135
[3136/3570] SISBRA 2022-10-11T15:03:23 lat=-22.340 lon=-47.940 mag=2.7 window=+/-120.0s r=1.0deg
  candidates=1 scored=1
  candidates=1 scored=1
  best=smi:org.gfz-potsdam.de/geofon/usp2022rxoh dt_s=0.473 dist_km=0.580 picks<=400.0km=3
  best=smi:org.gfz-potsdam.de/geofon/usp2022pxqw dt_s=0.366 dist_km=45.851 picks<=400.0km=1
MATCHED: 2022-09-12T19:27:13Z -> data/sisbra_all_w24/20220912T192713_usp2022rxoh_row5116 picks=3
[3137/3570] SISBRA 2022-10-12T15:03:29 lat=-5.060 lon=-40.890 mag=2.1 window=+/-120.0s r=1.0deg
NO_MATCH: 2022-10-11T15:03:23Z -> data/sisbra_all_w24/20221011T150323_row5138
[3138/3570] SISBRA 2022-10-15T15:13:12 lat=-13.660 lon=-56.490 mag=2.8 window=+/-120.0s r=1.0deg
MATCHED: 2022-08-15T09:41:03Z -> data/sisbra_all_w24/20220815T094103_usp2022pxqw_row5097 picks=1
[3139/3570] SISBRA 2022-10-16T12:18:24 lat=-19.780 lon=-44.170 mag=2.5 window=+/-120.0s r=1.0deg
  candidates=1 scored=1
  best=smi:org.gfz-potsdam.de/geofon/usp2022qfro dt_s=3.404 dist_km=29.424 picks<=400.0km=2
MATCHED: 2022-08-19T19:06:52Z -> data/sisbra_all_w24/20220819T190648_usp2022qfro_row5100 picks=2
[3140/3570] SISBRA 2022-10-16T14:24:20 lat=-5.400 lon=-36.170 mag=2.1 window=+/-120.0s r=1.0deg
NO_MATCH: 2022-10-16T12:18:24Z -> data/sisbra_all_w24/20221016T121824_row5141
[3141/3570] SISBRA 2022-10-17T20:43:59 lat=-5.660 lon=-35.980 mag=2.3 window=+/-120.0s r=1.0deg
NO_MATCH: 2022-10-15T15:13:12Z -> data/sisbra_all_w24/20221015T151312_row5140
[3142/3570] SISBRA 2022-10-17T20:44:01 lat=-5.550 lon=-36.010 mag=2.6 window=+/-120.0s r=1.0deg
  candidates=1 scored=1
  best=smi:org.gfz-potsdam.de/geofon/usp2022owyy dt_s=2.228 dist_km=49.310 picks<=400.0km=4
  candidates=1 scored=1
  best=smi:org.gfz-potsdam.de/geofon/usp2022rcnn dt_s=0.024 dist_km=0.578 picks<=400.0km=2
  candidates=1 scored=1
  best=smi:org.gfz-potsdam.de/geofon/usp2022teww dt_s=0.319 dist_km=0.651 picks<=400.0km=3
  candidates=1 scored=1
  best=smi:org.gfz-potsdam.de/geofon/usp2022syqv dt_s=0.068 dist_km=0.352 picks<=400.0km=2
  candidates=1 scored=1
  candidates=1 scored=1
  best=smi:org.gfz-potsdam.de/geofon/usp2022syka dt_s=0.284 dist_km=0.229 picks<=400.0km=3
  candidates=1 scored=1
  best=smi:org.gfz-potsdam.de/geofon/usp2022qeyq dt_s=0.620 dist_km=2.720 picks<=400.0km=4
  best=smi:org.gfz-potsdam.de/geofon/usp2022tasd dt_s=0.131 dist_km=0.095 picks<=400.0km=4
MATCHED: 2022-09-01T07:12:36Z -> data/sisbra_all_w24/20220901T071235_usp2022rcnn_row5109 picks=2
[3143/3570] SISBRA 2022-10-19T21:55:29 lat=-14.000 lon=-40.100 mag=2.7 window=+/-120.0s r=1.0deg
MATCHED: 2022-09-27T15:24:29Z -> data/sisbra_all_w24/20220927T152429_usp2022syqv_row5129 picks=2
[3144/3570] SISBRA 2022-10-20T21:57:11 lat=-19.560 lon=-43.970 mag=1.8 window=+/-120.0s r=1.0deg
MATCHED: 2022-07-31T19:05:27Z -> data/sisbra_all_w24/20220731T190529_usp2022owyy_row5080 picks=4
[3145/3570] SISBRA 2022-10-21T22:59:17 lat=-19.970 lon=-49.550 mag=2.9 window=+/-120.0s r=1.0deg
MATCHED: 2022-10-01T01:16:41Z -> data/sisbra_all_w24/20221001T011641_usp2022teww_row5133 picks=3
[3146/3570] SISBRA 2022-10-24T15:48:55 lat=-5.690 lon=-38.740 mag=2.7 window=+/-120.0s r=1.0deg
MATCHED: 2022-09-27T11:58:39Z -> data/sisbra_all_w24/20220927T115839_usp2022syka_row5128 picks=3
[3147/3570] SISBRA 2022-10-28T15:54:47 lat=-27.230 lon=-50.000 mag=2.2 window=+/-120.0s r=1.0deg
MATCHED: 2022-09-28T18:20:49Z -> data/sisbra_all_w24/20220928T182049_usp2022tasd_row5130 picks=4
[3148/3570] SISBRA 2022-10-29T13:34:43 lat=-16.200 lon=-55.930 mag=2.9 window=+/-120.0s r=1.0deg
MATCHED: 2022-08-19T09:33:16Z -> data/sisbra_all_w24/20220819T093316_usp2022qeyq_row5099 picks=4
[3149/3570] SISBRA 2022-10-30T04:08:48 lat=-4.580 lon=-37.780 mag=2.0 window=+/-120.0s r=1.0deg
  candidates=1 scored=1
  best=smi:org.gfz-potsdam.de/geofon/usp2022plxa dt_s=1.955 dist_km=0.528 picks<=400.0km=5
MATCHED: 2022-08-08T23:09:46Z -> data/sisbra_all_w24/20220808T230947_usp2022plxa_row5094 picks=5
[3150/3570] SISBRA 2022-11-01T10:57:41 lat=-18.060 lon=-50.810 mag=2.4 window=+/-120.0s r=1.0deg
  candidates=1 scored=1
NO_MATCH: 2022-10-21T22:59:17Z -> data/sisbra_all_w24/20221021T225917_row5147
[3151/3570] SISBRA 2022-11-03T07:42:22 lat=-5.940 lon=-50.620 mag=3.1 window=+/-120.0s r=1.0deg
  best=smi:org.gfz-potsdam.de/geofon/usp2022rxox dt_s=0.088 dist_km=0.471 picks<=400.0km=7
  candidates=1 scored=1
  best=smi:org.gfz-potsdam.de/geofon/usp2022tvsx dt_s=0.171 dist_km=0.507 picks<=400.0km=1
NO_MATCH: 2022-10-20T21:57:11Z -> data/sisbra_all_w24/20221020T215711_row5146
[3152/3570] SISBRA 2022-11-03T07:57:58 lat=-5.940 lon=-50.620 mag=3.4 window=+/-120.0s r=1.0deg
  candidates=1 scored=1
  best=smi:org.gfz-potsdam.de/geofon/usp2022pboq dt_s=1.165 dist_km=3.613 picks<=400.0km=1
MATCHED: 2022-09-12T19:45:39Z -> data/sisbra_all_w24/20220912T194539_usp2022rxox_row5117 picks=7
[3153/3570] SISBRA 2022-11-03T13:47:00 lat=-7.940 lon=-40.220 mag=2.0 window=+/-120.0s r=1.0deg
MATCHED: 2022-10-10T06:35:35Z -> data/sisbra_all_w24/20221010T063535_usp2022tvsx_row5137 picks=1
[3154/3570] SISBRA 2022-11-03T15:01:35 lat=-10.880 lon=-39.330 mag=2.3 window=+/-120.0s r=1.0deg
MATCHED: 2022-08-03T07:33:36Z -> data/sisbra_all_w24/20220803T073334_usp2022pboq_row5086 picks=1
[3155/3570] SISBRA 2022-11-06T05:08:44 lat=-24.690 lon=-48.020 mag=1.8 window=+/-120.0s r=1.0deg
  candidates=1 scored=1
  best=smi:org.gfz-potsdam.de/geofon/usp2022tsyl dt_s=0.543 dist_km=0.522 picks<=400.0km=4
  candidates=1 scored=1
  best=smi:org.gfz-potsdam.de/geofon/usp2022uhhk dt_s=0.345 dist_km=0.254 picks<=400.0km=3
MATCHED: 2022-10-08T17:58:51Z -> data/sisbra_all_w24/20221008T175851_usp2022tsyl_row5136 picks=4
[3156/3570] SISBRA 2022-11-10T11:51:56 lat=-10.140 lon=-36.890 mag=2.0 window=+/-120.0s r=1.0deg
NO_MATCH: 2022-11-03T13:47:00Z -> data/sisbra_all_w24/20221103T134700_row5155
[3157/3570] SISBRA 2022-11-11T05:50:46 lat=-7.210 lon=-50.570 mag=3.0 window=+/-120.0s r=1.0deg
  candidates=1 scored=1
  best=smi:org.gfz-potsdam.de/geofon/usp2022ujpl dt_s=1.049 dist_km=12.809 picks<=400.0km=3
MATCHED: 2022-10-16T14:24:20Z -> data/sisbra_all_w24/20221016T142420_usp2022uhhk_row5142 picks=3
[3158/3570] SISBRA 2022-11-11T12:34:46 lat=-8.580 lon=-71.360 mag=4.9 window=+/-120.0s r=1.0deg
MATCHED: 2022-10-17T20:44:01Z -> data/sisbra_all_w24/20221017T204359_usp2022ujpl_row5144 picks=3
[3159/3570] SISBRA 2022-11-12T21:29:15 lat=-19.480 lon=-44.270 mag=2.4 window=+/-120.0s r=1.0deg
NO_MATCH: 2022-11-10T11:51:56Z -> data/sisbra_all_w24/20221110T115156_row5158
[3160/3570] SISBRA 2022-11-16T02:51:16 lat=-6.590 lon=-50.080 mag=2.8 window=+/-120.0s r=1.0deg
  candidates=1 scored=1
  candidates=1 scored=1
  candidates=1 scored=1
  best=smi:org.gfz-potsdam.de/geofon/usp2022rnpb dt_s=18.519 dist_km=10.053 picks<=400.0km=7
  best=smi:org.gfz-potsdam.de/geofon/usp2022taxx dt_s=0.724 dist_km=0.394 picks<=400.0km=5
  best=smi:org.gfz-potsdam.de/geofon/usp2022rnpb dt_s=0.481 dist_km=0.099 picks<=400.0km=7
NO_MATCH: 2022-11-11T05:50:46Z -> data/sisbra_all_w24/20221111T055046_row5159
[3161/3570] SISBRA 2022-11-18T03:30:34 lat=-19.530 lon=-44.060 mag=1.9 window=+/-120.0s r=1.0deg
  candidates=1 scored=1
  best=smi:org.gfz-potsdam.de/geofon/usp2022uaar dt_s=0.840 dist_km=0.223 picks<=400.0km=4
MATCHED: 2022-09-28T21:15:37Z -> data/sisbra_all_w24/20220928T211537_usp2022taxx_row5131 picks=5
[3162/3570] SISBRA 2022-11-20T03:36:47 lat=-16.640 lon=-50.480 mag=2.3 window=+/-120.0s r=1.0deg
MATCHED: 2022-09-07T08:29:00Z -> data/sisbra_all_w24/20220907T082841_usp2022rnpb_row5113 picks=7
[3163/3570] SISBRA 2022-11-20T09:32:20 lat=-11.350 lon=-40.310 mag=1.7 window=+/-120.0s r=1.0deg
MATCHED: 2022-09-07T08:28:41Z -> data/sisbra_all_w24/20220907T082841_usp2022rnpb_row5112 picks=7
[3164/3570] SISBRA 2022-11-22T16:34:21 lat=-19.520 lon=-44.010 mag=2.1 window=+/-120.0s r=1.0deg
MATCHED: 2022-10-12T15:03:29Z -> data/sisbra_all_w24/20221012T150329_usp2022uaar_row5139 picks=4
[3165/3570] SISBRA 2022-11-23T15:02:48 lat=-8.830 lon=-36.480 mag=1.9 window=+/-120.0s r=1.0deg
NO_MATCH: 2022-11-16T02:51:16Z -> data/sisbra_all_w24/20221116T025116_row5162
[3166/3570] SISBRA 2022-11-24T02:02:35 lat=-19.520 lon=-44.170 mag=2.2 window=+/-120.0s r=1.0deg
NO_MATCH: 2022-11-18T03:30:34Z -> data/sisbra_all_w24/20221118T033034_row5163
[3167/3570] SISBRA 2022-11-24T21:57:03 lat=-18.450 lon=-44.210 mag=3.0 window=+/-120.0s r=1.0deg
  candidates=1 scored=1
  best=smi:org.gfz-potsdam.de/geofon/usp2022lcvf dt_s=0.513 dist_km=6.770 picks<=400.0km=2
MATCHED: 2022-06-08T01:53:28Z -> data/sisbra_all_w24/20220608T015328_usp2022lcvf_row5036 picks=2
[3168/3570] SISBRA 2022-11-27T09:24:42 lat=-8.320 lon=-36.040 mag=1.9 window=+/-120.0s r=1.0deg
  candidates=1 scored=1
  best=smi:org.gfz-potsdam.de/geofon/usp2022snev dt_s=0.189 dist_km=2.213 picks<=400.0km=11
  candidates=1 scored=1
  best=smi:org.gfz-potsdam.de/geofon/usp2022vnrs dt_s=0.193 dist_km=0.162 picks<=400.0km=4
MATCHED: 2022-09-21T08:50:54Z -> data/sisbra_all_w24/20220921T085054_usp2022snev_row5124 picks=11
[3169/3570] SISBRA 2022-11-27T20:07:12 lat=-33.650 lon=-55.830 mag=3.6 window=+/-120.0s r=1.0deg
  candidates=1 scored=1
  candidates=1 scored=1
  best=smi:org.gfz-potsdam.de/geofon/usp2022wswj dt_s=0.838 dist_km=0.377 picks<=400.0km=2
  candidates=1 scored=1
  best=smi:org.gfz-potsdam.de/geofon/usp2022vsyq dt_s=0.381 dist_km=0.317 picks<=400.0km=6
  best=smi:org.gfz-potsdam.de/geofon/usp2022rzwg dt_s=0.122 dist_km=0.118 picks<=400.0km=6
MATCHED: 2022-11-20T09:32:20Z -> data/sisbra_all_w24/20221120T093220_usp2022wswj_row5165 picks=2
[3170/3570] SISBRA 2022-11-29T02:27:27 lat=-8.110 lon=-35.100 mag=2.0 window=+/-120.0s r=1.0deg
MATCHED: 2022-11-03T07:57:58Z -> data/sisbra_all_w24/20221103T075758_usp2022vnrs_row5154 picks=4
[3171/3570] SISBRA 2022-11-30T16:03:10 lat=-8.310 lon=-36.080 mag=1.4 window=+/-120.0s r=1.0deg
MATCHED: 2022-09-14T01:44:35Z -> data/sisbra_all_w24/20220914T014434_usp2022rzwg_row5118 picks=6
[3172/3570] SISBRA 2022-12-01T19:41:53 lat=-8.120 lon=-39.040 mag=1.9 window=+/-120.0s r=1.0deg
MATCHED: 2022-11-06T05:08:44Z -> data/sisbra_all_w24/20221106T050844_usp2022vsyq_row5157 picks=6
[3173/3570] SISBRA 2022-12-02T09:56:01 lat=-16.010 lon=-51.250 mag=2.8 window=+/-120.0s r=1.0deg
  candidates=1 scored=1
  best=smi:org.gfz-potsdam.de/geofon/usp2022ujpl dt_s=0.951 dist_km=0.372 picks<=400.0km=3
MATCHED: 2022-10-17T20:43:59Z -> data/sisbra_all_w24/20221017T204359_usp2022ujpl_row5143 picks=3
[3174/3570] SISBRA 2022-12-03T17:17:21 lat=-11.250 lon=-40.500 mag=2.5 window=+/-120.0s r=1.0deg
NO_MATCH: 2022-11-30T16:03:10Z -> data/sisbra_all_w24/20221130T160310_row5173
[3175/3570] SISBRA 2022-12-04T04:05:30 lat=-9.830 lon=-39.920 mag=2.0 window=+/-120.0s r=1.0deg
  candidates=1 scored=1
  best=smi:org.gfz-potsdam.de/geofon/usp2022vezh dt_s=0.144 dist_km=0.145 picks<=400.0km=1
MATCHED: 2022-10-29T13:34:43Z -> data/sisbra_all_w24/20221029T133443_usp2022vezh_row5150 picks=1
[3176/3570] SISBRA 2022-12-05T11:47:33 lat=-9.840 lon=-39.910 mag=2.7 window=+/-120.0s r=1.0deg
  candidates=1 scored=1
  best=smi:org.gfz-potsdam.de/geofon/usp2022vofr dt_s=0.089 dist_km=0.490 picks<=400.0km=3
  candidates=1 scored=1
  best=smi:org.gfz-potsdam.de/geofon/usp2022pway dt_s=0.509 dist_km=0.547 picks<=400.0km=1
MATCHED: 2022-11-03T15:01:35Z -> data/sisbra_all_w24/20221103T150135_usp2022vofr_row5156 picks=3
[3177/3570] SISBRA 2022-12-06T18:57:27 lat=-10.070 lon=-37.100 mag=1.9 window=+/-120.0s r=1.0deg
MATCHED: 2022-08-14T12:30:36Z -> data/sisbra_all_w24/20220814T123036_usp2022pway_row5096 picks=1
[3178/3570] SISBRA 2022-12-07T15:40:42 lat=-19.010 lon=-43.530 mag=2.2 window=+/-120.0s r=1.0deg
  candidates=1 scored=1
  best=smi:org.gfz-potsdam.de/geofon/usp2022wskq dt_s=0.514 dist_km=0.476 picks<=400.0km=2
MATCHED: 2022-11-20T03:36:47Z -> data/sisbra_all_w24/20221120T033647_usp2022wskq_row5164 picks=2
[3179/3570] SISBRA 2022-12-07T19:08:09 lat=-6.420 lon=-50.190 mag=3.0 window=+/-120.0s r=1.0deg
  candidates=1 scored=1
  best=smi:org.gfz-potsdam.de/geofon/usp2022wytu dt_s=0.370 dist_km=0.988 picks<=400.0km=9
  candidates=1 scored=1
  best=smi:org.gfz-potsdam.de/geofon/usp2022vdik dt_s=0.090 dist_km=0.237 picks<=400.0km=8
  candidates=1 scored=1
  best=smi:org.gfz-potsdam.de/geofon/usp2022vkgq dt_s=0.857 dist_km=0.408 picks<=400.0km=4
  candidates=1 scored=1
  best=smi:org.gfz-potsdam.de/geofon/usp2022vnre dt_s=0.300 dist_km=0.384 picks<=400.0km=4
NO_MATCH: 2022-12-07T19:08:09Z -> data/sisbra_all_w24/20221207T190809_row5181
[3180/3570] SISBRA 2022-12-08T11:01:48 lat=-9.920 lon=-39.860 mag=2.1 window=+/-120.0s r=1.0deg
MATCHED: 2022-11-23T15:02:48Z -> data/sisbra_all_w24/20221123T150248_usp2022wytu_row5167 picks=9
[3181/3570] SISBRA 2022-12-13T01:25:37 lat=-18.700 lon=-44.940 mag=2.3 window=+/-120.0s r=1.0deg
  candidates=1 scored=1
  best=smi:org.gfz-potsdam.de/geofon/usp2022xitw dt_s=0.735 dist_km=0.460 picks<=400.0km=4
  candidates=1 scored=1
  best=smi:org.gfz-potsdam.de/geofon/usp2022xnta dt_s=0.167 dist_km=0.131 picks<=400.0km=5
MATCHED: 2022-11-01T10:57:41Z -> data/sisbra_all_w24/20221101T105741_usp2022vkgq_row5152 picks=4
[3182/3570] SISBRA 2022-12-13T03:26:27 lat=-9.850 lon=-39.910 mag=2.1 window=+/-120.0s r=1.0deg
  candidates=1 scored=1
  best=smi:org.gfz-potsdam.de/geofon/usp2022wxbh dt_s=0.141 dist_km=0.039 picks<=400.0km=4
MATCHED: 2022-10-28T15:54:47Z -> data/sisbra_all_w24/20221028T155446_usp2022vdik_row5149 picks=8
[3183/3570] SISBRA 2022-12-14T01:28:44 lat=-11.210 lon=-40.500 mag=2.1 window=+/-120.0s r=1.0deg
MATCHED: 2022-11-03T07:42:22Z -> data/sisbra_all_w24/20221103T074222_usp2022vnre_row5153 picks=4
[3184/3570] SISBRA 2022-12-15T19:45:05 lat=-9.480 lon=-35.760 mag=2.1 window=+/-120.0s r=1.0deg
MATCHED: 2022-11-29T02:27:27Z -> data/sisbra_all_w24/20221129T022727_usp2022xitw_row5172 picks=4
[3185/3570] SISBRA 2022-12-19T13:31:08 lat=-28.110 lon=-50.500 mag=2.4 window=+/-120.0s r=1.0deg
MATCHED: 2022-12-01T19:41:53Z -> data/sisbra_all_w24/20221201T194153_usp2022xnta_row5174 picks=5
[3186/3570] SISBRA 2022-12-20T15:08:32 lat=-20.810 lon=-50.170 mag=2.9 window=+/-120.0s r=1.0deg
MATCHED: 2022-11-22T16:34:21Z -> data/sisbra_all_w24/20221122T163421_usp2022wxbh_row5166 picks=4
[3187/3570] SISBRA 2022-12-22T13:13:57 lat=-8.060 lon=-74.300 mag=5.5 window=+/-120.0s r=1.0deg
  candidates=1 scored=1
  best=smi:org.gfz-potsdam.de/geofon/usp2022wzpo dt_s=0.956 dist_km=0.537 picks<=400.0km=8
  candidates=1 scored=1
  best=smi:org.gfz-potsdam.de/geofon/usp2022wfdz dt_s=0.954 dist_km=7.267 picks<=400.0km=5
MATCHED: 2022-11-12T21:29:15Z -> data/sisbra_all_w24/20221112T212914_usp2022wfdz_row5161 picks=5
[3188/3570] SISBRA 2022-12-25T15:02:54 lat=-16.710 lon=-44.320 mag=2.4 window=+/-120.0s r=1.0deg
  candidates=1 scored=1
  best=smi:org.gfz-potsdam.de/geofon/usp2022vgcd dt_s=0.935 dist_km=0.565 picks<=400.0km=4
MATCHED: 2022-11-24T02:02:35Z -> data/sisbra_all_w24/20221124T020235_usp2022wzpo_row5168 picks=8
[3189/3570] SISBRA 2022-12-27T10:14:36 lat=-19.090 lon=-47.660 mag=2.3 window=+/-120.0s r=1.0deg
MATCHED: 2022-10-30T04:08:48Z -> data/sisbra_all_w24/20221030T040848_usp2022vgcd_row5151 picks=4
[3190/3570] SISBRA 2022-12-28T03:42:30 lat=-19.510 lon=-44.220 mag=2.9 window=+/-120.0s r=1.0deg
  candidates=1 scored=1
  best=smi:org.gfz-potsdam.de/geofon/usp2022xglv dt_s=0.157 dist_km=4.934 picks<=400.0km=5
NO_MATCH: 2022-12-27T10:14:36Z -> data/sisbra_all_w24/20221227T101436_row5191
[3191/3570] SISBRA 2022-12-28T13:52:47 lat=-19.510 lon=-44.220 mag=1.7 window=+/-120.0s r=1.0deg
  candidates=1 scored=1
  best=smi:org.gfz-potsdam.de/geofon/usp2022uwaf dt_s=0.284 dist_km=2.275 picks<=400.0km=5
MATCHED: 2022-11-27T20:07:12Z -> data/sisbra_all_w24/20221127T200712_usp2022xglv_row5171 picks=5
[3192/3570] SISBRA 2022-12-29T00:57:59 lat=-12.650 lon=-48.950 mag=3.4 window=+/-120.0s r=1.0deg
  candidates=1 scored=1
  best=smi:org.gfz-potsdam.de/geofon/usp2022xsaq dt_s=0.658 dist_km=0.406 picks<=400.0km=3
  candidates=1 scored=1
MATCHED: 2022-10-24T15:48:55Z -> data/sisbra_all_w24/20221024T154854_usp2022uwaf_row5148 picks=5
[3193/3570] SISBRA 2022-12-29T14:39:59 lat=-5.530 lon=-35.660 mag=2.1 window=+/-120.0s r=1.0deg
  best=smi:org.gfz-potsdam.de/geofon/usp2022xykb dt_s=0.528 dist_km=0.658 picks<=400.0km=5
MATCHED: 2022-12-04T04:05:30Z -> data/sisbra_all_w24/20221204T040530_usp2022xsaq_row5177 picks=3
[3194/3570] SISBRA 2022-12-29T19:55:00 lat=-10.550 lon=-40.590 mag=2.1 window=+/-120.0s r=1.0deg
MATCHED: 2022-12-07T15:40:42Z -> data/sisbra_all_w24/20221207T154042_usp2022xykb_row5180 picks=5
[3195/3570] SISBRA 2022-12-30T18:05:00 lat=-11.250 lon=-40.540 mag=2.4 window=+/-120.0s r=1.0deg
NO_MATCH: 2022-12-28T13:52:47Z -> data/sisbra_all_w24/20221228T135247_row5193
[3196/3570] SISBRA 2023-01-01T00:24:39 lat=-25.360 lon=-46.610 mag=2.6 window=+/-120.0s r=1.0deg
  candidates=1 scored=1
  best=smi:org.gfz-potsdam.de/geofon/usp2022uniu dt_s=0.744 dist_km=0.209 picks<=400.0km=2
NO_MATCH: 2022-12-29T14:39:59Z -> data/sisbra_all_w24/20221229T143959_row5195
[3197/3570] SISBRA 2023-01-04T11:42:48 lat=-19.730 lon=-43.980 mag=2.7 window=+/-120.0s r=1.0deg
  candidates=1 scored=1
MATCHED: 2022-10-19T21:55:29Z -> data/sisbra_all_w24/20221019T215529_usp2022uniu_row5145 picks=2
[3198/3570] SISBRA 2023-01-05T20:45:39 lat=-11.280 lon=-40.530 mag=2.7 window=+/-120.0s r=1.0deg
  best=smi:org.gfz-potsdam.de/geofon/usp2022tfha dt_s=1.350 dist_km=7.360 picks<=400.0km=2
NO_MATCH: 2022-12-29T19:55:00Z -> data/sisbra_all_w24/20221229T195500_row5196
[3199/3570] SISBRA 2023-01-06T05:09:23 lat=-9.860 lon=-39.820 mag=2.4 window=+/-120.0s r=1.0deg
MATCHED: 2022-10-01T06:23:55Z -> data/sisbra_all_w24/20221001T062353_usp2022tfha_row5134 picks=2
[3200/3570] SISBRA 2023-01-06T14:56:08 lat=-10.970 lon=-39.320 mag=2.0 window=+/-120.0s r=1.0deg
NO_MATCH: 2023-01-05T20:45:39Z -> data/sisbra_all_w24/20230105T204539_row5200
[3201/3570] SISBRA 2023-01-09T15:26:09 lat=-7.620 lon=-40.290 mag=2.2 window=+/-120.0s r=1.0deg
  candidates=1 scored=1
  best=smi:org.gfz-potsdam.de/geofon/usp2022xwvb dt_s=0.610 dist_km=0.443 picks<=400.0km=3
MATCHED: 2022-12-06T18:57:27Z -> data/sisbra_all_w24/20221206T185727_usp2022xwvb_row5179 picks=3
[3202/3570] SISBRA 2023-01-10T21:15:56 lat=-20.400 lon=-56.210 mag=2.1 window=+/-120.0s r=1.0deg
  candidates=1 scored=1
  best=smi:org.gfz-potsdam.de/geofon/usp2022ynie dt_s=0.827 dist_km=0.293 picks<=400.0km=3
  candidates=1 scored=1
  best=smi:org.gfz-potsdam.de/geofon/usp2023akhc dt_s=0.229 dist_km=0.449 picks<=400.0km=3
MATCHED: 2022-12-15T19:45:05Z -> data/sisbra_all_w24/20221215T194505_usp2022ynie_row5186 picks=3
[3203/3570] SISBRA 2023-01-12T15:18:18 lat=-17.970 lon=-47.790 mag=2.4 window=+/-120.0s r=1.0deg
  candidates=1 scored=1
MATCHED: 2023-01-06T14:56:08Z -> data/sisbra_all_w24/20230106T145607_usp2023akhc_row5202 picks=3
[3204/3570] SISBRA 2023-01-12T20:51:51 lat=-3.920 lon=-40.150 mag=2.1 window=+/-120.0s r=1.0deg
  best=smi:org.gfz-potsdam.de/geofon/usp2022xove dt_s=0.028 dist_km=0.432 picks<=400.0km=2
  candidates=1 scored=1
  best=smi:org.gfz-potsdam.de/geofon/usp2022yudv dt_s=0.344 dist_km=0.347 picks<=400.0km=5
  candidates=1 scored=1
  best=smi:org.gfz-potsdam.de/geofon/usp2022xbcy dt_s=0.052 dist_km=13.452 picks<=400.0km=12
MATCHED: 2022-12-19T13:31:08Z -> data/sisbra_all_w24/20221219T133107_usp2022yudv_row5187 picks=5
[3205/3570] SISBRA 2023-01-16T17:33:55 lat=-11.320 lon=-40.450 mag=2.4 window=+/-120.0s r=1.0deg
MATCHED: 2022-12-02T09:56:01Z -> data/sisbra_all_w24/20221202T095601_usp2022xove_row5175 picks=2
[3206/3570] SISBRA 2023-01-17T00:22:56 lat=-19.120 lon=-47.650 mag=2.1 window=+/-120.0s r=1.0deg
  candidates=1 scored=1
  best=smi:org.gfz-potsdam.de/geofon/usp2022yigx dt_s=0.277 dist_km=0.548 picks<=400.0km=5
MATCHED: 2022-11-24T21:57:03Z -> data/sisbra_all_w24/20221124T215703_usp2022xbcy_row5169 picks=12
[3207/3570] SISBRA 2023-01-17T09:59:25 lat=-8.100 lon=-71.250 mag=4.4 window=+/-120.0s r=1.0deg
MATCHED: 2022-12-13T01:25:37Z -> data/sisbra_all_w24/20221213T012537_usp2022yigx_row5183 picks=5
[3208/3570] SISBRA 2023-01-17T21:27:18 lat=-11.270 lon=-40.500 mag=2.5 window=+/-120.0s r=1.0deg
  candidates=1 scored=1
  best=smi:org.gfz-potsdam.de/geofon/usp2022xrfg dt_s=0.787 dist_km=0.312 picks<=400.0km=3
  candidates=1 scored=1
  best=smi:org.gfz-potsdam.de/geofon/usp2022zjvy dt_s=0.656 dist_km=0.669 picks<=400.0km=10
NO_MATCH: 2023-01-17T00:22:56Z -> data/sisbra_all_w24/20230117T002256_row5208
[3209/3570] SISBRA 2023-01-20T07:20:59 lat=1.360 lon=-55.780 mag=3.4 window=+/-120.0s r=1.0deg
  candidates=1 scored=1
  best=smi:org.gfz-potsdam.de/geofon/usp2022yikw dt_s=0.849 dist_km=0.230 picks<=400.0km=3
NO_MATCH: 2023-01-17T21:27:18Z -> data/sisbra_all_w24/20230117T212718_row5210
[3210/3570] SISBRA 2023-01-21T04:08:27 lat=-21.100 lon=-44.120 mag=3.0 window=+/-120.0s r=1.0deg
MATCHED: 2022-12-03T17:17:21Z -> data/sisbra_all_w24/20221203T171721_usp2022xrfg_row5176 picks=3
[3211/3570] SISBRA 2023-01-21T04:48:12 lat=-21.010 lon=-44.180 mag=2.5 window=+/-120.0s r=1.0deg
MATCHED: 2022-12-28T03:42:30Z -> data/sisbra_all_w24/20221228T034230_usp2022zjvy_row5192 picks=10
[3212/3570] SISBRA 2023-01-21T05:58:29 lat=-21.090 lon=-44.130 mag=1.9 window=+/-120.0s r=1.0deg
MATCHED: 2022-12-13T03:26:27Z -> data/sisbra_all_w24/20221213T032627_usp2022yikw_row5184 picks=3
[3213/3570] SISBRA 2023-01-23T02:34:49 lat=-6.400 lon=-50.070 mag=3.9 window=+/-120.0s r=1.0deg
  candidates=1 scored=1
  best=smi:org.gfz-potsdam.de/geofon/usp2022xzwj dt_s=0.133 dist_km=0.295 picks<=400.0km=4
NO_MATCH: 2023-01-20T07:20:59Z -> data/sisbra_all_w24/20230120T072059_row5211
[3214/3570] SISBRA 2023-01-23T10:20:43 lat=-21.280 lon=-48.510 mag=2.0 window=+/-120.0s r=1.0deg
  candidates=1 scored=1
  best=smi:org.gfz-potsdam.de/geofon/usp2022zffw dt_s=0.760 dist_km=0.531 picks<=400.0km=5
  candidates=1 scored=1
MATCHED: 2022-12-08T11:01:48Z -> data/sisbra_all_w24/20221208T110148_usp2022xzwj_row5182 picks=4
[3215/3570] SISBRA 2023-01-23T14:58:14 lat=-20.340 lon=-45.660 mag=2.6 window=+/-120.0s r=1.0deg
  best=smi:org.gfz-potsdam.de/geofon/usp2022ykcm dt_s=0.742 dist_km=0.322 picks<=400.0km=2
MATCHED: 2022-12-25T15:02:54Z -> data/sisbra_all_w24/20221225T150254_usp2022zffw_row5190 picks=5
[3216/3570] SISBRA 2023-01-26T13:08:33 lat=-20.990 lon=-48.590 mag=2.2 window=+/-120.0s r=1.0deg
  candidates=1 scored=1
  best=smi:org.gfz-potsdam.de/geofon/usp2023bcti dt_s=0.256 dist_km=0.537 picks<=400.0km=3
MATCHED: 2022-12-14T01:28:44Z -> data/sisbra_all_w24/20221214T012844_usp2022ykcm_row5185 picks=2
[3217/3570] SISBRA 2023-01-27T10:07:00 lat=-9.840 lon=-39.880 mag=2.2 window=+/-120.0s r=1.0deg
  candidates=1 scored=1
  best=smi:org.gfz-potsdam.de/geofon/usp2022xfqq dt_s=0.363 dist_km=5.300 picks<=400.0km=7
NO_MATCH: 2023-01-27T10:07:00Z -> data/sisbra_all_w24/20230127T100700_row5219
[3218/3570] SISBRA 2023-01-29T18:39:20 lat=-11.270 lon=-40.500 mag=2.1 window=+/-120.0s r=1.0deg
MATCHED: 2023-01-16T17:33:55Z -> data/sisbra_all_w24/20230116T173354_usp2023bcti_row5207 picks=3
[3219/3570] SISBRA 2023-01-30T04:28:49 lat=-18.960 lon=-56.550 mag=3.2 window=+/-120.0s r=1.0deg
  candidates=1 scored=1
  best=smi:org.gfz-potsdam.de/geofon/usp2022zlma dt_s=2.669 dist_km=9.145 picks<=400.0km=0
  candidates=1 scored=1
  best=smi:org.gfz-potsdam.de/geofon/usp2022ywco dt_s=1.187 dist_km=5.297 picks<=400.0km=7
MATCHED: 2022-11-27T09:24:42Z -> data/sisbra_all_w24/20221127T092442_usp2022xfqq_row5170 picks=7
[3220/3570] SISBRA 2023-01-30T22:35:19 lat=-21.230 lon=-50.180 mag=2.4 window=+/-120.0s r=1.0deg
  candidates=1 scored=1
  best=smi:org.gfz-potsdam.de/geofon/usp2023avrv dt_s=0.280 dist_km=0.182 picks<=400.0km=4
MATCHED: 2022-12-20T15:08:32Z -> data/sisbra_all_w24/20221220T150830_usp2022ywco_row5188 picks=7
[3221/3570] SISBRA 2023-02-01T01:35:36 lat=-21.670 lon=-46.700 mag=2.9 window=+/-120.0s r=1.0deg
MATCHED: 2022-12-29T00:57:59Z -> data/sisbra_all_w24/20221229T005756_usp2022zlma_row5194 picks=0
[3222/3570] SISBRA 2023-02-01T18:03:28 lat=-3.970 lon=-40.210 mag=2.2 window=+/-120.0s r=1.0deg
MATCHED: 2023-01-12T20:51:51Z -> data/sisbra_all_w24/20230112T205150_usp2023avrv_row5206 picks=4
[3223/3570] SISBRA 2023-02-03T04:17:54 lat=-16.470 lon=-60.050 mag=3.2 window=+/-120.0s r=1.0deg
NO_MATCH: 2023-01-29T18:39:20Z -> data/sisbra_all_w24/20230129T183920_row5220
[3224/3570] SISBRA 2023-02-04T05:37:38 lat=-21.270 lon=-48.500 mag=2.3 window=+/-120.0s r=1.0deg
  candidates=1 scored=1
  best=smi:org.gfz-potsdam.de/geofon/usp2023asbq dt_s=0.184 dist_km=0.519 picks<=400.0km=5
  candidates=1 scored=1
  best=smi:org.gfz-potsdam.de/geofon/usp2023avgv dt_s=0.079 dist_km=0.475 picks<=400.0km=4
MATCHED: 2023-01-10T21:15:56Z -> data/sisbra_all_w24/20230110T211555_usp2023asbq_row5204 picks=5
[3225/3570] SISBRA 2023-02-05T12:54:00 lat=-11.270 lon=-40.530 mag=2.7 window=+/-120.0s r=1.0deg
  candidates=1 scored=1
  best=smi:org.gfz-potsdam.de/geofon/usp2022zopl dt_s=48.801 dist_km=10.698 picks<=400.0km=3
MATCHED: 2023-01-12T15:18:18Z -> data/sisbra_all_w24/20230112T151818_usp2023avgv_row5205 picks=4
[3226/3570] SISBRA 2023-02-05T20:45:37 lat=-11.280 lon=-40.520 mag=2.4 window=+/-120.0s r=1.0deg
MATCHED: 2022-12-30T18:05:00Z -> data/sisbra_all_w24/20221230T180548_usp2022zopl_row5197 picks=3
[3227/3570] SISBRA 2023-02-06T02:23:27 lat=-21.090 lon=-48.630 mag=2.4 window=+/-120.0s r=1.0deg
  candidates=1 scored=1
NO_MATCH: 2023-02-05T12:54:00Z -> data/sisbra_all_w24/20230205T125400_row5227
[3228/3570] SISBRA 2023-02-06T05:36:42 lat=-21.000 lon=-48.620 mag=2.5 window=+/-120.0s r=1.0deg
  best=smi:org.gfz-potsdam.de/geofon/usp2022xulj dt_s=0.528 dist_km=0.292 picks<=400.0km=4
MATCHED: 2022-12-05T11:47:33Z -> data/sisbra_all_w24/20221205T114733_usp2022xulj_row5178 picks=4
[3229/3570] SISBRA 2023-02-07T08:46:32 lat=-22.140 lon=-44.580 mag=2.5 window=+/-120.0s r=1.0deg
  candidates=1 scored=1
  best=smi:org.gfz-potsdam.de/geofon/usp2023apuo dt_s=0.318 dist_km=0.352 picks<=400.0km=4
MATCHED: 2023-01-09T15:26:09Z -> data/sisbra_all_w24/20230109T152608_usp2023apuo_row5203 picks=4
[3230/3570] SISBRA 2023-02-08T03:19:49 lat=-8.360 lon=-36.050 mag=2.0 window=+/-120.0s r=1.0deg
NO_MATCH: 2023-02-06T05:36:42Z -> data/sisbra_all_w24/20230206T053642_row5230
[3231/3570] SISBRA 2023-02-09T09:26:20 lat=-5.040 lon=-35.130 mag=2.2 window=+/-120.0s r=1.0deg
  candidates=1 scored=1
  best=smi:org.gfz-potsdam.de/geofon/usp2023bozo dt_s=0.348 dist_km=0.331 picks<=400.0km=2
MATCHED: 2023-01-23T10:20:43Z -> data/sisbra_all_w24/20230123T102042_usp2023bozo_row5216 picks=2
[3232/3570] SISBRA 2023-02-09T19:34:29 lat=-8.300 lon=-36.100 mag=2.0 window=+/-120.0s r=1.0deg
  candidates=1 scored=1
  best=smi:org.gfz-potsdam.de/geofon/usp2023ajns dt_s=0.159 dist_km=0.682 picks<=400.0km=5
MATCHED: 2023-01-06T05:09:23Z -> data/sisbra_all_w24/20230106T050922_usp2023ajns_row5201 picks=5
[3233/3570] SISBRA 2023-02-13T08:55:51 lat=-21.060 lon=-48.680 mag=2.4 window=+/-120.0s r=1.0deg
  candidates=1 scored=1
  best=smi:org.gfz-potsdam.de/geofon/usp2023cbil dt_s=0.179 dist_km=0.243 picks<=400.0km=6
NO_MATCH: 2023-02-09T19:34:29Z -> data/sisbra_all_w24/20230209T193429_row5234
[3234/3570] SISBRA 2023-02-13T19:53:59 lat=-11.260 lon=-40.510 mag=1.9 window=+/-120.0s r=1.0deg
MATCHED: 2023-01-30T04:28:49Z -> data/sisbra_all_w24/20230130T042848_usp2023cbil_row5221 picks=6
[3235/3570] SISBRA 2023-02-15T12:29:45 lat=-10.090 lon=-36.550 mag=2.0 window=+/-120.0s r=1.0deg
  candidates=1 scored=1
  best=smi:org.gfz-potsdam.de/geofon/usp2023bkzx dt_s=0.069 dist_km=0.342 picks<=400.0km=3
NO_MATCH: 2023-02-13T08:55:51Z -> data/sisbra_all_w24/20230213T085551_row5235
[3236/3570] SISBRA 2023-02-15T14:07:14 lat=-10.170 lon=-36.470 mag=2.5 window=+/-120.0s r=1.0deg
MATCHED: 2023-01-21T05:58:29Z -> data/sisbra_all_w24/20230121T055828_usp2023bkzx_row5214 picks=3
[3237/3570] SISBRA 2023-02-15T15:12:32 lat=-10.080 lon=-36.560 mag=2.3 window=+/-120.0s r=1.0deg
  candidates=1 scored=1
  best=smi:org.gfz-potsdam.de/geofon/usp2023burp dt_s=0.174 dist_km=0.112 picks<=400.0km=4
MATCHED: 2023-01-26T13:08:33Z -> data/sisbra_all_w24/20230126T130832_usp2023burp_row5218 picks=4
[3238/3570] SISBRA 2023-02-16T03:52:39 lat=-9.860 lon=-39.870 mag=2.1 window=+/-120.0s r=1.0deg
  candidates=1 scored=1
  best=smi:org.gfz-potsdam.de/geofon/usp2023bkxo dt_s=0.040 dist_km=0.468 picks<=400.0km=4
MATCHED: 2023-01-21T04:48:12Z -> data/sisbra_all_w24/20230121T044812_usp2023bkxo_row5213 picks=4
[3239/3570] SISBRA 2023-02-16T12:18:37 lat=-16.460 lon=-40.550 mag=3.4 window=+/-120.0s r=1.0deg
NO_MATCH: 2023-02-16T03:52:39Z -> data/sisbra_all_w24/20230216T035239_row5240
[3240/3570] SISBRA 2023-02-21T19:11:21 lat=-14.080 lon=-38.980 mag=2.1 window=+/-120.0s r=1.0deg
  candidates=1 scored=1
  candidates=1 scored=1
  best=smi:org.gfz-potsdam.de/geofon/usp2023agjs dt_s=0.190 dist_km=0.152 picks<=400.0km=3
  best=smi:org.gfz-potsdam.de/geofon/usp2023ccsh dt_s=0.048 dist_km=0.500 picks<=400.0km=5
  candidates=1 scored=1
  best=smi:org.gfz-potsdam.de/geofon/usp2023dfej dt_s=0.037 dist_km=0.630 picks<=400.0km=4
MATCHED: 2023-01-04T11:42:48Z -> data/sisbra_all_w24/20230104T114247_usp2023agjs_row5199 picks=3
[3241/3570] SISBRA 2023-02-21T19:16:30 lat=-14.110 lon=-39.000 mag=2.2 window=+/-120.0s r=1.0deg
  candidates=1 scored=1
  best=smi:org.gfz-potsdam.de/geofon/usp2023bpis dt_s=0.423 dist_km=0.333 picks<=400.0km=7
MATCHED: 2023-01-30T22:35:19Z -> data/sisbra_all_w24/20230130T223518_usp2023ccsh_row5222 picks=5
[3242/3570] SISBRA 2023-02-21T19:19:00 lat=-14.110 lon=-38.990 mag=2.1 window=+/-120.0s r=1.0deg
MATCHED: 2023-02-15T12:29:45Z -> data/sisbra_all_w24/20230215T122945_usp2023dfej_row5237 picks=4
[3243/3570] SISBRA 2023-02-24T00:56:29 lat=-11.210 lon=-40.600 mag=2.4 window=+/-120.0s r=1.0deg
MATCHED: 2023-01-23T14:58:14Z -> data/sisbra_all_w24/20230123T145814_usp2023bpis_row5217 picks=7
[3244/3570] SISBRA 2023-02-25T21:24:25 lat=-16.370 lon=-40.550 mag=2.4 window=+/-120.0s r=1.0deg
  candidates=1 scored=1
  best=smi:org.gfz-potsdam.de/geofon/usp2023cnns dt_s=0.362 dist_km=0.416 picks<=400.0km=2
  candidates=1 scored=1
  candidates=1 scored=1
  best=smi:org.gfz-potsdam.de/geofon/usp2023dcca dt_s=0.228 dist_km=0.305 picks<=400.0km=2
  best=smi:org.gfz-potsdam.de/geofon/usp2022wcqw dt_s=0.372 dist_km=16.843 picks<=400.0km=1
  candidates=1 scored=1
  best=smi:org.gfz-potsdam.de/geofon/usp2023crrs dt_s=0.101 dist_km=0.089 picks<=400.0km=5
  candidates=1 scored=1
  best=smi:org.gfz-potsdam.de/geofon/usp2023bkwg dt_s=0.010 dist_km=0.631 picks<=400.0km=4
NO_MATCH: 2023-02-21T19:19:00Z -> data/sisbra_all_w24/20230221T191900_row5244
[3245/3570] SISBRA 2023-02-26T20:54:45 lat=-12.700 lon=-38.340 mag=1.9 window=+/-120.0s r=1.0deg
MATCHED: 2023-02-05T20:45:37Z -> data/sisbra_all_w24/20230205T204537_usp2023cnns_row5228 picks=2
[3246/3570] SISBRA 2023-02-27T07:17:10 lat=-3.590 lon=-40.540 mag=1.8 window=+/-120.0s r=1.0deg
  candidates=1 scored=1
  best=smi:org.gfz-potsdam.de/geofon/usp2023aaav dt_s=0.058 dist_km=0.360 picks<=400.0km=6
MATCHED: 2022-11-11T12:34:46Z -> data/sisbra_all_w24/20221111T123446_usp2022wcqw_row5160 picks=1
[3247/3570] SISBRA 2023-02-27T18:07:53 lat=-3.810 lon=-40.660 mag=1.9 window=+/-120.0s r=1.0deg
MATCHED: 2023-02-13T19:53:59Z -> data/sisbra_all_w24/20230213T195358_usp2023dcca_row5236 picks=2
[3248/3570] SISBRA 2023-02-27T22:30:27 lat=-13.500 lon=-44.250 mag=3.4 window=+/-120.0s r=1.0deg
MATCHED: 2023-01-21T04:08:27Z -> data/sisbra_all_w24/20230121T040827_usp2023bkwg_row5212 picks=4
[3249/3570] SISBRA 2023-02-28T17:54:22 lat=-13.480 lon=-44.230 mag=2.8 window=+/-120.0s r=1.0deg
MATCHED: 2023-02-08T03:19:49Z -> data/sisbra_all_w24/20230208T031948_usp2023crrs_row5232 picks=5
[3250/3570] SISBRA 2023-03-01T13:23:00 lat=-3.540 lon=-40.540 mag=2.3 window=+/-120.0s r=1.0deg
MATCHED: 2023-01-01T00:24:39Z -> data/sisbra_all_w24/20230101T002438_usp2023aaav_row5198 picks=6
[3251/3570] SISBRA 2023-03-01T15:48:15 lat=-3.680 lon=-40.470 mag=2.4 window=+/-120.0s r=1.0deg
  candidates=1 scored=1
  best=smi:org.gfz-potsdam.de/geofon/usp2023dfhp dt_s=0.264 dist_km=0.415 picks<=400.0km=5
  candidates=1 scored=1
  best=smi:org.gfz-potsdam.de/geofon/usp2023ctzh dt_s=0.375 dist_km=0.242 picks<=400.0km=3
  candidates=1 scored=1
  best=smi:org.gfz-potsdam.de/geofon/usp2023cgai dt_s=0.246 dist_km=0.599 picks<=400.0km=4
  candidates=1 scored=1
  best=smi:org.gfz-potsdam.de/geofon/usp2023ckog dt_s=0.145 dist_km=0.465 picks<=400.0km=7
NO_MATCH: 2023-03-01T13:23:00Z -> data/sisbra_all_w24/20230301T132300_row5252
[3252/3570] SISBRA 2023-03-05T04:40:02 lat=-19.060 lon=-43.120 mag=2.1 window=+/-120.0s r=1.0deg
MATCHED: 2023-02-09T09:26:20Z -> data/sisbra_all_w24/20230209T092620_usp2023ctzh_row5233 picks=3
[3253/3570] SISBRA 2023-03-10T15:20:30 lat=-10.790 lon=-39.430 mag=2.2 window=+/-120.0s r=1.0deg
MATCHED: 2023-02-15T14:07:14Z -> data/sisbra_all_w24/20230215T140714_usp2023dfhp_row5238 picks=5
[3254/3570] SISBRA 2023-03-11T19:19:44 lat=-3.920 lon=-39.520 mag=2.6 window=+/-120.0s r=1.0deg
MATCHED: 2023-02-01T18:03:28Z -> data/sisbra_all_w24/20230201T180327_usp2023cgai_row5224 picks=4
[3255/3570] SISBRA 2023-03-12T18:38:57 lat=1.780 lon=-49.480 mag=3.2 window=+/-120.0s r=1.0deg
MATCHED: 2023-02-04T05:37:38Z -> data/sisbra_all_w24/20230204T053737_usp2023ckog_row5226 picks=7
[3256/3570] SISBRA 2023-03-14T06:46:21 lat=-21.310 lon=-48.490 mag=2.2 window=+/-120.0s r=1.0deg
  candidates=1 scored=1
  best=smi:org.gfz-potsdam.de/geofon/usp2023boke dt_s=4.134 dist_km=22.579 picks<=400.0km=3
MATCHED: 2023-01-23T02:34:49Z -> data/sisbra_all_w24/20230123T023444_usp2023boke_row5215 picks=3
[3257/3570] SISBRA 2023-03-14T06:47:21 lat=-21.290 lon=-48.510 mag=2.0 window=+/-120.0s r=1.0deg
NO_MATCH: 2023-03-12T18:38:57Z -> data/sisbra_all_w24/20230312T183857_row5257
[3258/3570] SISBRA 2023-03-14T08:34:12 lat=-21.090 lon=-48.660 mag=0.8 window=+/-120.0s r=1.0deg
  candidates=1 scored=1
  best=smi:org.gfz-potsdam.de/geofon/usp2023cett dt_s=0.440 dist_km=0.142 picks<=400.0km=14
  candidates=1 scored=1
  best=smi:org.gfz-potsdam.de/geofon/usp2023dydb dt_s=0.177 dist_km=0.440 picks<=400.0km=2
MATCHED: 2023-02-01T01:35:36Z -> data/sisbra_all_w24/20230201T013535_usp2023cett_row5223 picks=14
[3259/3570] SISBRA 2023-03-14T14:57:18 lat=-21.060 lon=-48.670 mag=2.2 window=+/-120.0s r=1.0deg
  candidates=1 scored=1
  best=smi:org.gfz-potsdam.de/geofon/usp2023bdzv dt_s=0.165 dist_km=0.606 picks<=400.0km=1
MATCHED: 2023-02-25T21:24:25Z -> data/sisbra_all_w24/20230225T212424_usp2023dydb_row5246 picks=2
[3260/3570] SISBRA 2023-03-15T19:02:41 lat=-11.020 lon=-39.320 mag=2.0 window=+/-120.0s r=1.0deg
MATCHED: 2023-01-17T09:59:25Z -> data/sisbra_all_w24/20230117T095925_usp2023bdzv_row5209 picks=1
[3261/3570] SISBRA 2023-03-16T12:23:51 lat=-13.420 lon=-44.820 mag=3.0 window=+/-120.0s r=1.0deg
  candidates=1 scored=1
  best=smi:org.gfz-potsdam.de/geofon/usp2023dqqu dt_s=0.373 dist_km=0.569 picks<=400.0km=2
  candidates=1 scored=1
  best=smi:org.gfz-potsdam.de/geofon/usp2023cqgz dt_s=0.183 dist_km=0.334 picks<=400.0km=4
  candidates=1 scored=1
  best=smi:org.gfz-potsdam.de/geofon/usp2023dqqq dt_s=0.464 dist_km=0.529 picks<=400.0km=2
  candidates=1 scored=1
  best=smi:org.gfz-potsdam.de/geofon/usp2023cnyv dt_s=0.217 dist_km=0.521 picks<=400.0km=11
MATCHED: 2023-02-21T19:16:30Z -> data/sisbra_all_w24/20230221T191629_usp2023dqqu_row5243 picks=2
[3262/3570] SISBRA 2023-03-17T01:11:08 lat=-3.240 lon=-40.530 mag=2.3 window=+/-120.0s r=1.0deg
MATCHED: 2023-02-07T08:46:32Z -> data/sisbra_all_w24/20230207T084631_usp2023cqgz_row5231 picks=4
[3263/3570] SISBRA 2023-03-17T05:34:07 lat=-3.560 lon=-40.530 mag=1.4 window=+/-120.0s r=1.0deg
MATCHED: 2023-02-21T19:11:21Z -> data/sisbra_all_w24/20230221T191120_usp2023dqqq_row5242 picks=2
[3264/3570] SISBRA 2023-03-17T19:06:26 lat=-11.360 lon=-39.320 mag=2.2 window=+/-120.0s r=1.0deg
MATCHED: 2023-02-06T02:23:27Z -> data/sisbra_all_w24/20230206T022326_usp2023cnyv_row5229 picks=11
[3265/3570] SISBRA 2023-03-17T21:42:35 lat=-5.750 lon=-49.640 mag=3.3 window=+/-120.0s r=1.0deg
  candidates=1 scored=1
NO_MATCH: 2023-03-15T19:02:41Z -> data/sisbra_all_w24/20230315T190241_row5262
[3266/3570] SISBRA 2023-03-18T03:41:49 lat=-10.100 lon=-73.100 mag=4.0 window=+/-120.0s r=1.0deg
  best=smi:org.gfz-potsdam.de/geofon/usp2023ciqc dt_s=0.426 dist_km=0.521 picks<=400.0km=1
NO_MATCH: 2023-03-16T12:23:51Z -> data/sisbra_all_w24/20230316T122351_row5263
[3267/3570] SISBRA 2023-03-19T01:23:38 lat=-3.440 lon=-44.360 mag=2.6 window=+/-120.0s r=1.0deg
MATCHED: 2023-02-03T04:17:54Z -> data/sisbra_all_w24/20230203T041754_usp2023ciqc_row5225 picks=1
[3268/3570] SISBRA 2023-03-19T08:51:38 lat=-13.160 lon=-41.730 mag=2.9 window=+/-120.0s r=1.0deg
  candidates=1 scored=1
  best=smi:org.gfz-potsdam.de/geofon/usp2023ebno dt_s=0.013 dist_km=0.329 picks<=400.0km=3
NO_MATCH: 2023-03-17T21:42:35Z -> data/sisbra_all_w24/20230317T214235_row5267
[3269/3570] SISBRA 2023-03-20T21:33:52 lat=-13.400 lon=-38.780 mag=2.8 window=+/-120.0s r=1.0deg
MATCHED: 2023-02-27T18:07:53Z -> data/sisbra_all_w24/20230227T180752_usp2023ebno_row5249 picks=3
[3270/3570] SISBRA 2023-03-24T02:26:07 lat=-21.280 lon=-48.480 mag=2.1 window=+/-120.0s r=1.0deg
  candidates=1 scored=1
  best=smi:org.gfz-potsdam.de/geofon/usp2023dzxo dt_s=0.317 dist_km=0.622 picks<=400.0km=2
  candidates=1 scored=1
  best=smi:org.gfz-potsdam.de/geofon/usp2023dfjt dt_s=0.174 dist_km=0.433 picks<=400.0km=5
MATCHED: 2023-02-26T20:54:45Z -> data/sisbra_all_w24/20230226T205444_usp2023dzxo_row5247 picks=2
[3271/3570] SISBRA 2023-03-24T14:23:15 lat=-20.160 lon=-48.380 mag=2.4 window=+/-120.0s r=1.0deg
  candidates=1 scored=1
  best=smi:org.gfz-potsdam.de/geofon/usp2023fcfe dt_s=0.000 dist_km=0.522 picks<=400.0km=2
MATCHED: 2023-02-15T15:12:32Z -> data/sisbra_all_w24/20230215T151231_usp2023dfjt_row5239 picks=5
[3272/3570] SISBRA 2023-03-24T14:44:32 lat=-3.830 lon=-40.520 mag=1.6 window=+/-120.0s r=1.0deg
MATCHED: 2023-03-14T08:34:12Z -> data/sisbra_all_w24/20230314T083412_usp2023fcfe_row5260 picks=2
[3273/3570] SISBRA 2023-03-24T22:40:00 lat=-13.100 lon=-41.980 mag=2.1 window=+/-120.0s r=1.0deg
  candidates=1 scored=1
  best=smi:org.gfz-potsdam.de/geofon/usp2023duta dt_s=0.013 dist_km=0.658 picks<=400.0km=2
  candidates=1 scored=1
  best=smi:org.gfz-potsdam.de/geofon/usp2023evko dt_s=0.143 dist_km=0.536 picks<=400.0km=2
  candidates=1 scored=1
  best=smi:org.gfz-potsdam.de/geofon/usp2023easc dt_s=0.166 dist_km=0.463 picks<=400.0km=3
MATCHED: 2023-03-10T15:20:30Z -> data/sisbra_all_w24/20230310T152029_usp2023evko_row5255 picks=2
[3274/3570] SISBRA 2023-03-25T04:51:26 lat=-13.190 lon=-44.830 mag=3.2 window=+/-120.0s r=1.0deg
MATCHED: 2023-02-24T00:56:29Z -> data/sisbra_all_w24/20230224T005629_usp2023duta_row5245 picks=2
[3275/3570] SISBRA 2023-03-25T16:38:00 lat=-13.720 lon=-40.340 mag=2.2 window=+/-120.0s r=1.0deg
NO_MATCH: 2023-03-24T22:40:00Z -> data/sisbra_all_w24/20230324T224000_row5275
[3276/3570] SISBRA 2023-03-28T01:23:25 lat=-4.040 lon=-40.530 mag=1.9 window=+/-120.0s r=1.0deg
MATCHED: 2023-02-27T07:17:10Z -> data/sisbra_all_w24/20230227T071709_usp2023easc_row5248 picks=3
[3277/3570] SISBRA 2023-03-30T16:40:58 lat=-8.820 lon=-36.420 mag=2.3 window=+/-120.0s r=1.0deg
NO_MATCH: 2023-03-25T04:51:26Z -> data/sisbra_all_w24/20230325T045126_row5276
[3278/3570] SISBRA 2023-03-31T14:54:43 lat=-10.940 lon=-39.310 mag=2.0 window=+/-120.0s r=1.0deg
  candidates=1 scored=1
  best=smi:org.gfz-potsdam.de/geofon/usp2023elly dt_s=0.063 dist_km=0.492 picks<=400.0km=5
NO_MATCH: 2023-03-31T14:54:43Z -> data/sisbra_all_w24/20230331T145443_row5280
[3279/3570] SISBRA 2023-03-31T17:54:00 lat=-12.510 lon=-41.650 mag=2.1 window=+/-120.0s r=1.0deg
MATCHED: 2023-03-05T04:40:02Z -> data/sisbra_all_w24/20230305T044001_usp2023elly_row5254 picks=5
[3280/3570] SISBRA 2023-04-01T10:13:38 lat=-14.100 lon=-39.820 mag=2.1 window=+/-120.0s r=1.0deg
  candidates=1 scored=1
  best=smi:org.gfz-potsdam.de/geofon/usp2023fuab dt_s=1.292 dist_km=5.853 picks<=400.0km=3
  candidates=1 scored=1
  best=smi:org.gfz-potsdam.de/geofon/usp2023exnz dt_s=0.199 dist_km=0.287 picks<=400.0km=5
MATCHED: 2023-03-24T02:26:07Z -> data/sisbra_all_w24/20230324T022608_usp2023fuab_row5272 picks=3
[3281/3570] SISBRA 2023-04-01T14:38:46 lat=-20.980 lon=-48.610 mag=2.3 window=+/-120.0s r=1.0deg
MATCHED: 2023-03-11T19:19:44Z -> data/sisbra_all_w24/20230311T191943_usp2023exnz_row5256 picks=5
[3282/3570] SISBRA 2023-04-01T19:09:18 lat=-6.380 lon=-50.860 mag=3.5 window=+/-120.0s r=1.0deg
  candidates=1 scored=1
NO_MATCH: 2023-03-31T17:54:00Z -> data/sisbra_all_w24/20230331T175400_row5281
[3283/3570] SISBRA 2023-04-02T07:33:50 lat=-20.970 lon=-48.600 mag=2.2 window=+/-120.0s r=1.0deg
  best=smi:org.gfz-potsdam.de/geofon/usp2023dgzn dt_s=0.020 dist_km=0.595 picks<=400.0km=3
  candidates=1 scored=1
  best=smi:org.gfz-potsdam.de/geofon/usp2023fhlt dt_s=0.160 dist_km=0.542 picks<=400.0km=5
MATCHED: 2023-02-16T12:18:37Z -> data/sisbra_all_w24/20230216T121837_usp2023dgzn_row5241 picks=3
[3284/3570] SISBRA 2023-04-05T06:19:29 lat=-9.460 lon=-71.620 mag=5.1 window=+/-120.0s r=1.0deg
  candidates=1 scored=1
  best=smi:org.gfz-potsdam.de/geofon/usp2023fimo dt_s=0.381 dist_km=0.522 picks<=400.0km=2
MATCHED: 2023-03-17T05:34:07Z -> data/sisbra_all_w24/20230317T053407_usp2023fhlt_row5265 picks=5
[3285/3570] SISBRA 2023-04-05T18:27:55 lat=-21.250 lon=-48.520 mag=2.3 window=+/-120.0s r=1.0deg
MATCHED: 2023-03-17T19:06:26Z -> data/sisbra_all_w24/20230317T190626_usp2023fimo_row5266 picks=2
[3286/3570] SISBRA 2023-04-05T22:11:04 lat=-21.310 lon=-48.540 mag=2.1 window=+/-120.0s r=1.0deg
  candidates=1 scored=1
  best=smi:org.gfz-potsdam.de/geofon/usp2023gbga dt_s=7.476 dist_km=37.876 picks<=400.0km=7
  candidates=1 scored=1
  best=smi:org.gfz-potsdam.de/geofon/usp2023fwxs dt_s=83.997 dist_km=9.007 picks<=400.0km=2
  candidates=2 scored=2
  best=smi:org.gfz-potsdam.de/geofon/usp2023fcbq dt_s=0.152 dist_km=0.517 picks<=400.0km=4
  candidates=1 scored=1
  best=smi:org.gfz-potsdam.de/geofon/usp2023fkun dt_s=0.329 dist_km=0.264 picks<=400.0km=0
MATCHED: 2023-03-25T16:38:00Z -> data/sisbra_all_w24/20230325T163923_usp2023fwxs_row5277 picks=2
[3287/3570] SISBRA 2023-04-06T06:24:19 lat=-21.340 lon=-48.510 mag=1.7 window=+/-120.0s r=1.0deg
  candidates=1 scored=1
  best=smi:org.gfz-potsdam.de/geofon/usp2023fuyl dt_s=0.077 dist_km=0.524 picks<=400.0km=4
MATCHED: 2023-03-14T06:46:21Z -> data/sisbra_all_w24/20230314T064621_usp2023fcbq_row5258 picks=4
[3288/3570] SISBRA 2023-04-06T08:22:01 lat=-13.090 lon=-48.680 mag=1.9 window=+/-120.0s r=1.0deg
MATCHED: 2023-03-28T01:23:25Z -> data/sisbra_all_w24/20230328T012317_usp2023gbga_row5278 picks=7
[3289/3570] SISBRA 2023-04-06T15:27:04 lat=-3.830 lon=-40.580 mag=1.9 window=+/-120.0s r=1.0deg
MATCHED: 2023-03-19T01:23:38Z -> data/sisbra_all_w24/20230319T012337_usp2023fkun_row5269 picks=0
[3290/3570] SISBRA 2023-04-07T16:16:38 lat=-21.270 lon=-48.510 mag=2.1 window=+/-120.0s r=1.0deg
  candidates=1 scored=1
  best=smi:org.gfz-potsdam.de/geofon/usp2023eezz dt_s=0.162 dist_km=0.385 picks<=400.0km=4
  candidates=1 scored=1
  best=smi:org.gfz-potsdam.de/geofon/usp2023fcrv dt_s=0.248 dist_km=0.619 picks<=400.0km=5
MATCHED: 2023-03-24T14:44:32Z -> data/sisbra_all_w24/20230324T144432_usp2023fuyl_row5274 picks=4
[3291/3570] SISBRA 2023-04-08T04:55:08 lat=-23.090 lon=-51.220 mag=1.8 window=+/-120.0s r=1.0deg
MATCHED: 2023-03-01T15:48:15Z -> data/sisbra_all_w24/20230301T154814_usp2023eezz_row5253 picks=4
[3292/3570] SISBRA 2023-04-08T04:56:53 lat=-23.090 lon=-51.220 mag=2.1 window=+/-120.0s r=1.0deg
MATCHED: 2023-03-14T14:57:18Z -> data/sisbra_all_w24/20230314T145718_usp2023fcrv_row5261 picks=5
[3293/3570] SISBRA 2023-04-08T10:34:13 lat=-0.810 lon=-49.170 mag=4.0 window=+/-120.0s r=1.0deg
NO_MATCH: 2023-04-06T08:22:01Z -> data/sisbra_all_w24/20230406T082201_row5290
[3294/3570] SISBRA 2023-04-08T19:40:02 lat=-20.980 lon=-48.590 mag=2.2 window=+/-120.0s r=1.0deg
  candidates=1 scored=1
  best=smi:org.gfz-potsdam.de/geofon/usp2023ediq dt_s=0.120 dist_km=0.195 picks<=400.0km=0
MATCHED: 2023-02-28T17:54:22Z -> data/sisbra_all_w24/20230228T175421_usp2023ediq_row5251 picks=0
[3295/3570] SISBRA 2023-04-08T21:01:38 lat=-20.980 lon=-48.590 mag=2.4 window=+/-120.0s r=1.0deg
NO_MATCH: 2023-04-08T10:34:13Z -> data/sisbra_all_w24/20230408T103413_row5295
[3296/3570] SISBRA 2023-04-09T09:33:39 lat=-3.620 lon=-40.490 mag=1.6 window=+/-120.0s r=1.0deg
  candidates=1 scored=1
  best=smi:org.gfz-potsdam.de/geofon/usp2023gkvt dt_s=0.057 dist_km=0.135 picks<=400.0km=3
  candidates=2 scored=2
  best=smi:org.gfz-potsdam.de/geofon/usp2023fcbr dt_s=0.472 dist_km=0.297 picks<=400.0km=4
  candidates=1 scored=1
  best=smi:org.gfz-potsdam.de/geofon/usp2023gjxe dt_s=5.205 dist_km=53.174 picks<=400.0km=3
MATCHED: 2023-04-02T07:33:50Z -> data/sisbra_all_w24/20230402T073349_usp2023gkvt_row5285 picks=3
[3297/3570] SISBRA 2023-04-10T06:18:30 lat=-19.430 lon=-44.310 mag=2.1 window=+/-120.0s r=1.0deg
  candidates=1 scored=1
  best=smi:org.gfz-potsdam.de/geofon/usp2023fhdb dt_s=0.026 dist_km=0.465 picks<=400.0km=4
MATCHED: 2023-03-14T06:47:21Z -> data/sisbra_all_w24/20230314T064720_usp2023fcbr_row5259 picks=4
[3298/3570] SISBRA 2023-04-12T14:14:00 lat=-7.720 lon=-40.220 mag=2.0 window=+/-120.0s r=1.0deg
MATCHED: 2023-03-17T01:11:08Z -> data/sisbra_all_w24/20230317T011107_usp2023fhdb_row5264 picks=4
[3299/3570] SISBRA 2023-04-13T01:52:24 lat=-8.960 lon=-40.270 mag=2.2 window=+/-120.0s r=1.0deg
  candidates=1 scored=1
  best=smi:org.gfz-potsdam.de/geofon/usp2023fuxs dt_s=0.140 dist_km=0.511 picks<=400.0km=7
MATCHED: 2023-04-01T19:09:18Z -> data/sisbra_all_w24/20230401T190923_usp2023gjxe_row5284 picks=3
[3300/3570] SISBRA 2023-04-13T08:08:39 lat=-8.990 lon=-40.220 mag=1.9 window=+/-120.0s r=1.0deg
NO_MATCH: 2023-04-12T14:14:00Z -> data/sisbra_all_w24/20230412T141400_row5300
[3301/3570] SISBRA 2023-04-14T11:54:48 lat=-17.610 lon=-55.950 mag=3.1 window=+/-120.0s r=1.0deg
MATCHED: 2023-03-24T14:23:15Z -> data/sisbra_all_w24/20230324T142314_usp2023fuxs_row5273 picks=7
[3302/3570] SISBRA 2023-04-14T21:06:57 lat=-20.960 lon=-48.610 mag=2.0 window=+/-120.0s r=1.0deg
  candidates=1 scored=1
  best=smi:org.gfz-potsdam.de/geofon/usp2023fljh dt_s=0.394 dist_km=0.535 picks<=400.0km=0
  candidates=1 scored=1
  best=smi:org.gfz-potsdam.de/geofon/usp2023fjdo dt_s=0.452 dist_km=0.319 picks<=400.0km=0
  candidates=1 scored=1
  best=smi:org.gfz-potsdam.de/geofon/usp2023gjfn dt_s=0.165 dist_km=0.379 picks<=400.0km=2
MATCHED: 2023-03-19T08:51:38Z -> data/sisbra_all_w24/20230319T085137_usp2023fljh_row5270MATCHED: 2023-04-01T10:13:38Z -> data/sisbra_all_w24/20230401T101337_usp2023gjfn_row5282 picks=2
[3303/3570] SISBRA 2023-04-14T22:37:18 lat=-3.690 lon=-40.440 mag=1.8 window=+/-120.0s r=1.0deg
 picks=0
[3304/3570] SISBRA 2023-04-15T01:34:55 lat=-21.090 lon=-48.610 mag=1.2 window=+/-120.0s r=1.0deg
MATCHED: 2023-03-18T03:41:49Z -> data/sisbra_all_w24/20230318T034149_usp2023fjdo_row5268 picks=0
[3305/3570] SISBRA 2023-04-15T18:56:32 lat=-18.420 lon=-41.180 mag=1.7 window=+/-120.0s r=1.0deg
  candidates=1 scored=1
  best=smi:org.gfz-potsdam.de/geofon/usp2023fodx dt_s=0.019 dist_km=0.219 picks<=400.0km=3
MATCHED: 2023-03-20T21:33:52Z -> data/sisbra_all_w24/20230320T213352_usp2023fodx_row5271 picks=3
[3306/3570] SISBRA 2023-04-15T23:31:00 lat=-21.090 lon=-48.660 mag=1.1 window=+/-120.0s r=1.0deg
  candidates=1 scored=1
  best=smi:org.gfz-potsdam.de/geofon/usp2023grdv dt_s=0.212 dist_km=0.477 picks<=400.0km=6
  candidates=1 scored=1
  best=smi:org.gfz-potsdam.de/geofon/usp2023gstj dt_s=0.128 dist_km=0.353 picks<=400.0km=4
NO_MATCH: 2023-04-14T22:37:18Z -> data/sisbra_all_w24/20230414T223718_row5305
[3307/3570] SISBRA 2023-04-17T03:32:38 lat=-18.830 lon=-45.170 mag=1.9 window=+/-120.0s r=1.0deg
  candidates=1 scored=1
  best=smi:org.gfz-potsdam.de/geofon/usp2023gzjh dt_s=0.105 dist_km=0.450 picks<=400.0km=4
  candidates=1 scored=1
  best=smi:org.gfz-potsdam.de/geofon/usp2023gsbm dt_s=0.394 dist_km=0.496 picks<=400.0km=4
MATCHED: 2023-04-05T18:27:55Z -> data/sisbra_all_w24/20230405T182754_usp2023grdv_row5287 picks=6
[3308/3570] SISBRA 2023-04-18T13:38:23 lat=-9.650 lon=-36.660 mag=2.1 window=+/-120.0s r=1.0deg
MATCHED: 2023-04-06T15:27:04Z -> data/sisbra_all_w24/20230406T152703_usp2023gstj_row5291 picks=4
[3309/3570] SISBRA 2023-04-20T08:49:32 lat=-20.040 lon=-48.840 mag=2.6 window=+/-120.0s r=1.0deg
MATCHED: 2023-04-10T06:18:30Z -> data/sisbra_all_w24/20230410T061830_usp2023gzjh_row5299 picks=4
[3310/3570] SISBRA 2023-04-20T14:59:00 lat=-9.640 lon=-36.580 mag=2.2 window=+/-120.0s r=1.0deg
  candidates=1 scored=1
  best=smi:org.gfz-potsdam.de/geofon/usp2023grlf dt_s=0.356 dist_km=0.593 picks<=400.0km=4
MATCHED: 2023-04-06T06:24:19Z -> data/sisbra_all_w24/20230406T062419_usp2023gsbm_row5289 picks=4
[3311/3570] SISBRA 2023-04-20T15:58:00 lat=-14.290 lon=-40.220 mag=2.2 window=+/-120.0s r=1.0deg
MATCHED: 2023-04-05T22:11:04Z -> data/sisbra_all_w24/20230405T221104_usp2023grlf_row5288 picks=4
[3312/3570] SISBRA 2023-04-20T16:49:20 lat=-20.600 lon=-43.770 mag=2.4 window=+/-120.0s r=1.0deg
NO_MATCH: 2023-04-20T14:59:00Z -> data/sisbra_all_w24/20230420T145900_row5312
[3313/3570] SISBRA 2023-04-21T02:10:38 lat=-20.050 lon=-48.800 mag=2.7 window=+/-120.0s r=1.0deg
  candidates=1 scored=1
  best=smi:org.gfz-potsdam.de/geofon/usp2023gjog dt_s=0.255 dist_km=0.483 picks<=400.0km=6
  candidates=1 scored=1
  best=smi:org.gfz-potsdam.de/geofon/usp2023ggbh dt_s=0.034 dist_km=0.661 picks<=400.0km=4
NO_MATCH: 2023-04-20T15:58:00Z -> data/sisbra_all_w24/20230420T155800_row5313
[3314/3570] SISBRA 2023-04-21T06:34:30 lat=-9.560 lon=-36.330 mag=1.5 window=+/-120.0s r=1.0deg
  candidates=1 scored=1
  best=smi:org.gfz-potsdam.de/geofon/usp2023hidl dt_s=0.467 dist_km=0.514 picks<=400.0km=2
MATCHED: 2023-04-01T14:38:46Z -> data/sisbra_all_w24/20230401T143845_usp2023gjog_row5283 picks=6
[3315/3570] SISBRA 2023-04-21T06:40:00 lat=-3.800 lon=-47.850 mag=3.1 window=+/-120.0s r=1.0deg
  candidates=1 scored=1
  best=smi:org.gfz-potsdam.de/geofon/usp2023gwss dt_s=0.481 dist_km=0.554 picks<=400.0km=7
MATCHED: 2023-03-30T16:40:58Z -> data/sisbra_all_w24/20230330T164058_usp2023ggbh_row5279 picks=4
[3316/3570] SISBRA 2023-04-21T09:47:50 lat=-11.250 lon=-40.520 mag=2.1 window=+/-120.0s r=1.0deg
MATCHED: 2023-04-15T01:34:55Z -> data/sisbra_all_w24/20230415T013455_usp2023hidl_row5306 picks=2
[3317/3570] SISBRA 2023-04-22T06:42:10 lat=-20.660 lon=-43.830 mag=2.3 window=+/-120.0s r=1.0deg
MATCHED: 2023-04-08T19:40:02Z -> data/sisbra_all_w24/20230408T194001_usp2023gwss_row5296 picks=7
[3318/3570] SISBRA 2023-04-22T10:22:24 lat=-9.870 lon=-39.890 mag=2.0 window=+/-120.0s r=1.0deg
NO_MATCH: 2023-04-21T06:34:30Z -> data/sisbra_all_w24/20230421T063430_row5316
[3319/3570] SISBRA 2023-04-22T16:07:00 lat=-14.650 lon=-40.420 mag=2.3 window=+/-120.0s r=1.0deg
  candidates=1 scored=1
  best=smi:org.gfz-potsdam.de/geofon/usp2023gxuf dt_s=0.351 dist_km=0.482 picks<=400.0km=4
  candidates=1 scored=1
  best=smi:org.gfz-potsdam.de/geofon/usp2023hezl dt_s=0.170 dist_km=0.384 picks<=400.0km=2
  candidates=1 scored=1
  best=smi:org.gfz-potsdam.de/geofon/usp2023hjuw dt_s=0.000 dist_km=0.000 picks<=400.0km=1
NO_MATCH: 2023-04-21T09:47:50Z -> data/sisbra_all_w24/20230421T094750_row5318
[3320/3570] SISBRA 2023-04-22T16:10:00 lat=-13.800 lon=-39.890 mag=2.0 window=+/-120.0s r=1.0deg
MATCHED: 2023-04-09T09:33:39Z -> data/sisbra_all_w24/20230409T093339_usp2023gxuf_row5298 picks=4
[3321/3570] SISBRA 2023-04-22T20:55:00 lat=-13.490 lon=-41.130 mag=2.3 window=+/-120.0s r=1.0deg
  candidates=1 scored=1
MATCHED: 2023-04-13T08:08:39Z -> data/sisbra_all_w24/20230413T080838_usp2023hezl_row5302 picks=2
[3322/3570] SISBRA 2023-04-22T20:55:37 lat=-13.480 lon=-41.130 mag=2.2 window=+/-120.0s r=1.0deg
MATCHED: 2023-04-15T23:31:00Z -> data/sisbra_all_w24/20230415T233100_usp2023hjuw_row5308 picks=1
[3323/3570] SISBRA 2023-04-23T05:52:29 lat=-4.120 lon=-38.920 mag=2.0 window=+/-120.0s r=1.0deg
  best=smi:org.gfz-potsdam.de/geofon/usp2023ebwf dt_s=0.040 dist_km=0.601 picks<=400.0km=0
NO_MATCH: 2023-04-22T10:22:24Z -> data/sisbra_all_w24/20230422T102224_row5320
[3324/3570] SISBRA 2023-04-23T07:04:16 lat=-4.130 lon=-39.080 mag=1.7 window=+/-120.0s r=1.0deg
NO_MATCH: 2023-04-22T16:07:00Z -> data/sisbra_all_w24/20230422T160700_row5321
[3325/3570] SISBRA 2023-04-24T08:41:02 lat=-4.140 lon=-39.030 mag=1.8 window=+/-120.0s r=1.0deg
MATCHED: 2023-02-27T22:30:27Z -> data/sisbra_all_w24/20230227T223027_usp2023ebwf_row5250 picks=0
[3326/3570] SISBRA 2023-04-24T13:10:29 lat=-4.240 lon=-39.190 mag=2.2 window=+/-120.0s r=1.0deg
  candidates=1 scored=1
  best=smi:org.gfz-potsdam.de/geofon/usp2023gwvk dt_s=0.172 dist_km=0.556 picks<=400.0km=5
NO_MATCH: 2023-04-22T16:10:00Z -> data/sisbra_all_w24/20230422T161000_row5322
[3327/3570] SISBRA 2023-04-24T14:54:06 lat=-20.330 lon=-45.610 mag=2.8 window=+/-120.0s r=1.0deg
  candidates=1 scored=1
  best=smi:org.gfz-potsdam.de/geofon/usp2023hhup dt_s=0.118 dist_km=0.337 picks<=400.0km=2
NO_MATCH: 2023-04-23T05:52:29Z -> data/sisbra_all_w24/20230423T055229_row5325
[3328/3570] SISBRA 2023-04-24T19:18:18 lat=-20.970 lon=-48.600 mag=1.8 window=+/-120.0s r=1.0deg
MATCHED: 2023-04-08T21:01:38Z -> data/sisbra_all_w24/20230408T210137_usp2023gwvk_row5297 picks=5
[3329/3570] SISBRA 2023-04-24T20:46:22 lat=-31.800 lon=-52.580 mag=2.2 window=+/-120.0s r=1.0deg
MATCHED: 2023-04-14T21:06:57Z -> data/sisbra_all_w24/20230414T210656_usp2023hhup_row5304 picks=2
[3330/3570] SISBRA 2023-04-24T23:03:38 lat=-21.270 lon=-48.480 mag=1.0 window=+/-120.0s r=1.0deg
  candidates=1 scored=1
  best=smi:org.gfz-potsdam.de/geofon/usp2023hjlv dt_s=0.288 dist_km=0.510 picks<=400.0km=3
  candidates=1 scored=1
  best=smi:org.gfz-potsdam.de/geofon/usp2023honv dt_s=0.436 dist_km=0.440 picks<=400.0km=4
MATCHED: 2023-04-15T18:56:32Z -> data/sisbra_all_w24/20230415T185632_usp2023hjlv_row5307 picks=3
[3331/3570] SISBRA 2023-04-25T19:26:47 lat=-3.880 lon=-39.480 mag=2.3 window=+/-120.0s r=1.0deg
MATCHED: 2023-04-18T13:38:23Z -> data/sisbra_all_w24/20230418T133823_usp2023honv_row5310 picks=4
[3332/3570] SISBRA 2023-04-26T13:32:00 lat=-5.170 lon=-39.260 mag=2.0 window=+/-120.0s r=1.0deg
  candidates=1 scored=1
  best=smi:org.gfz-potsdam.de/geofon/usp2023hzyb dt_s=0.000 dist_km=0.546 picks<=400.0km=1
NO_MATCH: 2023-04-26T13:32:00Z -> data/sisbra_all_w24/20230426T133200_row5334
[3333/3570] SISBRA 2023-04-27T03:44:55 lat=-9.870 lon=-39.900 mag=2.3 window=+/-120.0s r=1.0deg
MATCHED: 2023-04-24T19:18:18Z -> data/sisbra_all_w24/20230424T191818_usp2023hzyb_row5330 picks=1
[3334/3570] SISBRA 2023-04-27T19:13:32 lat=-28.490 lon=-53.480 mag=2.8 window=+/-120.0s r=1.0deg
  candidates=1 scored=1
  best=smi:org.gfz-potsdam.de/geofon/usp2023hvic dt_s=0.245 dist_km=0.652 picks<=400.0km=4  candidates=2 scored=2

  best=smi:org.gfz-potsdam.de/geofon/usp2023gvpn dt_s=0.139 dist_km=0.428 picks<=400.0km=5
  candidates=1 scored=1
  best=smi:org.gfz-potsdam.de/geofon/usp2023guqn dt_s=0.384 dist_km=0.551 picks<=400.0km=12
MATCHED: 2023-04-08T04:55:08Z -> data/sisbra_all_w24/20230408T045507_usp2023gvpn_row5293 picks=5
[3335/3570] SISBRA 2023-04-29T14:19:07 lat=-24.830 lon=-49.750 mag=2.3 window=+/-120.0s r=1.0deg
MATCHED: 2023-04-22T06:42:10Z -> data/sisbra_all_w24/20230422T064210_usp2023hvic_row5319 picks=4
[3336/3570] SISBRA 2023-04-30T12:16:05 lat=-2.850 lon=-40.880 mag=2.1 window=+/-120.0s r=1.0deg
  candidates=1 scored=1
MATCHED: 2023-04-07T16:16:38Z -> data/sisbra_all_w24/20230407T161637_usp2023guqn_row5292 picks=12
[3337/3570] SISBRA 2023-05-01T09:31:09 lat=-7.410 lon=-74.590 mag=5.2 window=+/-120.0s r=1.0deg
  best=smi:org.gfz-potsdam.de/geofon/usp2023hrvh dt_s=0.420 dist_km=0.543 picks<=400.0km=6
  candidates=1 scored=1
  best=smi:org.gfz-potsdam.de/geofon/usp2023hwkg dt_s=0.112 dist_km=0.391 picks<=400.0km=1
  candidates=1 scored=1
  best=smi:org.gfz-potsdam.de/geofon/usp2023iafm dt_s=0.000 dist_km=0.000 picks<=400.0km=1
  candidates=1 scored=1
  best=smi:org.gfz-potsdam.de/geofon/usp2023hwkg dt_s=36.888 dist_km=0.716 picks<=400.0km=1
MATCHED: 2023-04-22T20:55:00Z -> data/sisbra_all_w24/20230422T205536_usp2023hwkg_row5323 picks=1
[3338/3570] SISBRA 2023-05-01T13:26:08 lat=-4.100 lon=-38.930 mag=2.2 window=+/-120.0s r=1.0deg
MATCHED: 2023-04-22T20:55:37Z -> data/sisbra_all_w24/20230422T205536_usp2023hwkg_row5324 picks=1
[3339/3570] SISBRA 2023-05-01T14:33:23 lat=-16.290 lon=-50.170 mag=2.3 window=+/-120.0s r=1.0deg
MATCHED: 2023-04-20T08:49:32Z -> data/sisbra_all_w24/20230420T084931_usp2023hrvh_row5311 picks=6
[3340/3570] SISBRA 2023-05-02T15:51:17 lat=-14.010 lon=-50.640 mag=3.0 window=+/-120.0s r=1.0deg
MATCHED: 2023-04-24T23:03:38Z -> data/sisbra_all_w24/20230424T230338_usp2023iafm_row5332 picks=1
[3341/3570] SISBRA 2023-05-02T21:30:21 lat=-20.910 lon=-43.850 mag=2.9 window=+/-120.0s r=1.0deg
  candidates=2 scored=2
  best=smi:org.gfz-potsdam.de/geofon/usp2023gvpp dt_s=0.147 dist_km=0.270 picks<=400.0km=4
  candidates=1 scored=1
  best=smi:org.gfz-potsdam.de/geofon/usp2023htmn dt_s=0.408 dist_km=0.727 picks<=400.0km=1
MATCHED: 2023-04-08T04:56:53Z -> data/sisbra_all_w24/20230408T045653_usp2023gvpp_row5294 picks=4
[3342/3570] SISBRA 2023-05-02T23:40:10 lat=-4.150 lon=-39.070 mag=1.9 window=+/-120.0s r=1.0deg
  candidates=1 scored=1
  best=smi:org.gfz-potsdam.de/geofon/usp2023hzda dt_s=0.372 dist_km=0.663 picks<=400.0km=3
MATCHED: 2023-04-21T06:40:00Z -> data/sisbra_all_w24/20230421T064000_usp2023htmn_row5317 picks=1
[3343/3570] SISBRA 2023-05-03T03:37:25 lat=-4.200 lon=-38.990 mag=1.5 window=+/-120.0s r=1.0deg
  candidates=1 scored=1
  best=smi:org.gfz-potsdam.de/geofon/usp2023ifkl dt_s=37.000 dist_km=0.363 picks<=400.0km=1
MATCHED: 2023-04-24T08:41:02Z -> data/sisbra_all_w24/20230424T084101_usp2023hzda_row5327 picks=3
[3344/3570] SISBRA 2023-05-03T04:41:29 lat=-20.050 lon=-48.800 mag=2.4 window=+/-120.0s r=1.0deg
MATCHED: 2023-04-27T19:13:32Z -> data/sisbra_all_w24/20230427T191409_usp2023ifkl_row5336 picks=1
[3345/3570] SISBRA 2023-05-03T18:29:06 lat=-14.070 lon=-39.310 mag=2.1 window=+/-120.0s r=1.0deg
  candidates=1 scored=1
  best=smi:org.gfz-potsdam.de/geofon/usp2023hlyi dt_s=0.128 dist_km=0.412 picks<=400.0km=5
NO_MATCH: 2023-05-03T03:37:25Z -> data/sisbra_all_w24/20230503T033725_row5345
[3346/3570] SISBRA 2023-05-03T18:30:00 lat=-14.070 lon=-39.310 mag=2.0 window=+/-120.0s r=1.0deg
MATCHED: 2023-04-17T03:32:38Z -> data/sisbra_all_w24/20230417T033237_usp2023hlyi_row5309 picks=5
[3347/3570] SISBRA 2023-05-03T18:32:22 lat=-13.960 lon=-39.110 mag=2.1 window=+/-120.0s r=1.0deg
  candidates=1 scored=1
  best=smi:org.gfz-potsdam.de/geofon/usp2023hzpi dt_s=0.047 dist_km=0.511 picks<=400.0km=5
  candidates=1 scored=1
  best=smi:org.gfz-potsdam.de/geofon/usp2023hsld dt_s=0.133 dist_km=0.310 picks<=400.0km=6
NO_MATCH: 2023-05-03T18:29:06Z -> data/sisbra_all_w24/20230503T182906_row5347
[3348/3570] SISBRA 2023-05-03T20:57:59 lat=-19.500 lon=-44.240 mag=2.1 window=+/-120.0s r=1.0deg
  candidates=1 scored=1
  best=smi:org.gfz-potsdam.de/geofon/usp2023hena dt_s=0.257 dist_km=0.655 picks<=400.0km=3
  candidates=1 scored=1
  best=smi:org.gfz-potsdam.de/geofon/usp2023iaaz dt_s=0.188 dist_km=0.467 picks<=400.0km=5
  candidates=1 scored=1
  best=smi:org.gfz-potsdam.de/geofon/usp2023hxei dt_s=0.170 dist_km=0.762 picks<=400.0km=3
MATCHED: 2023-04-20T16:49:20Z -> data/sisbra_all_w24/20230420T164919_usp2023hsld_row5314 picks=6
[3349/3570] SISBRA 2023-05-04T03:12:11 lat=-4.440 lon=-39.490 mag=1.5 window=+/-120.0s r=1.0deg
NO_MATCH: 2023-05-03T18:30:00Z -> data/sisbra_all_w24/20230503T183000_row5348
[3350/3570] SISBRA 2023-05-04T03:13:39 lat=-17.460 lon=-41.260 mag=1.7 window=+/-120.0s r=1.0deg
MATCHED: 2023-04-23T07:04:16Z -> data/sisbra_all_w24/20230423T070415_usp2023hxei_row5326 picks=3
[3351/3570] SISBRA 2023-05-04T12:30:31 lat=-21.090 lon=-48.680 mag=1.2 window=+/-120.0s r=1.0deg
MATCHED: 2023-04-24T14:54:06Z -> data/sisbra_all_w24/20230424T145405_usp2023hzpi_row5329 picks=5
[3352/3570] SISBRA 2023-05-04T16:13:24 lat=-20.140 lon=-44.480 mag=2.2 window=+/-120.0s r=1.0deg
MATCHED: 2023-04-13T01:52:24Z -> data/sisbra_all_w24/20230413T015223_usp2023hena_row5301 picks=3
[3353/3570] SISBRA 2023-05-04T17:38:11 lat=-26.510 lon=-57.460 mag=3.0 window=+/-120.0s r=1.0deg
MATCHED: 2023-04-24T20:46:22Z -> data/sisbra_all_w24/20230424T204621_usp2023iaaz_row5331 picks=5
[3354/3570] SISBRA 2023-05-04T18:41:12 lat=-14.230 lon=-51.450 mag=2.5 window=+/-120.0s r=1.0deg
  candidates=1 scored=1
  best=smi:org.gfz-potsdam.de/geofon/usp2023ibtv dt_s=0.163 dist_km=0.550 picks<=400.0km=4
  candidates=1 scored=1
  best=smi:org.gfz-potsdam.de/geofon/usp2023iohg dt_s=0.209 dist_km=0.284 picks<=400.0km=2
  candidates=1 scored=1
  best=smi:org.gfz-potsdam.de/geofon/usp2023htdq dt_s=0.129 dist_km=0.274 picks<=400.0km=7
NO_MATCH: 2023-05-04T03:12:11Z -> data/sisbra_all_w24/20230504T031211_row5351
[3355/3570] SISBRA 2023-05-04T20:12:21 lat=-9.410 lon=-35.830 mag=2.1 window=+/-120.0s r=1.0deg
  candidates=1 scored=1
  best=smi:org.gfz-potsdam.de/geofon/usp2023iefu dt_s=0.194 dist_km=0.162 picks<=400.0km=3
  candidates=1 scored=1
MATCHED: 2023-05-02T15:51:17Z -> data/sisbra_all_w24/20230502T155117_usp2023iohg_row5342 picks=2
[3356/3570] SISBRA 2023-05-06T09:56:59 lat=-21.270 lon=-48.480 mag=1.0 window=+/-120.0s r=1.0deg
  best=smi:org.gfz-potsdam.de/geofon/usp2023hzly dt_s=0.388 dist_km=0.454 picks<=400.0km=6
MATCHED: 2023-04-21T02:10:38Z -> data/sisbra_all_w24/20230421T021037_usp2023htdq_row5315 picks=7
[3357/3570] SISBRA 2023-05-08T18:03:15 lat=-11.190 lon=-40.540 mag=2.3 window=+/-120.0s r=1.0deg
MATCHED: 2023-04-25T19:26:47Z -> data/sisbra_all_w24/20230425T192647_usp2023ibtv_row5333 picks=4
[3358/3570] SISBRA 2023-05-10T11:55:14 lat=-20.970 lon=-48.610 mag=2.3 window=+/-120.0s r=1.0deg
  candidates=1 scored=1
  best=smi:org.gfz-potsdam.de/geofon/usp2023hhck dt_s=0.298 dist_km=0.393 picks<=400.0km=15
MATCHED: 2023-04-27T03:44:55Z -> data/sisbra_all_w24/20230427T034454_usp2023iefu_row5335 picks=3
[3359/3570] SISBRA 2023-05-11T15:00:29 lat=-10.110 lon=-37.730 mag=2.6 window=+/-120.0s r=1.0deg
MATCHED: 2023-04-24T13:10:29Z -> data/sisbra_all_w24/20230424T131028_usp2023hzly_row5328 picks=6
[3360/3570] SISBRA 2023-05-11T17:51:44 lat=-8.520 lon=-36.300 mag=2.1 window=+/-120.0s r=1.0deg
  candidates=1 scored=1
  best=smi:org.gfz-potsdam.de/geofon/usp2023imje dt_s=0.193 dist_km=0.553 picks<=400.0km=2
MATCHED: 2023-04-14T11:54:48Z -> data/sisbra_all_w24/20230414T115447_usp2023hhck_row5303 picks=15
[3361/3570] SISBRA 2023-05-12T14:51:47 lat=-20.230 lon=-43.890 mag=2.3 window=+/-120.0s r=1.0deg
MATCHED: 2023-05-01T14:33:23Z -> data/sisbra_all_w24/20230501T143323_usp2023imje_row5341 picks=2
[3362/3570] SISBRA 2023-05-13T08:33:11 lat=-11.450 lon=-57.750 mag=2.7 window=+/-120.0s r=1.0deg
  candidates=1 scored=1
  best=smi:org.gfz-potsdam.de/geofon/usp2023iosl dt_s=1.388 dist_km=5.087 picks<=400.0km=6
MATCHED: 2023-05-02T21:30:21Z -> data/sisbra_all_w24/20230502T213019_usp2023iosl_row5343 picks=6
[3363/3570] SISBRA 2023-05-13T15:13:48 lat=-12.830 lon=-41.910 mag=2.0 window=+/-120.0s r=1.0deg
  candidates=1 scored=1
  best=smi:org.gfz-potsdam.de/geofon/usp2023ikjd dt_s=0.302 dist_km=0.387 picks<=400.0km=8
NO_MATCH: 2023-05-11T15:00:29Z -> data/sisbra_all_w24/20230511T150029_row5361
[3364/3570] SISBRA 2023-05-13T17:02:00 lat=-13.520 lon=-40.600 mag=2.0 window=+/-120.0s r=1.0deg
MATCHED: 2023-04-30T12:16:05Z -> data/sisbra_all_w24/20230430T121604_usp2023ikjd_row5338 picks=8
[3365/3570] SISBRA 2023-05-16T00:07:26 lat=-13.500 lon=-44.280 mag=2.8 window=+/-120.0s r=1.0deg
NO_MATCH: 2023-05-13T15:13:48Z -> data/sisbra_all_w24/20230513T151348_row5365
[3366/3570] SISBRA 2023-05-16T00:08:56 lat=-20.190 lon=-42.970 mag=2.1 window=+/-120.0s r=1.0deg
  candidates=1 scored=1
  best=smi:org.gfz-potsdam.de/geofon/usp2023iirs dt_s=0.275 dist_km=0.533 picks<=400.0km=5
  candidates=1 scored=1
  best=smi:org.gfz-potsdam.de/geofon/usp2023irrq dt_s=0.000 dist_km=0.000 picks<=400.0km=1
MATCHED: 2023-04-29T14:19:07Z -> data/sisbra_all_w24/20230429T141906_usp2023iirs_row5337 picks=5
[3367/3570] SISBRA 2023-05-17T20:28:14 lat=-8.240 lon=-35.040 mag=1.6 window=+/-120.0s r=1.0deg
NO_MATCH: 2023-05-13T17:02:00Z -> data/sisbra_all_w24/20230513T170200_row5366
[3368/3570] SISBRA 2023-05-18T17:10:59 lat=-13.450 lon=-40.430 mag=2.0 window=+/-120.0s r=1.0deg
  candidates=1 scored=1
  best=smi:org.gfz-potsdam.de/geofon/usp2023isdw dt_s=0.473 dist_km=0.380 picks<=400.0km=2
MATCHED: 2023-05-04T12:30:31Z -> data/sisbra_all_w24/20230504T123031_usp2023irrq_row5353 picks=1
[3369/3570] SISBRA 2023-05-18T17:12:00 lat=-13.680 lon=-40.680 mag=2.0 window=+/-120.0s r=1.0deg
MATCHED: 2023-05-04T18:41:12Z -> data/sisbra_all_w24/20230504T184111_usp2023isdw_row5356 picks=2
[3370/3570] SISBRA 2023-05-20T12:26:54 lat=-22.620 lon=-55.920 mag=2.6 window=+/-120.0s r=1.0deg
  candidates=1 scored=1
  best=smi:org.gfz-potsdam.de/geofon/usp2023ivdo dt_s=0.000 dist_km=0.000 picks<=400.0km=1
NO_MATCH: 2023-05-17T20:28:14Z -> data/sisbra_all_w24/20230517T202814_row5369
[3371/3570] SISBRA 2023-05-22T22:51:10 lat=-11.750 lon=-43.460 mag=2.1 window=+/-120.0s r=1.0deg
MATCHED: 2023-05-06T09:56:59Z -> data/sisbra_all_w24/20230506T095659_usp2023ivdo_row5358 picks=1
[3372/3570] SISBRA 2023-05-23T06:36:54 lat=-13.270 lon=-45.010 mag=2.7 window=+/-120.0s r=1.0deg
NO_MATCH: 2023-05-20T12:26:54Z -> data/sisbra_all_w24/20230520T122654_row5372
[3373/3570] SISBRA 2023-05-23T14:57:59 lat=-4.110 lon=-40.640 mag=2.3 window=+/-120.0s r=1.0deg
  candidates=1 scored=1
  candidates=1 scored=1
  best=smi:org.gfz-potsdam.de/geofon/usp2023imgy dt_s=0.146 dist_km=0.403 picks<=400.0km=4
  best=smi:org.gfz-potsdam.de/geofon/usp2023iryz dt_s=0.127 dist_km=0.167 picks<=400.0km=6
  candidates=1 scored=1
  best=smi:org.gfz-potsdam.de/geofon/usp2023iqib dt_s=0.349 dist_km=0.439 picks<=400.0km=3
MATCHED: 2023-05-01T13:26:08Z -> data/sisbra_all_w24/20230501T132608_usp2023imgy_row5340 picks=4
[3374/3570] SISBRA 2023-05-24T12:57:52 lat=-13.660 lon=-39.940 mag=2.0 window=+/-120.0s r=1.0deg
MATCHED: 2023-05-04T16:13:24Z -> data/sisbra_all_w24/20230504T161323_usp2023iryz_row5354 picks=6
[3375/3570] SISBRA 2023-05-24T18:45:59 lat=-7.780 lon=-39.940 mag=2.2 window=+/-120.0s r=1.0deg
MATCHED: 2023-05-03T18:32:22Z -> data/sisbra_all_w24/20230503T183221_usp2023iqib_row5349 picks=3
[3376/3570] SISBRA 2023-05-25T04:51:26 lat=-13.270 lon=-45.000 mag=3.2 window=+/-120.0s r=1.0deg
  candidates=1 scored=1
  best=smi:org.gfz-potsdam.de/geofon/usp2023iows dt_s=0.181 dist_km=0.388 picks<=400.0km=5
NO_MATCH: 2023-05-24T12:57:52Z -> data/sisbra_all_w24/20230524T125752_row5376
[3377/3570] SISBRA 2023-05-25T07:43:49 lat=-2.970 lon=-40.850 mag=1.9 window=+/-120.0s r=1.0deg
  candidates=1 scored=1
  best=smi:org.gfz-potsdam.de/geofon/usp2023jewt dt_s=2.953 dist_km=12.362 picks<=400.0km=1
  candidates=1 scored=1
  best=smi:org.gfz-potsdam.de/geofon/usp2023jmrf dt_s=0.179 dist_km=0.445 picks<=400.0km=3
MATCHED: 2023-05-11T17:51:44Z -> data/sisbra_all_w24/20230511T175146_usp2023jewt_row5362 picks=1
[3378/3570] SISBRA 2023-05-26T14:29:34 lat=-8.350 lon=-36.120 mag=2.1 window=+/-120.0s r=1.0deg
  candidates=1 scored=1
  best=smi:org.gfz-potsdam.de/geofon/usp2023jhvi dt_s=0.075 dist_km=0.328 picks<=400.0km=2
MATCHED: 2023-05-02T23:40:10Z -> data/sisbra_all_w24/20230502T234010_usp2023iows_row5344 picks=5
[3379/3570] SISBRA 2023-05-27T03:27:50 lat=-0.380 lon=-60.400 mag=4.1 window=+/-120.0s r=1.0deg
MATCHED: 2023-05-16T00:08:56Z -> data/sisbra_all_w24/20230516T000856_usp2023jmrf_row5368 picks=3
[3380/3570] SISBRA 2023-05-27T04:34:35 lat=-21.060 lon=-48.620 mag=2.3 window=+/-120.0s r=1.0deg
  candidates=1 scored=1
  best=smi:org.gfz-potsdam.de/geofon/usp2023iqly dt_s=0.063 dist_km=0.340 picks<=400.0km=4
MATCHED: 2023-05-13T08:33:11Z -> data/sisbra_all_w24/20230513T083310_usp2023jhvi_row5364 picks=2
[3381/3570] SISBRA 2023-05-27T05:07:38 lat=-11.280 lon=-40.570 mag=2.3 window=+/-120.0s r=1.0deg
  candidates=1 scored=1
  best=smi:org.gfz-potsdam.de/geofon/usp2023iqzg dt_s=0.137 dist_km=0.429 picks<=400.0km=3
  candidates=1 scored=1
MATCHED: 2023-05-03T20:57:59Z -> data/sisbra_all_w24/20230503T205758_usp2023iqly_row5350 picks=4
[3382/3570] SISBRA 2023-05-27T13:15:41 lat=-21.090 lon=-48.630 mag=2.2 window=+/-120.0s r=1.0deg
MATCHED: 2023-05-04T03:13:39Z -> data/sisbra_all_w24/20230504T031338_usp2023iqzg_row5352 picks=3
[3383/3570] SISBRA 2023-05-27T14:55:00 lat=-13.750 lon=-40.690 mag=2.1 window=+/-120.0s r=1.0deg
  best=smi:org.gfz-potsdam.de/geofon/usp2023gqfu dt_s=0.280 dist_km=0.388 picks<=400.0km=2
MATCHED: 2023-04-05T06:19:29Z -> data/sisbra_all_w24/20230405T061928_usp2023gqfu_row5286 picks=2
[3384/3570] SISBRA 2023-05-27T21:52:55 lat=-10.550 lon=-44.300 mag=2.4 window=+/-120.0s r=1.0deg
  candidates=1 scored=1
  best=smi:org.gfz-potsdam.de/geofon/usp2023izkq dt_s=0.369 dist_km=0.066 picks<=400.0km=2
NO_MATCH: 2023-05-27T14:55:00Z -> data/sisbra_all_w24/20230527T145500_row5385
[3385/3570] SISBRA 2023-05-28T18:52:40 lat=-5.000 lon=-48.750 mag=3.2 window=+/-120.0s r=1.0deg
MATCHED: 2023-05-08T18:03:15Z -> data/sisbra_all_w24/20230508T180315_usp2023izkq_row5359 picks=2
[3386/3570] SISBRA 2023-05-29T04:57:34 lat=-8.040 lon=-74.350 mag=5.4 window=+/-120.0s r=1.0deg
  candidates=1 scored=1
  best=smi:org.gfz-potsdam.de/geofon/usp2023ipgr dt_s=0.031 dist_km=0.739 picks<=400.0km=7
  candidates=1 scored=1
  best=smi:org.gfz-potsdam.de/geofon/usp2023kapb dt_s=0.162 dist_km=0.471 picks<=400.0km=3
NO_MATCH: 2023-05-28T18:52:40Z -> data/sisbra_all_w24/20230528T185240_row5387
[3387/3570] SISBRA 2023-05-29T15:02:26 lat=-7.880 lon=-40.080 mag=2.1 window=+/-120.0s r=1.0deg
  candidates=1 scored=1
  best=smi:org.gfz-potsdam.de/geofon/usp2023isgw dt_s=0.314 dist_km=0.224 picks<=400.0km=5
MATCHED: 2023-05-03T04:41:29Z -> data/sisbra_all_w24/20230503T044129_usp2023ipgr_row5346 picks=7
[3388/3570] SISBRA 2023-05-30T07:22:28 lat=-12.470 lon=-61.540 mag=2.5 window=+/-120.0s r=1.0deg
MATCHED: 2023-05-23T14:57:59Z -> data/sisbra_all_w24/20230523T145758_usp2023kapb_row5375 picks=3
[3389/3570] SISBRA 2023-05-30T21:25:24 lat=-14.200 lon=-51.380 mag=2.5 window=+/-120.0s r=1.0deg
MATCHED: 2023-05-04T20:12:21Z -> data/sisbra_all_w24/20230504T201221_usp2023isgw_row5357 picks=5
[3390/3570] SISBRA 2023-06-01T16:09:39 lat=-22.430 lon=-55.750 mag=2.3 window=+/-120.0s r=1.0deg
  candidates=1 scored=1
  best=smi:org.gfz-potsdam.de/geofon/usp2023jgmi dt_s=3.060 dist_km=4.121 picks<=400.0km=3
  candidates=1 scored=1
  best=smi:org.gfz-potsdam.de/geofon/usp2023jzje dt_s=0.203 dist_km=0.534 picks<=400.0km=3
MATCHED: 2023-05-12T14:51:47Z -> data/sisbra_all_w24/20230512T145143_usp2023jgmi_row5363 picks=3
[3391/3570] SISBRA 2023-06-01T20:34:36 lat=-21.060 lon=-44.710 mag=2.2 window=+/-120.0s r=1.0deg
MATCHED: 2023-05-22T22:51:10Z -> data/sisbra_all_w24/20230522T225110_usp2023jzje_row5373 picks=3
[3392/3570] SISBRA 2023-06-03T09:49:07 lat=-8.770 lon=-40.230 mag=2.3 window=+/-120.0s r=1.0deg
  candidates=1 scored=1
  best=smi:org.gfz-potsdam.de/geofon/usp2023khdp dt_s=0.466 dist_km=0.581 picks<=400.0km=2
  candidates=1 scored=1
  best=smi:org.gfz-potsdam.de/geofon/usp2023jrpy dt_s=60.357 dist_km=37.632 picks<=400.0km=2
NO_MATCH: 2023-06-01T16:09:39Z -> data/sisbra_all_w24/20230601T160939_row5392
[3393/3570] SISBRA 2023-06-04T18:13:25 lat=-16.440 lon=-60.050 mag=3.6 window=+/-120.0s r=1.0deg
MATCHED: 2023-05-27T05:07:38Z -> data/sisbra_all_w24/20230527T050737_usp2023khdp_row5383 picks=2
[3394/3570] SISBRA 2023-06-07T16:36:46 lat=-18.750 lon=-43.400 mag=2.9 window=+/-120.0s r=1.0deg
MATCHED: 2023-05-18T17:12:00Z -> data/sisbra_all_w24/20230518T171059_usp2023jrpy_row5371 picks=2
[3395/3570] SISBRA 2023-06-09T10:39:15 lat=-19.520 lon=-44.180 mag=2.3 window=+/-120.0s r=1.0deg
  candidates=1 scored=1
  best=smi:org.gfz-potsdam.de/geofon/usp2023khcn dt_s=0.208 dist_km=0.441 picks<=400.0km=9
  candidates=1 scored=1
  best=smi:org.gfz-potsdam.de/geofon/usp2023jrpy dt_s=0.643 dist_km=0.489 picks<=400.0km=2
  candidates=1 scored=1
  best=smi:org.gfz-potsdam.de/geofon/usp2023khts dt_s=0.153 dist_km=0.609 picks<=400.0km=6
MATCHED: 2023-05-27T04:34:35Z -> data/sisbra_all_w24/20230527T043435_usp2023khcn_row5382 picks=9
[3396/3570] SISBRA 2023-06-09T18:26:55 lat=-4.280 lon=-40.220 mag=1.5 window=+/-120.0s r=1.0deg
MATCHED: 2023-05-18T17:10:59Z -> data/sisbra_all_w24/20230518T171059_usp2023jrpy_row5370 picks=2
[3397/3570] SISBRA 2023-06-09T21:49:18 lat=-21.100 lon=-59.350 mag=2.8 window=+/-120.0s r=1.0deg
MATCHED: 2023-05-27T13:15:41Z -> data/sisbra_all_w24/20230527T131541_usp2023khts_row5384 picks=6
[3398/3570] SISBRA 2023-06-14T16:46:42 lat=-13.630 lon=-40.680 mag=2.1 window=+/-120.0s r=1.0deg
  candidates=1 scored=1
  best=smi:org.gfz-potsdam.de/geofon/usp2023kdrt dt_s=0.006 dist_km=0.698 picks<=400.0km=3
  candidates=1 scored=1
  best=smi:org.gfz-potsdam.de/geofon/usp2023jcpm dt_s=0.159 dist_km=0.413 picks<=400.0km=5
  candidates=1 scored=1
  best=smi:org.gfz-potsdam.de/geofon/usp2023jzyn dt_s=0.183 dist_km=0.278 picks<=400.0km=2
MATCHED: 2023-05-10T11:55:14Z -> data/sisbra_all_w24/20230510T115513_usp2023jcpm_row5360 picks=5
[3399/3570] SISBRA 2023-06-15T20:00:08 lat=-15.890 lon=-43.000 mag=2.5 window=+/-120.0s r=1.0deg
MATCHED: 2023-05-25T07:43:49Z -> data/sisbra_all_w24/20230525T074348_usp2023kdrt_row5379 picks=3
[3400/3570] SISBRA 2023-06-16T11:22:06 lat=-24.500 lon=-47.400 mag=4.0 window=+/-120.0s r=1.0deg
MATCHED: 2023-05-23T06:36:54Z -> data/sisbra_all_w24/20230523T063654_usp2023jzyn_row5374 picks=2
[3401/3570] SISBRA 2023-06-16T19:23:19 lat=-9.420 lon=-35.800 mag=2.1 window=+/-120.0s r=1.0deg
  candidates=1 scored=1
  best=smi:org.gfz-potsdam.de/geofon/usp2023jmre dt_s=0.414 dist_km=0.511 picks<=400.0km=2
MATCHED: 2023-05-16T00:07:26Z -> data/sisbra_all_w24/20230516T000725_usp2023jmre_row5367 picks=2
[3402/3570] SISBRA 2023-06-18T16:36:35 lat=-11.210 lon=-40.390 mag=2.1 window=+/-120.0s r=1.0deg
  candidates=1 scored=1
  best=smi:org.gfz-potsdam.de/geofon/usp2023knwj dt_s=0.051 dist_km=0.512 picks<=400.0km=2
MATCHED: 2023-05-30T21:25:24Z -> data/sisbra_all_w24/20230530T212524_usp2023knwj_row5391 picks=2
[3403/3570] SISBRA 2023-06-18T21:13:46 lat=-21.050 lon=-48.620 mag=2.1 window=+/-120.0s r=1.0deg
NO_MATCH: 2023-06-18T16:36:35Z -> data/sisbra_all_w24/20230618T163635_row5404
[3404/3570] SISBRA 2023-06-19T03:29:12 lat=-20.990 lon=-48.610 mag=2.5 window=+/-120.0s r=1.0deg
  candidates=1 scored=1
  best=smi:org.gfz-potsdam.de/geofon/usp2023loxs dt_s=0.477 dist_km=0.296 picks<=400.0km=1
MATCHED: 2023-06-14T16:46:42Z -> data/sisbra_all_w24/20230614T164641_usp2023loxs_row5400 picks=1
[3405/3570] SISBRA 2023-06-19T05:57:50 lat=-20.870 lon=-48.530 mag=2.5 window=+/-120.0s r=1.0deg
  candidates=1 scored=1
  best=smi:org.gfz-potsdam.de/geofon/usp2023kmuo dt_s=0.345 dist_km=0.663 picks<=400.0km=1
MATCHED: 2023-05-30T07:22:28Z -> data/sisbra_all_w24/20230530T072227_usp2023kmuo_row5390 picks=1
[3406/3570] SISBRA 2023-06-19T19:59:08 lat=-11.450 lon=-41.790 mag=2.0 window=+/-120.0s r=1.0deg
  candidates=1 scored=1
  best=smi:org.gfz-potsdam.de/geofon/usp2023kgaq dt_s=0.407 dist_km=0.410 picks<=400.0km=5
  candidates=1 scored=1
  best=smi:org.gfz-potsdam.de/geofon/usp2023isbu dt_s=0.060 dist_km=0.449 picks<=400.0km=3
  candidates=1 scored=1
  best=smi:org.gfz-potsdam.de/geofon/usp2023krlr dt_s=0.127 dist_km=0.503 picks<=400.0km=4
MATCHED: 2023-05-26T14:29:34Z -> data/sisbra_all_w24/20230526T142934_usp2023kgaq_row5380 picks=5
[3407/3570] SISBRA 2023-06-22T03:29:49 lat=-7.810 lon=-74.360 mag=4.4 window=+/-120.0s r=1.0deg
  candidates=1 scored=1
  best=smi:org.gfz-potsdam.de/geofon/usp2023lfxn dt_s=0.233 dist_km=0.130 picks<=400.0km=5
  candidates=1 scored=1
  best=smi:org.gfz-potsdam.de/geofon/usp2023kikt dt_s=0.171 dist_km=0.594 picks<=400.0km=1
MATCHED: 2023-06-01T20:34:36Z -> data/sisbra_all_w24/20230601T203435_usp2023krlr_row5393 picks=4
[3408/3570] SISBRA 2023-06-23T02:12:16 lat=-13.370 lon=-40.400 mag=2.0 window=+/-120.0s r=1.0deg
MATCHED: 2023-05-04T17:38:11Z -> data/sisbra_all_w24/20230504T173811_usp2023isbu_row5355 picks=3
[3409/3570] SISBRA 2023-06-23T03:32:50 lat=-9.760 lon=-39.970 mag=2.0 window=+/-120.0s r=1.0deg
NO_MATCH: 2023-06-19T19:59:08Z -> data/sisbra_all_w24/20230619T195908_row5408
[3410/3570] SISBRA 2023-06-23T04:24:33 lat=-6.640 lon=-50.040 mag=2.3 window=+/-120.0s r=1.0deg
MATCHED: 2023-06-09T18:26:55Z -> data/sisbra_all_w24/20230609T182654_usp2023lfxn_row5398 picks=5
[3411/3570] SISBRA 2023-06-23T04:24:58 lat=-6.630 lon=-50.010 mag=2.5 window=+/-120.0s r=1.0deg
MATCHED: 2023-05-27T21:52:55Z -> data/sisbra_all_w24/20230527T215254_usp2023kikt_row5386 picks=1
[3412/3570] SISBRA 2023-06-23T04:25:04 lat=-6.650 lon=-50.090 mag=3.0 window=+/-120.0s r=1.0deg
  candidates=1 scored=1
  best=smi:org.gfz-potsdam.de/geofon/usp2023lstw dt_s=0.461 dist_km=0.326 picks<=400.0km=4
NO_MATCH: 2023-06-23T02:12:16Z -> data/sisbra_all_w24/20230623T021216_row5410
[3413/3570] SISBRA 2023-06-23T05:55:11 lat=-10.080 lon=-39.520 mag=2.2 window=+/-120.0s r=1.0deg
  candidates=1 scored=1
MATCHED: 2023-06-16T19:23:19Z -> data/sisbra_all_w24/20230616T192318_usp2023lstw_row5403 picks=4
[3414/3570] SISBRA 2023-06-23T15:02:23 lat=-10.940 lon=-39.320 mag=2.1 window=+/-120.0s r=1.0deg
  candidates=1 scored=1
  best=smi:org.gfz-potsdam.de/geofon/usp2023kcsc dt_s=0.452 dist_km=0.291 picks<=400.0km=8
  best=smi:org.gfz-potsdam.de/geofon/usp2023ilzf dt_s=0.359 dist_km=0.624 picks<=400.0km=0
  candidates=1 scored=1
  best=smi:org.gfz-potsdam.de/geofon/usp2023lgee dt_s=0.388 dist_km=0.491 picks<=400.0km=3
MATCHED: 2023-05-01T09:31:09Z -> data/sisbra_all_w24/20230501T093108_usp2023ilzf_row5339 picks=0
[3415/3570] SISBRA 2023-06-23T17:01:45 lat=-6.430 lon=-50.090 mag=3.3 window=+/-120.0s r=1.0deg
MATCHED: 2023-05-24T18:45:59Z -> data/sisbra_all_w24/20230524T184558_usp2023kcsc_row5377 picks=8
[3416/3570] SISBRA 2023-06-24T03:31:33 lat=-8.070 lon=-74.460 mag=5.3 window=+/-120.0s r=1.0deg
  candidates=1 scored=1
NO_MATCH: 2023-06-23T15:02:23Z -> data/sisbra_all_w24/20230623T150223_row5416
[3417/3570] SISBRA 2023-06-27T16:29:16 lat=-4.170 lon=-40.630 mag=1.7 window=+/-120.0s r=1.0deg
MATCHED: 2023-06-09T21:49:18Z -> data/sisbra_all_w24/20230609T214917_usp2023lgee_row5399 picks=3
[3418/3570] SISBRA 2023-06-29T15:01:08 lat=-16.390 lon=-44.840 mag=2.1 window=+/-120.0s r=1.0deg
  candidates=1 scored=1
  best=smi:org.gfz-potsdam.de/geofon/usp2022yzpu dt_s=0.186 dist_km=0.492 picks<=400.0km=2
  best=smi:org.gfz-potsdam.de/geofon/usp2023kuhk dt_s=0.147 dist_km=0.250 picks<=400.0km=4
  candidates=1 scored=1
  best=smi:org.gfz-potsdam.de/geofon/usp2023lccw dt_s=2.899 dist_km=16.845 picks<=400.0km=4
  candidates=1 scored=1
  best=smi:org.gfz-potsdam.de/geofon/usp2023lfib dt_s=0.090 dist_km=0.462 picks<=400.0km=2
MATCHED: 2023-06-03T09:49:07Z -> data/sisbra_all_w24/20230603T094907_usp2023kuhk_row5394 picks=4
[3419/3570] SISBRA 2023-07-03T17:32:42 lat=-23.270 lon=-51.070 mag=2.6 window=+/-120.0s r=1.0deg
MATCHED: 2022-12-22T13:13:57Z -> data/sisbra_all_w24/20221222T131356_usp2022yzpu_row5189 picks=2
[3420/3570] SISBRA 2023-07-04T14:24:56 lat=-4.770 lon=-38.370 mag=2.1 window=+/-120.0s r=1.0deg
MATCHED: 2023-06-07T16:36:46Z -> data/sisbra_all_w24/20230607T163643_usp2023lccw_row5396 picks=4
[3421/3570] SISBRA 2023-07-07T03:40:15 lat=-8.300 lon=-73.970 mag=4.5 window=+/-120.0s r=1.0deg
MATCHED: 2023-06-09T10:39:15Z -> data/sisbra_all_w24/20230609T103914_usp2023lfib_row5397 picks=2
[3422/3570] SISBRA 2023-07-07T19:25:36 lat=-4.480 lon=-49.900 mag=2.7 window=+/-120.0s r=1.0deg
  candidates=1 scored=1
  best=smi:org.gfz-potsdam.de/geofon/usp2023khah dt_s=0.270 dist_km=0.589 picks<=400.0km=0
  candidates=1 scored=1
  best=smi:org.gfz-potsdam.de/geofon/usp2023mmqr dt_s=0.131 dist_km=0.168 picks<=400.0km=4
MATCHED: 2023-06-27T16:29:16Z -> data/sisbra_all_w24/20230627T162915_usp2023mmqr_row5419 picks=4
[3423/3570] SISBRA 2023-07-12T14:39:46 lat=-6.260 lon=-38.920 mag=2.0 window=+/-120.0s r=1.0deg
  candidates=1 scored=1
  best=smi:org.gfz-potsdam.de/geofon/usp2023lwon dt_s=0.090 dist_km=0.597 picks<=400.0km=6
  candidates=1 scored=1
  best=smi:org.gfz-potsdam.de/geofon/usp2023lqzp dt_s=0.036 dist_km=0.272 picks<=400.0km=4
MATCHED: 2023-05-27T03:27:50Z -> data/sisbra_all_w24/20230527T032750_usp2023khah_row5381 picks=0
[3424/3570] SISBRA 2023-07-15T21:28:31 lat=-20.460 lon=-56.300 mag=1.8 window=+/-120.0s r=1.0deg
MATCHED: 2023-06-15T20:00:08Z -> data/sisbra_all_w24/20230615T200008_usp2023lqzp_row5401 picks=4
[3425/3570] SISBRA 2023-07-16T06:12:13 lat=-14.540 lon=-45.600 mag=2.3 window=+/-120.0s r=1.0deg
MATCHED: 2023-06-18T21:13:46Z -> data/sisbra_all_w24/20230618T211345_usp2023lwon_row5405 picks=6
[3426/3570] SISBRA 2023-07-16T13:45:59 lat=-9.470 lon=-35.710 mag=1.8 window=+/-120.0s r=1.0deg
  candidates=1 scored=1
  best=smi:org.gfz-potsdam.de/geofon/usp2023klog dt_s=0.174 dist_km=0.299 picks<=400.0km=4
  candidates=1 scored=1
  best=smi:org.gfz-potsdam.de/geofon/usp2023mqeu dt_s=0.263 dist_km=0.474 picks<=400.0km=4
  candidates=1 scored=1
  candidates=1 scored=1
  best=smi:org.gfz-potsdam.de/geofon/usp2023nnxp dt_s=0.094 dist_km=0.592 picks<=400.0km=3
  best=smi:org.gfz-potsdam.de/geofon/usp2023kwto dt_s=0.459 dist_km=0.443 picks<=400.0km=2
MATCHED: 2023-05-29T15:02:26Z -> data/sisbra_all_w24/20230529T150225_usp2023klog_row5389 picks=4
[3427/3570] SISBRA 2023-07-18T22:44:12 lat=-9.910 lon=-39.840 mag=2.3 window=+/-120.0s r=1.0deg
MATCHED: 2023-06-29T15:01:08Z -> data/sisbra_all_w24/20230629T150107_usp2023mqeu_row5420 picks=4
[3428/3570] SISBRA 2023-07-19T10:12:30 lat=-8.010 lon=-74.310 mag=4.8 window=+/-120.0s r=1.0deg
MATCHED: 2023-06-04T18:13:25Z -> data/sisbra_all_w24/20230604T181324_usp2023kwto_row5395 picks=2
[3429/3570] SISBRA 2023-07-19T15:05:18 lat=-8.610 lon=-36.310 mag=2.4 window=+/-120.0s r=1.0deg
MATCHED: 2023-07-12T14:39:46Z -> data/sisbra_all_w24/20230712T143946_usp2023nnxp_row5425 picks=3
[3430/3570] SISBRA 2023-07-20T19:11:00 lat=-4.000 lon=-50.010 mag=3.4 window=+/-120.0s r=1.0deg
  candidates=1 scored=1
  best=smi:org.gfz-potsdam.de/geofon/usp2023ment dt_s=0.398 dist_km=0.596 picks<=400.0km=4
  candidates=1 scored=1
  best=smi:org.gfz-potsdam.de/geofon/usp2023mejb dt_s=0.022 dist_km=0.687 picks<=400.0km=3
MATCHED: 2023-06-23T05:55:11Z -> data/sisbra_all_w24/20230623T055511_usp2023ment_row5415 picks=4
[3431/3570] SISBRA 2023-07-21T14:58:22 lat=-9.850 lon=-36.720 mag=1.8 window=+/-120.0s r=1.0deg
MATCHED: 2023-06-23T03:32:50Z -> data/sisbra_all_w24/20230623T033249_usp2023mejb_row5411 picks=3
[3432/3570] SISBRA 2023-07-23T05:39:07 lat=-6.440 lon=-50.330 mag=2.9 window=+/-120.0s r=1.0deg
  candidates=1 scored=1
  best=smi:org.gfz-potsdam.de/geofon/usp2023nfdn dt_s=0.076 dist_km=0.324 picks<=400.0km=2
MATCHED: 2023-07-07T19:25:36Z -> data/sisbra_all_w24/20230707T192535_usp2023nfdn_row5424 picks=2
[3433/3570] SISBRA 2023-07-25T17:53:49 lat=-20.140 lon=-43.630 mag=2.1 window=+/-120.0s r=1.0deg
NO_MATCH: 2023-07-25T17:53:49Z -> data/sisbra_all_w24/20230725T175349_row5435
[3434/3570] SISBRA 2023-07-27T00:47:14 lat=-4.430 lon=-38.460 mag=2.6 window=+/-120.0s r=1.0deg
  candidates=1 scored=1
  best=smi:org.gfz-potsdam.de/geofon/usp2023ocwp dt_s=0.000 dist_km=0.000 picks<=400.0km=0
  candidates=1 scored=1
  best=smi:org.gfz-potsdam.de/geofon/usp2023mfjt dt_s=0.085 dist_km=0.351 picks<=400.0km=5
MATCHED: 2023-07-20T19:11:00Z -> data/sisbra_all_w24/20230720T191100_usp2023ocwp_row5432 picks=0
[3435/3570] SISBRA 2023-07-28T12:19:06 lat=-8.380 lon=-36.130 mag=2.1 window=+/-120.0s r=1.0deg
MATCHED: 2023-06-23T17:01:45Z -> data/sisbra_all_w24/20230623T170145_usp2023mfjt_row5417 picks=5
[3436/3570] SISBRA 2023-07-28T16:10:58 lat=-4.150 lon=-40.580 mag=2.1 window=+/-120.0s r=1.0deg
  candidates=1 scored=1
  best=smi:org.gfz-potsdam.de/geofon/usp2023mzhc dt_s=0.190 dist_km=0.033 picks<=400.0km=6
  candidates=1 scored=1
  best=smi:org.gfz-potsdam.de/geofon/usp2023ntxp dt_s=0.451 dist_km=0.450 picks<=400.0km=3
  candidates=1 scored=1
  candidates=1 scored=1
  best=smi:org.gfz-potsdam.de/geofon/usp2023mxru dt_s=0.388 dist_km=0.425 picks<=400.0km=4
  best=smi:org.gfz-potsdam.de/geofon/usp2023kdmb dt_s=0.493 dist_km=0.589 picks<=400.0km=2
MATCHED: 2023-07-04T14:24:56Z -> data/sisbra_all_w24/20230704T142456_usp2023mzhc_row5422 picks=6
[3437/3570] SISBRA 2023-07-30T23:46:59 lat=-19.330 lon=-45.220 mag=3.2 window=+/-120.0s r=1.0deg
MATCHED: 2023-07-15T21:28:31Z -> data/sisbra_all_w24/20230715T212830_usp2023ntxp_row5426 picks=3
[3438/3570] SISBRA 2023-08-01T06:41:27 lat=-21.080 lon=-48.690 mag=1.1 window=+/-120.0s r=1.0deg
MATCHED: 2023-05-25T04:51:26Z -> data/sisbra_all_w24/20230525T045126_usp2023kdmb_row5378 picks=2
[3439/3570] SISBRA 2023-08-01T09:41:22 lat=-11.240 lon=-40.550 mag=2.1 window=+/-120.0s r=1.0deg
MATCHED: 2023-07-03T17:32:42Z -> data/sisbra_all_w24/20230703T173242_usp2023mxru_row5421 picks=4
[3440/3570] SISBRA 2023-08-02T16:49:58 lat=-13.690 lon=-40.760 mag=2.5 window=+/-120.0s r=1.0deg
  candidates=1 scored=1
  best=smi:org.gfz-potsdam.de/geofon/usp2023kkug dt_s=0.488 dist_km=0.494 picks<=400.0km=1
  candidates=1 scored=1
NO_MATCH: 2023-08-01T09:41:22Z -> data/sisbra_all_w24/20230801T094122_row5441
[3441/3570] SISBRA 2023-08-03T01:27:39 lat=-6.590 lon=-38.340 mag=1.2 window=+/-120.0s r=1.0deg
  best=smi:org.gfz-potsdam.de/geofon/usp2023lxfv dt_s=0.085 dist_km=0.502 picks<=400.0km=13
MATCHED: 2023-05-29T04:57:34Z -> data/sisbra_all_w24/20230529T045733_usp2023kkug_row5388 picks=1
[3442/3570] SISBRA 2023-08-03T04:58:38 lat=-21.230 lon=-57.180 mag=2.9 window=+/-120.0s r=1.0deg
MATCHED: 2023-06-19T05:57:50Z -> data/sisbra_all_w24/20230619T055750_usp2023lxfv_row5407 picks=13
[3443/3570] SISBRA 2023-08-04T05:31:40 lat=-9.700 lon=-36.610 mag=2.0 window=+/-120.0s r=1.0deg
NO_MATCH: 2023-08-03T01:27:39Z -> data/sisbra_all_w24/20230803T012739_row5443
[3444/3570] SISBRA 2023-08-05T03:52:39 lat=-11.240 lon=-40.530 mag=2.4 window=+/-120.0s r=1.0deg
  candidates=1 scored=1
  best=smi:org.gfz-potsdam.de/geofon/usp2023nvdw dt_s=0.183 dist_km=0.331 picks<=400.0km=3
  candidates=1 scored=1
  best=smi:org.gfz-potsdam.de/geofon/usp2023ndyi dt_s=0.439 dist_km=0.597 picks<=400.0km=2
MATCHED: 2023-07-16T13:45:59Z -> data/sisbra_all_w24/20230716T134558_usp2023nvdw_row5428 picks=3
[3445/3570] SISBRA 2023-08-05T03:54:16 lat=-11.240 lon=-40.540 mag=2.1 window=+/-120.0s r=1.0deg
MATCHED: 2023-07-07T03:40:15Z -> data/sisbra_all_w24/20230707T034014_usp2023ndyi_row5423 picks=2
[3446/3570] SISBRA 2023-08-06T19:24:09 lat=-19.980 lon=-48.820 mag=2.6 window=+/-120.0s r=1.0deg
  candidates=1 scored=1
  best=smi:org.gfz-potsdam.de/geofon/usp2023nuow dt_s=0.002 dist_km=0.363 picks<=400.0km=2
MATCHED: 2023-07-16T06:12:13Z -> data/sisbra_all_w24/20230716T061213_usp2023nuow_row5427 picks=2
[3447/3570] SISBRA 2023-08-06T23:07:11 lat=-19.960 lon=-48.740 mag=2.6 window=+/-120.0s r=1.0deg
  candidates=1 scored=1
  best=smi:org.gfz-potsdam.de/geofon/usp2023lxax dt_s=0.111 dist_km=0.043 picks<=400.0km=13
  candidates=1 scored=1
  best=smi:org.gfz-potsdam.de/geofon/usp2023oxvx dt_s=0.000 dist_km=0.000 picks<=400.0km=0
MATCHED: 2023-06-19T03:29:12Z -> data/sisbra_all_w24/20230619T032911_usp2023lxax_row5406 picks=13
[3448/3570] SISBRA 2023-08-08T03:36:24 lat=-9.870 lon=-39.880 mag=2.3 window=+/-120.0s r=1.0deg
  candidates=1 scored=1
  best=smi:org.gfz-potsdam.de/geofon/usp2023nzmp dt_s=0.169 dist_km=0.159 picks<=400.0km=3
MATCHED: 2023-08-01T06:41:27Z -> data/sisbra_all_w24/20230801T064127_usp2023oxvx_row5440 picks=0
[3449/3570] SISBRA 2023-08-09T07:31:21 lat=-4.220 lon=-39.740 mag=1.6 window=+/-120.0s r=1.0deg
MATCHED: 2023-07-18T22:44:12Z -> data/sisbra_all_w24/20230718T224411_usp2023nzmp_row5429 picks=3
[3450/3570] SISBRA 2023-08-10T04:30:25 lat=-7.990 lon=-74.410 mag=4.4 window=+/-120.0s r=1.0deg
  candidates=1 scored=1
  best=smi:org.gfz-potsdam.de/geofon/usp2023oejt dt_s=0.068 dist_km=0.469 picks<=400.0km=4
MATCHED: 2023-07-21T14:58:22Z -> data/sisbra_all_w24/20230721T145822_usp2023oejt_row5433 picks=4
[3451/3570] SISBRA 2023-08-10T20:32:10 lat=-10.580 lon=-40.390 mag=2.0 window=+/-120.0s r=1.0deg
NO_MATCH: 2023-08-09T07:31:21Z -> data/sisbra_all_w24/20230809T073121_row5451
[3452/3570] SISBRA 2023-08-10T21:46:59 lat=-9.830 lon=-39.880 mag=2.0 window=+/-120.0s r=1.0deg
  candidates=1 scored=1
  best=smi:org.gfz-potsdam.de/geofon/usp2023palm dt_s=0.191 dist_km=0.398 picks<=400.0km=0
NO_MATCH: 2023-08-10T20:32:10Z -> data/sisbra_all_w24/20230810T203210_row5453
[3453/3570] SISBRA 2023-08-11T04:36:51 lat=-9.860 lon=-39.860 mag=2.1 window=+/-120.0s r=1.0deg
NO_MATCH: 2023-08-10T21:46:59Z -> data/sisbra_all_w24/20230810T214659_row5454
[3454/3570] SISBRA 2023-08-13T16:38:58 lat=-4.410 lon=-38.410 mag=2.5 window=+/-120.0s r=1.0deg
  candidates=1 scored=1
MATCHED: 2023-08-02T16:49:58Z -> data/sisbra_all_w24/20230802T164957_usp2023palm_row5442 picks=0
[3455/3570] SISBRA 2023-08-14T11:33:14 lat=-11.250 lon=-40.500 mag=2.0 window=+/-120.0s r=1.0deg
  best=smi:org.gfz-potsdam.de/geofon/usp2023oasz dt_s=0.005 dist_km=0.223 picks<=400.0km=4
  candidates=1 scored=1
  best=smi:org.gfz-potsdam.de/geofon/usp2023oqza dt_s=0.158 dist_km=0.550 picks<=400.0km=6
MATCHED: 2023-07-19T15:05:18Z -> data/sisbra_all_w24/20230719T150517_usp2023oasz_row5431 picks=4
[3456/3570] SISBRA 2023-08-14T16:14:02 lat=-9.880 lon=-39.870 mag=2.3 window=+/-120.0s r=1.0deg
  candidates=1 scored=1
  best=smi:org.gfz-potsdam.de/geofon/usp2023pdgc dt_s=0.283 dist_km=0.580 picks<=400.0km=4
NO_MATCH: 2023-08-11T04:36:51Z -> data/sisbra_all_w24/20230811T043651_row5455
[3457/3570] SISBRA 2023-08-14T17:38:21 lat=-5.880 lon=-50.660 mag=3.7 window=+/-120.0s r=1.0deg
MATCHED: 2023-07-28T12:19:06Z -> data/sisbra_all_w24/20230728T121905_usp2023oqza_row5437 picks=6
[3458/3570] SISBRA 2023-08-15T16:42:49 lat=-13.490 lon=-49.060 mag=2.9 window=+/-120.0s r=1.0deg
  candidates=1 scored=1
  best=smi:org.gfz-potsdam.de/geofon/usp2023ohii dt_s=0.090 dist_km=0.147 picks<=400.0km=2
NO_MATCH: 2023-08-14T11:33:14Z -> data/sisbra_all_w24/20230814T113314_row5457
[3459/3570] SISBRA 2023-08-15T18:29:16 lat=-20.440 lon=-43.170 mag=2.1 window=+/-120.0s r=1.0deg
MATCHED: 2023-08-04T05:31:40Z -> data/sisbra_all_w24/20230804T053140_usp2023pdgc_row5445 picks=4
[3460/3570] SISBRA 2023-08-17T18:52:53 lat=-6.040 lon=-50.210 mag=3.2 window=+/-120.0s r=1.0deg
MATCHED: 2023-07-23T05:39:07Z -> data/sisbra_all_w24/20230723T053906_usp2023ohii_row5434 picks=2
[3461/3570] SISBRA 2023-08-22T21:19:39 lat=-24.320 lon=-50.670 mag=2.4 window=+/-120.0s r=1.0deg
NO_MATCH: 2023-08-17T18:52:53Z -> data/sisbra_all_w24/20230817T185253_row5462
[3462/3570] SISBRA 2023-08-23T01:25:32 lat=-7.470 lon=-49.690 mag=2.5 window=+/-120.0s r=1.0deg
  candidates=1 scored=1
  best=smi:org.gfz-potsdam.de/geofon/usp2023phyo dt_s=0.270 dist_km=0.545 picks<=400.0km=8
  candidates=1 scored=1
  best=smi:org.gfz-potsdam.de/geofon/usp2023ovms dt_s=0.257 dist_km=0.598 picks<=400.0km=13
MATCHED: 2023-08-06T19:24:09Z -> data/sisbra_all_w24/20230806T192408_usp2023phyo_row5448 picks=8
[3463/3570] SISBRA 2023-08-24T08:38:08 lat=-13.400 lon=-38.840 mag=2.2 window=+/-120.0s r=1.0deg
  candidates=1 scored=1
  best=smi:org.gfz-potsdam.de/geofon/usp2023orgr dt_s=0.201 dist_km=0.473 picks<=400.0km=4
MATCHED: 2023-07-30T23:46:59Z -> data/sisbra_all_w24/20230730T234659_usp2023ovms_row5439 picks=13
[3464/3570] SISBRA 2023-08-24T13:03:06 lat=-5.380 lon=-39.930 mag=2.1 window=+/-120.0s r=1.0deg
MATCHED: 2023-07-28T16:10:58Z -> data/sisbra_all_w24/20230728T161057_usp2023orgr_row5438 picks=4
[3465/3570] SISBRA 2023-08-24T14:07:41 lat=-14.220 lon=-50.190 mag=2.9 window=+/-120.0s r=1.0deg
  candidates=1 scored=1
  best=smi:org.gfz-potsdam.de/geofon/usp2023pbjn dt_s=0.270 dist_km=0.562 picks<=400.0km=4
MATCHED: 2023-08-03T04:58:38Z -> data/sisbra_all_w24/20230803T045837_usp2023pbjn_row5444 picks=4
[3466/3570] SISBRA 2023-08-25T00:28:17 lat=-3.910 lon=-39.410 mag=1.9 window=+/-120.0s r=1.0deg
  candidates=1 scored=1
  best=smi:org.gfz-potsdam.de/geofon/usp2023pyih dt_s=0.310 dist_km=0.553 picks<=400.0km=2
  candidates=3 scored=3
  candidates=1 scored=1
  best=smi:org.gfz-potsdam.de/geofon/usp2023peyi dt_s=97.164 dist_km=0.841 picks<=400.0km=2
  best=smi:org.gfz-potsdam.de/geofon/usp2023mekt dt_s=0.015 dist_km=0.142 picks<=400.0km=4
  candidates=1 scored=1
  best=smi:org.gfz-potsdam.de/geofon/usp2023qoai dt_s=0.330 dist_km=0.339 picks<=400.0km=1
MATCHED: 2023-08-05T03:54:16Z -> data/sisbra_all_w24/20230805T035238_usp2023peyi_row5447 picks=2
[3467/3570] SISBRA 2023-08-25T09:47:44 lat=-9.900 lon=-39.840 mag=2.3 window=+/-120.0s r=1.0deg
MATCHED: 2023-06-23T04:25:04Z -> data/sisbra_all_w24/20230623T042503_usp2023mekt_row5414 picks=4
[3468/3570] SISBRA 2023-08-25T19:34:40 lat=-9.760 lon=-36.700 mag=2.1 window=+/-120.0s r=1.0deg
  candidates=3 scored=3
  best=smi:org.gfz-potsdam.de/geofon/usp2023mekv dt_s=0.108 dist_km=0.182 picks<=400.0km=4
MATCHED: 2023-08-24T08:38:08Z -> data/sisbra_all_w24/20230824T083808_usp2023qoai_row5465 picks=1
[3469/3570] SISBRA 2023-08-28T14:14:09 lat=-5.080 lon=-38.230 mag=2.1 window=+/-120.0s r=1.0deg
MATCHED: 2023-08-15T18:29:16Z -> data/sisbra_all_w24/20230815T182916_usp2023pyih_row5461 picks=2
[3470/3570] SISBRA 2023-08-29T03:35:17 lat=-8.110 lon=-35.220 mag=2.0 window=+/-120.0s r=1.0deg
  candidates=1 scored=1
  best=smi:org.gfz-potsdam.de/geofon/usp2023qlqo dt_s=0.473 dist_km=0.460 picks<=400.0km=2
MATCHED: 2023-06-23T04:24:33Z -> data/sisbra_all_w24/20230623T042433_usp2023mekv_row5412 picks=4
[3471/3570] SISBRA 2023-08-29T16:39:15 lat=-19.410 lon=-44.160 mag=2.3 window=+/-120.0s r=1.0deg
  candidates=1 scored=1
  best=smi:org.gfz-potsdam.de/geofon/usp2023mcnl dt_s=1.478 dist_km=33.100 picks<=400.0km=2
MATCHED: 2023-08-23T01:25:32Z -> data/sisbra_all_w24/20230823T012531_usp2023qlqo_row5464 picks=2
[3472/3570] SISBRA 2023-08-29T19:55:20 lat=-10.240 lon=-36.880 mag=2.0 window=+/-120.0s r=1.0deg
  candidates=1 scored=1
  best=smi:org.gfz-potsdam.de/geofon/usp2023lsea dt_s=0.620 dist_km=4.413 picks<=400.0km=7
MATCHED: 2023-06-22T03:29:49Z -> data/sisbra_all_w24/20230622T032947_usp2023mcnl_row5409 picks=2
[3473/3570] SISBRA 2023-08-30T21:09:19 lat=-11.230 lon=-40.510 mag=2.4 window=+/-120.0s r=1.0deg
  candidates=1 scored=1
  best=smi:org.gfz-potsdam.de/geofon/usp2023qlil dt_s=0.340 dist_km=0.682 picks<=400.0km=5
MATCHED: 2023-06-16T11:22:06Z -> data/sisbra_all_w24/20230616T112205_usp2023lsea_row5402 picks=7
[3474/3570] SISBRA 2023-08-30T21:37:50 lat=-11.250 lon=-40.510 mag=2.4 window=+/-120.0s r=1.0deg
  candidates=1 scored=1
  best=smi:org.gfz-potsdam.de/geofon/usp2023qpfr dt_s=0.212 dist_km=0.553 picks<=400.0km=4
NO_MATCH: 2023-08-29T19:55:20Z -> data/sisbra_all_w24/20230829T195520_row5474
[3475/3570] SISBRA 2023-08-31T00:01:09 lat=-9.820 lon=-39.840 mag=2.3 window=+/-120.0s r=1.0deg
MATCHED: 2023-08-22T21:19:39Z -> data/sisbra_all_w24/20230822T211939_usp2023qlil_row5463 picks=5
[3476/3570] SISBRA 2023-08-31T04:19:08 lat=-9.810 lon=-39.840 mag=2.3 window=+/-120.0s r=1.0deg
  candidates=3 scored=3
NO_MATCH: 2023-08-30T21:09:19Z -> data/sisbra_all_w24/20230830T210919_row5475
[3477/3570] SISBRA 2023-08-31T04:20:13 lat=-9.850 lon=-39.860 mag=2.6 window=+/-120.0s r=1.0deg
MATCHED: 2023-08-25T00:28:17Z -> data/sisbra_all_w24/20230825T002817_usp2023qpfr_row5468 picks=4
[3478/3570] SISBRA 2023-08-31T13:07:24 lat=-9.910 lon=-39.770 mag=2.5 window=+/-120.0s r=1.0deg
  candidates=1 scored=1
  best=smi:org.gfz-potsdam.de/geofon/usp2023meku dt_s=0.314 dist_km=0.225 picks<=400.0km=4
  best=smi:org.gfz-potsdam.de/geofon/usp2023oogs dt_s=0.118 dist_km=0.383 picks<=400.0km=6
NO_MATCH: 2023-08-30T21:37:50Z -> data/sisbra_all_w24/20230830T213750_row5476
[3479/3570] SISBRA 2023-08-31T13:53:15 lat=-9.780 lon=-39.760 mag=2.2 window=+/-120.0s r=1.0deg
MATCHED: 2023-06-23T04:24:58Z -> data/sisbra_all_w24/20230623T042457_usp2023meku_row5413 picks=4
[3480/3570] SISBRA 2023-08-31T17:50:23 lat=-2.500 lon=-50.180 mag=2.5 window=+/-120.0s r=1.0deg
NO_MATCH: 2023-08-31T00:01:09Z -> data/sisbra_all_w24/20230831T000109_row5477
[3481/3570] SISBRA 2023-09-01T17:02:27 lat=-9.880 lon=-39.850 mag=2.0 window=+/-120.0s r=1.0deg
MATCHED: 2023-07-27T00:47:14Z -> data/sisbra_all_w24/20230727T004714_usp2023oogs_row5436 picks=6
[3482/3570] SISBRA 2023-09-02T05:31:55 lat=-20.620 lon=-44.810 mag=2.1 window=+/-120.0s r=1.0deg
  candidates=1 scored=1
  best=smi:org.gfz-potsdam.de/geofon/usp2023qojb dt_s=0.013 dist_km=0.406 picks<=400.0km=4
NO_MATCH: 2023-08-31T04:19:08Z -> data/sisbra_all_w24/20230831T041908_row5478
[3483/3570] SISBRA 2023-09-02T11:11:02 lat=-8.220 lon=-74.220 mag=5.3 window=+/-120.0s r=1.0deg
NO_MATCH: 2023-08-31T04:20:13Z -> data/sisbra_all_w24/20230831T042013_row5479
[3484/3570] SISBRA 2023-09-04T09:40:24 lat=-9.900 lon=-39.780 mag=2.3 window=+/-120.0s r=1.0deg
MATCHED: 2023-08-24T13:03:06Z -> data/sisbra_all_w24/20230824T130305_usp2023qojb_row5466 picks=4
[3485/3570] SISBRA 2023-09-04T09:54:57 lat=-9.870 lon=-39.860 mag=2.3 window=+/-120.0s r=1.0deg
NO_MATCH: 2023-08-31T17:50:23Z -> data/sisbra_all_w24/20230831T175023_row5482
[3486/3570] SISBRA 2023-09-04T10:56:03 lat=-9.880 lon=-39.860 mag=2.0 window=+/-120.0s r=1.0deg
NO_MATCH: 2023-09-01T17:02:27Z -> data/sisbra_all_w24/20230901T170227_row5483
[3487/3570] SISBRA 2023-09-05T16:00:06 lat=-3.560 lon=-50.160 mag=2.4 window=+/-120.0s r=1.0deg
  candidates=1 scored=1
  best=smi:org.gfz-potsdam.de/geofon/usp2023pify dt_s=0.351 dist_km=0.414 picks<=400.0km=7
  candidates=1 scored=1
  best=smi:org.gfz-potsdam.de/geofon/usp2023pwii dt_s=0.307 dist_km=0.435 picks<=400.0km=4
MATCHED: 2023-08-06T23:07:11Z -> data/sisbra_all_w24/20230806T230711_usp2023pify_row5449 picks=7
[3488/3570] SISBRA 2023-09-05T16:34:50 lat=-2.440 lon=-49.240 mag=3.0 window=+/-120.0s r=1.0deg
NO_MATCH: 2023-09-04T10:56:03Z -> data/sisbra_all_w24/20230904T105603_row5488
[3489/3570] SISBRA 2023-09-05T18:40:45 lat=-2.770 lon=-49.990 mag=2.7 window=+/-120.0s r=1.0deg
  candidates=1 scored=1
NO_MATCH: 2023-09-05T16:00:06Z -> data/sisbra_all_w24/20230905T160006_row5489
[3490/3570] SISBRA 2023-09-05T21:20:40 lat=-22.430 lon=-58.170 mag=2.9 window=+/-120.0s r=1.0deg
  best=smi:org.gfz-potsdam.de/geofon/usp2023pyeu dt_s=0.443 dist_km=0.406 picks<=400.0km=5
MATCHED: 2023-08-14T16:14:02Z -> data/sisbra_all_w24/20230814T161401_usp2023pwii_row5458 picks=4
[3491/3570] SISBRA 2023-09-06T17:53:16 lat=-5.040 lon=-48.970 mag=2.9 window=+/-120.0s r=1.0deg
  candidates=1 scored=1
  best=smi:org.gfz-potsdam.de/geofon/usp2023punq dt_s=0.189 dist_km=0.179 picks<=400.0km=6
NO_MATCH: 2023-09-05T16:34:50Z -> data/sisbra_all_w24/20230905T163450_row5490
[3492/3570] SISBRA 2023-09-06T23:02:19 lat=-24.300 lon=-48.100 mag=2.3 window=+/-120.0s r=1.0deg
MATCHED: 2023-08-15T16:42:49Z -> data/sisbra_all_w24/20230815T164248_usp2023pyeu_row5460 picks=5
[3493/3570] SISBRA 2023-09-07T16:33:47 lat=-20.410 lon=-44.060 mag=2.4 window=+/-120.0s r=1.0deg
NO_MATCH: 2023-09-05T18:40:45Z -> data/sisbra_all_w24/20230905T184045_row5491
[3494/3570] SISBRA 2023-09-08T17:01:34 lat=-5.790 lon=-50.460 mag=3.3 window=+/-120.0s r=1.0deg
  candidates=1 scored=1
  best=smi:org.gfz-potsdam.de/geofon/usp2023peyi dt_s=0.164 dist_km=0.285 picks<=400.0km=2
MATCHED: 2023-08-13T16:38:58Z -> data/sisbra_all_w24/20230813T163857_usp2023punq_row5456 picks=6
[3495/3570] SISBRA 2023-09-10T17:05:14 lat=-19.580 lon=-43.380 mag=2.1 window=+/-120.0s r=1.0deg
NO_MATCH: 2023-09-06T17:53:16Z -> data/sisbra_all_w24/20230906T175316_row5493
[3496/3570] SISBRA 2023-09-12T13:03:02 lat=-8.460 lon=-36.600 mag=1.8 window=+/-120.0s r=1.0deg
MATCHED: 2023-08-05T03:52:39Z -> data/sisbra_all_w24/20230805T035238_usp2023peyi_row5446 picks=2
[3497/3570] SISBRA 2023-09-14T20:38:15 lat=-5.230 lon=-49.690 mag=2.8 window=+/-120.0s r=1.0deg
  candidates=1 scored=1
  best=smi:org.gfz-potsdam.de/geofon/usp2023podc dt_s=0.009 dist_km=0.335 picks<=400.0km=0
NO_MATCH: 2023-09-08T17:01:34Z -> data/sisbra_all_w24/20230908T170134_row5496
[3498/3570] SISBRA 2023-09-17T15:45:27 lat=-9.970 lon=-39.810 mag=2.7 window=+/-120.0s r=1.0deg
NO_MATCH: 2023-09-10T17:05:14Z -> data/sisbra_all_w24/20230910T170514_row5497
[3499/3570] SISBRA 2023-09-19T01:13:36 lat=-20.980 lon=-48.620 mag=2.2 window=+/-120.0s r=1.0deg
MATCHED: 2023-08-10T04:30:25Z -> data/sisbra_all_w24/20230810T043025_usp2023podc_row5452 picks=0
[3500/3570] SISBRA 2023-09-21T07:24:32 lat=-13.540 lon=-42.640 mag=3.1 window=+/-120.0s r=1.0deg
NO_MATCH: 2023-09-12T13:03:02Z -> data/sisbra_all_w24/20230912T130302_row5498
[3501/3570] SISBRA 2023-09-22T02:11:57 lat=-8.800 lon=-74.230 mag=4.9 window=+/-120.0s r=1.0deg
  candidates=1 scored=1
  candidates=1 scored=1
  best=smi:org.gfz-potsdam.de/geofon/usp2023qqrm dt_s=0.068 dist_km=0.720 picks<=400.0km=5
  best=smi:org.gfz-potsdam.de/geofon/usp2023rbds dt_s=0.482 dist_km=0.745 picks<=400.0km=3
NO_MATCH: 2023-09-14T20:38:15Z -> data/sisbra_all_w24/20230914T203815_row5499
[3502/3570] SISBRA 2023-09-22T10:14:54 lat=-10.060 lon=-73.050 mag=4.5 window=+/-120.0s r=1.0deg
MATCHED: 2023-08-31T13:07:24Z -> data/sisbra_all_w24/20230831T130724_usp2023rbds_row5480 picks=3
[3503/3570] SISBRA 2023-09-24T12:13:00 lat=-9.590 lon=-39.890 mag=2.1 window=+/-120.0s r=1.0deg
MATCHED: 2023-08-25T19:34:40Z -> data/sisbra_all_w24/20230825T193439_usp2023qqrm_row5470 picks=5
[3504/3570] SISBRA 2023-09-26T02:27:59 lat=-9.920 lon=-39.840 mag=2.5 window=+/-120.0s r=1.0deg
  candidates=1 scored=1
  best=smi:org.gfz-potsdam.de/geofon/usp2023pkki dt_s=0.198 dist_km=0.377 picks<=400.0km=4
  candidates=1 scored=1
  best=smi:org.gfz-potsdam.de/geofon/usp2023qvtk dt_s=0.150 dist_km=0.575 picks<=400.0km=4
  candidates=1 scored=1
NO_MATCH: 2023-09-24T12:13:00Z -> data/sisbra_all_w24/20230924T121300_row5505
[3505/3570] SISBRA 2023-09-27T08:47:50 lat=-13.730 lon=-48.630 mag=2.8 window=+/-120.0s r=1.0deg
MATCHED: 2023-08-08T03:36:24Z -> data/sisbra_all_w24/20230808T033623_usp2023pkki_row5450 picks=4
[3506/3570] SISBRA 2023-10-01T05:48:58 lat=-13.530 lon=-48.840 mag=3.0 window=+/-120.0s r=1.0deg
  best=smi:org.gfz-potsdam.de/geofon/usp2023mgen dt_s=0.253 dist_km=0.539 picks<=400.0km=2
  candidates=1 scored=1
  best=smi:org.gfz-potsdam.de/geofon/usp2023pwlc dt_s=0.100 dist_km=30.802 picks<=400.0km=1
MATCHED: 2023-08-28T14:14:09Z -> data/sisbra_all_w24/20230828T141408_usp2023qvtk_row5471 picks=4
[3507/3570] SISBRA 2023-10-01T17:09:04 lat=-20.630 lon=-44.540 mag=2.6 window=+/-120.0s r=1.0deg
MATCHED: 2023-08-14T17:38:21Z -> data/sisbra_all_w24/20230814T173820_usp2023pwlc_row5459 picks=1
[3508/3570] SISBRA 2023-10-03T05:15:34 lat=-9.830 lon=-39.890 mag=2.1 window=+/-120.0s r=1.0deg
MATCHED: 2023-06-24T03:31:33Z -> data/sisbra_all_w24/20230624T033132_usp2023mgen_row5418 picks=2
[3509/3570] SISBRA 2023-10-04T19:33:58 lat=-20.500 lon=-56.180 mag=1.8 window=+/-120.0s r=1.0deg
  candidates=1 scored=1
  best=smi:org.gfz-potsdam.de/geofon/usp2023qwtv dt_s=0.281 dist_km=0.487 picks<=400.0km=5
  candidates=1 scored=1
  best=smi:org.gfz-potsdam.de/geofon/usp2023refs dt_s=0.198 dist_km=0.476 picks<=400.0km=5
MATCHED: 2023-08-29T03:35:17Z -> data/sisbra_all_w24/20230829T033517_usp2023qwtv_row5472 picks=5
[3510/3570] SISBRA 2023-10-05T09:40:12 lat=-9.840 lon=-39.890 mag=2.2 window=+/-120.0s r=1.0deg
MATCHED: 2023-09-02T05:31:55Z -> data/sisbra_all_w24/20230902T053155_usp2023refs_row5484 picks=5
[3511/3570] SISBRA 2023-10-08T12:52:08 lat=-17.000 lon=-57.270 mag=2.5 window=+/-120.0s r=1.0deg
  candidates=1 scored=1
  best=smi:org.gfz-potsdam.de/geofon/usp2023qxts dt_s=0.082 dist_km=0.624 picks<=400.0km=4
MATCHED: 2023-08-29T16:39:15Z -> data/sisbra_all_w24/20230829T163914_usp2023qxts_row5473 picks=4
[3512/3570] SISBRA 2023-10-10T14:28:15 lat=-8.070 lon=-37.870 mag=2.1 window=+/-120.0s r=1.0deg
  candidates=1 scored=1
  best=smi:org.gfz-potsdam.de/geofon/usp2023qpyc dt_s=0.104 dist_km=0.391 picks<=400.0km=4
MATCHED: 2023-08-25T09:47:44Z -> data/sisbra_all_w24/20230825T094743_usp2023qpyc_row5469 picks=4
[3513/3570] SISBRA 2023-10-11T14:46:04 lat=-8.360 lon=-36.190 mag=2.3 window=+/-120.0s r=1.0deg
  candidates=1 scored=1
  best=smi:org.gfz-potsdam.de/geofon/usp2023qole dt_s=0.192 dist_km=0.522 picks<=400.0km=6
MATCHED: 2023-08-24T14:07:41Z -> data/sisbra_all_w24/20230824T140740_usp2023qole_row5467 picks=6
[3514/3570] SISBRA 2023-10-14T00:19:26 lat=-19.730 lon=-46.980 mag=2.0 window=+/-120.0s r=1.0deg
  candidates=1 scored=1
  best=smi:org.gfz-potsdam.de/geofon/usp2023riex dt_s=0.241 dist_km=0.220 picks<=400.0km=3
  candidates=1 scored=1
  best=smi:org.gfz-potsdam.de/geofon/usp2023rkxn dt_s=0.500 dist_km=0.591 picks<=400.0km=3
MATCHED: 2023-09-04T09:40:24Z -> data/sisbra_all_w24/20230904T094023_usp2023riex_row5486 picks=3
[3515/3570] SISBRA 2023-10-14T15:14:21 lat=-12.910 lon=-43.840 mag=3.3 window=+/-120.0s r=1.0deg
MATCHED: 2023-09-05T21:20:40Z -> data/sisbra_all_w24/20230905T212039_usp2023rkxn_row5492 picks=3
[3516/3570] SISBRA 2023-10-23T04:27:26 lat=-5.260 lon=-34.810 mag=2.1 window=+/-120.0s r=1.0deg
  candidates=1 scored=1
  best=smi:org.gfz-potsdam.de/geofon/usp2023siys dt_s=0.217 dist_km=0.545 picks<=400.0km=4
  candidates=1 scored=1
MATCHED: 2023-09-19T01:13:36Z -> data/sisbra_all_w24/20230919T011335_usp2023siys_row5501 picks=4
[3517/3570] SISBRA 2023-10-24T15:50:42 lat=-9.870 lon=-39.880 mag=2.0 window=+/-120.0s r=1.0deg
  best=smi:org.gfz-potsdam.de/geofon/usp2023oajh dt_s=0.354 dist_km=0.339 picks<=400.0km=0
NO_MATCH: 2023-10-23T04:27:26Z -> data/sisbra_all_w24/20231023T042726_row5518
[3518/3570] SISBRA 2023-10-25T15:03:14 lat=-10.950 lon=-39.260 mag=2.2 window=+/-120.0s r=1.0deg
  candidates=1 scored=1
  best=smi:org.gfz-potsdam.de/geofon/usp2023tivt dt_s=0.263 dist_km=0.188 picks<=400.0km=5
MATCHED: 2023-07-19T10:12:30Z -> data/sisbra_all_w24/20230719T101229_usp2023oajh_row5430 picks=0
[3519/3570] SISBRA 2023-10-26T01:18:07 lat=-8.330 lon=-36.150 mag=2.5 window=+/-120.0s r=1.0deg
  candidates=1 scored=1
  best=smi:org.gfz-potsdam.de/geofon/usp2023rbff dt_s=0.116 dist_km=0.621 picks<=400.0km=3
NO_MATCH: 2023-10-24T15:50:42Z -> data/sisbra_all_w24/20231024T155042_row5519
[3520/3570] SISBRA 2023-10-26T09:38:42 lat=-9.830 lon=-39.920 mag=2.3 window=+/-120.0s r=1.0deg
MATCHED: 2023-10-03T05:15:34Z -> data/sisbra_all_w24/20231003T051534_usp2023tivt_row5510 picks=5
[3521/3570] SISBRA 2023-10-26T19:12:47 lat=-20.540 lon=-56.660 mag=2.1 window=+/-120.0s r=1.0deg
  candidates=1 scored=1
  candidates=1 scored=1
  best=smi:org.gfz-potsdam.de/geofon/usp2023tmvm dt_s=0.202 dist_km=0.559 picks<=400.0km=4
  best=smi:org.gfz-potsdam.de/geofon/usp2023rmwj dt_s=6.930 dist_km=44.576 picks<=400.0km=3
MATCHED: 2023-08-31T13:53:15Z -> data/sisbra_all_w24/20230831T135314_usp2023rbff_row5481 picks=3
[3522/3570] SISBRA 2023-10-27T08:20:14 lat=-19.510 lon=-44.070 mag=2.2 window=+/-120.0s r=1.0deg
  candidates=1 scored=1
  best=smi:org.gfz-potsdam.de/geofon/usp2023twin dt_s=0.259 dist_km=0.244 picks<=400.0km=12
MATCHED: 2023-09-06T23:02:19Z -> data/sisbra_all_w24/20230906T230212_usp2023rmwj_row5494 picks=3
[3523/3570] SISBRA 2023-10-27T14:48:42 lat=-20.350 lon=-45.580 mag=2.5 window=+/-120.0s r=1.0deg
MATCHED: 2023-10-05T09:40:12Z -> data/sisbra_all_w24/20231005T094012_usp2023tmvm_row5512 picks=4
[3524/3570] SISBRA 2023-11-02T15:07:14 lat=-8.960 lon=-35.770 mag=2.3 window=+/-120.0s r=1.0deg
MATCHED: 2023-10-10T14:28:15Z -> data/sisbra_all_w24/20231010T142814_usp2023twin_row5514 picks=12
[3525/3570] SISBRA 2023-11-02T19:13:12 lat=-14.000 lon=-46.510 mag=2.0 window=+/-120.0s r=1.0deg
  candidates=1 scored=1
  best=smi:org.gfz-potsdam.de/geofon/usp2023sydt dt_s=0.438 dist_km=0.374 picks<=400.0km=2
  candidates=1 scored=1
  best=smi:org.gfz-potsdam.de/geofon/usp2023tffw dt_s=0.130 dist_km=0.363 picks<=400.0km=4
  candidates=1 scored=1
  best=smi:org.gfz-potsdam.de/geofon/usp2023rifj dt_s=0.039 dist_km=0.326 picks<=400.0km=3
  candidates=1 scored=1
  best=smi:org.gfz-potsdam.de/geofon/usp2023tlto dt_s=0.462 dist_km=0.611 picks<=400.0km=4
MATCHED: 2023-09-27T08:47:50Z -> data/sisbra_all_w24/20230927T084749_usp2023sydt_row5507 picks=2
[3526/3570] SISBRA 2023-11-05T04:35:24 lat=-13.070 lon=-43.470 mag=2.7 window=+/-120.0s r=1.0deg
MATCHED: 2023-09-04T09:54:57Z -> data/sisbra_all_w24/20230904T095456_usp2023rifj_row5487 picks=3
[3527/3570] SISBRA 2023-11-07T07:52:52 lat=-20.260 lon=-43.870 mag=2.1 window=+/-120.0s r=1.0deg
MATCHED: 2023-10-04T19:33:58Z -> data/sisbra_all_w24/20231004T193357_usp2023tlto_row5511 picks=4
[3528/3570] SISBRA 2023-11-11T05:29:10 lat=-20.070 lon=-49.050 mag=2.4 window=+/-120.0s r=1.0deg
MATCHED: 2023-10-01T05:48:58Z -> data/sisbra_all_w24/20231001T054857_usp2023tffw_row5508 picks=4
[3529/3570] SISBRA 2023-11-14T03:38:43 lat=-15.180 lon=-36.940 mag=2.9 window=+/-120.0s r=1.0deg
  candidates=1 scored=1
  best=smi:org.gfz-potsdam.de/geofon/usp2023tgch dt_s=0.258 dist_km=0.332 picks<=400.0km=9
MATCHED: 2023-10-01T17:09:04Z -> data/sisbra_all_w24/20231001T170903_usp2023tgch_row5509 picks=9
[3530/3570] SISBRA 2023-11-15T22:39:38 lat=-18.570 lon=-44.200 mag=2.4 window=+/-120.0s r=1.0deg
  candidates=1 scored=1
  best=smi:org.gfz-potsdam.de/geofon/usp2023rofb dt_s=1.705 dist_km=12.523 picks<=400.0km=8
  candidates=1 scored=1
  best=smi:org.gfz-potsdam.de/geofon/usp2023uxuf dt_s=0.147 dist_km=0.209 picks<=400.0km=3
  candidates=1 scored=1
  best=smi:org.gfz-potsdam.de/geofon/usp2023ucon dt_s=0.312 dist_km=0.620 picks<=400.0km=7
MATCHED: 2023-09-07T16:33:47Z -> data/sisbra_all_w24/20230907T163345_usp2023rofb_row5495 picks=8
[3531/3570] SISBRA 2023-11-16T09:22:54 lat=-16.480 lon=-40.660 mag=2.4 window=+/-120.0s r=1.0deg
MATCHED: 2023-10-25T15:03:14Z -> data/sisbra_all_w24/20231025T150314_usp2023uxuf_row5520 picks=3
[3532/3570] SISBRA 2023-11-16T16:41:37 lat=-8.020 lon=-37.870 mag=2.0 window=+/-120.0s r=1.0deg
MATCHED: 2023-10-14T00:19:26Z -> data/sisbra_all_w24/20231014T001925_usp2023ucon_row5516 picks=7
[3533/3570] SISBRA 2023-11-18T01:13:38 lat=-4.040 lon=-38.980 mag=2.1 window=+/-120.0s r=1.0deg
  candidates=1 scored=1
  best=smi:org.gfz-potsdam.de/geofon/usp2023tsoi dt_s=0.282 dist_km=0.598 picks<=400.0km=4
MATCHED: 2023-10-08T12:52:08Z -> data/sisbra_all_w24/20231008T125207_usp2023tsoi_row5513 picks=4
[3534/3570] SISBRA 2023-11-19T03:20:21 lat=-29.430 lon=-54.570 mag=2.0 window=+/-120.0s r=1.0deg
  candidates=1 scored=1
  best=smi:org.gfz-potsdam.de/geofon/usp2023uzxy dt_s=0.493 dist_km=0.116 picks<=400.0km=3
  candidates=1 scored=1
  best=smi:org.gfz-potsdam.de/geofon/usp2023svvs dt_s=0.546 dist_km=0.492 picks<=400.0km=0
  candidates=1 scored=1
  best=smi:org.gfz-potsdam.de/geofon/usp2023sgkm dt_s=0.448 dist_km=0.451 picks<=400.0km=3
MATCHED: 2023-10-26T19:12:47Z -> data/sisbra_all_w24/20231026T191247_usp2023uzxy_row5523 picks=3
[3535/3570] SISBRA 2023-11-19T09:30:39 lat=-29.430 lon=-54.570 mag=2.2 window=+/-120.0s r=1.0deg
MATCHED: 2023-09-26T02:27:59Z -> data/sisbra_all_w24/20230926T022759_usp2023svvs_row5506 picks=0
[3536/3570] SISBRA 2023-11-20T06:56:57 lat=-6.260 lon=-50.960 mag=2.6 window=+/-120.0s r=1.0deg
MATCHED: 2023-09-17T15:45:27Z -> data/sisbra_all_w24/20230917T154526_usp2023sgkm_row5500 picks=3
[3537/3570] SISBRA 2023-11-20T06:57:14 lat=-7.540 lon=-50.810 mag=2.8 window=+/-120.0s r=1.0deg
  candidates=1 scored=1
  best=smi:org.gfz-potsdam.de/geofon/usp2023tyep dt_s=0.103 dist_km=0.382 picks<=400.0km=7
NO_MATCH: 2023-11-20T06:56:57Z -> data/sisbra_all_w24/20231120T065657_row5538
[3538/3570] SISBRA 2023-11-20T07:49:57 lat=2.590 lon=-59.250 mag=3.8 window=+/-120.0s r=1.0deg
MATCHED: 2023-10-11T14:46:04Z -> data/sisbra_all_w24/20231011T144603_usp2023tyep_row5515 picks=7
[3539/3570] SISBRA 2023-11-24T05:46:14 lat=-9.740 lon=-36.670 mag=1.8 window=+/-120.0s r=1.0deg
  candidates=1 scored=1
  best=smi:org.gfz-potsdam.de/geofon/usp2023vmsm dt_s=0.499 dist_km=0.314 picks<=400.0km=3
MATCHED: 2023-11-02T19:13:12Z -> data/sisbra_all_w24/20231102T191312_usp2023vmsm_row5527 picks=3
[3540/3570] SISBRA 2023-11-25T13:51:27 lat=-13.380 lon=-38.260 mag=2.5 window=+/-120.0s r=1.0deg
  candidates=1 scored=1
  best=smi:org.gfz-potsdam.de/geofon/usp2023spdb dt_s=0.170 dist_km=0.665 picks<=400.0km=0
NO_MATCH: 2023-11-25T13:51:27Z -> data/sisbra_all_w24/20231125T135127_row5542
[3541/3570] SISBRA 2023-11-26T03:03:09 lat=-5.880 lon=-50.600 mag=3.0 window=+/-120.0s r=1.0deg
MATCHED: 2023-09-22T10:14:54Z -> data/sisbra_all_w24/20230922T101454_usp2023spdb_row5504 picks=0
[3542/3570] SISBRA 2023-11-26T22:25:07 lat=-3.300 lon=-40.530 mag=2.1 window=+/-120.0s r=1.0deg
  candidates=1 scored=1
  best=smi:org.gfz-potsdam.de/geofon/usp2023wqop dt_s=0.130 dist_km=0.439 picks<=400.0km=6
  candidates=1 scored=1
  best=smi:org.gfz-potsdam.de/geofon/usp2023woox dt_s=0.149 dist_km=0.637 picks<=400.0km=4
  candidates=1 scored=1
  best=smi:org.gfz-potsdam.de/geofon/usp2023vuzo dt_s=0.321 dist_km=0.545 picks<=400.0km=4
MATCHED: 2023-11-19T03:20:21Z -> data/sisbra_all_w24/20231119T032020_usp2023wqop_row5536 picks=6
[3543/3570] SISBRA 2023-11-27T02:33:04 lat=-11.270 lon=-40.570 mag=2.0 window=+/-120.0s r=1.0deg
MATCHED: 2023-11-18T01:13:38Z -> data/sisbra_all_w24/20231118T011338_usp2023woox_row5535 picks=4
[3544/3570] SISBRA 2023-11-27T04:48:16 lat=-9.650 lon=-35.730 mag=1.4 window=+/-120.0s r=1.0deg
  candidates=1 scored=1
MATCHED: 2023-11-07T07:52:52Z -> data/sisbra_all_w24/20231107T075251_usp2023vuzo_row5529 picks=4
[3545/3570] SISBRA 2023-11-27T23:55:03 lat=-8.070 lon=-35.190 mag=1.6 window=+/-120.0s r=1.0deg
  best=smi:org.gfz-potsdam.de/geofon/usp2023reqw dt_s=0.035 dist_km=0.105 picks<=400.0km=0
NO_MATCH: 2023-11-26T22:25:07Z -> data/sisbra_all_w24/20231126T222507_row5544
[3546/3570] SISBRA 2023-11-28T05:50:40 lat=-9.610 lon=-35.750 mag=1.7 window=+/-120.0s r=1.0deg
  candidates=1 scored=1
  best=smi:org.gfz-potsdam.de/geofon/usp2023vmkj dt_s=0.419 dist_km=0.505 picks<=400.0km=6
  candidates=1 scored=1
NO_MATCH: 2023-11-27T02:33:04Z -> data/sisbra_all_w24/20231127T023304_row5545
[3547/3570] SISBRA 2023-11-28T12:43:12 lat=-9.750 lon=-37.260 mag=2.2 window=+/-120.0s r=1.0deg
  best=smi:org.gfz-potsdam.de/geofon/usp2023vbkt dt_s=0.155 dist_km=0.574 picks<=400.0km=7
MATCHED: 2023-09-02T11:11:02Z -> data/sisbra_all_w24/20230902T111102_usp2023reqw_row5485 picks=0
[3548/3570] SISBRA 2023-11-28T19:12:18 lat=-9.630 lon=-35.720 mag=1.6 window=+/-120.0s r=1.0deg
MATCHED: 2023-11-02T15:07:14Z -> data/sisbra_all_w24/20231102T150714_usp2023vmkj_row5526 picks=6
[3549/3570] SISBRA 2023-11-28T20:42:51 lat=-8.100 lon=-34.980 mag=1.8 window=+/-120.0s r=1.0deg
  candidates=1 scored=1
NO_MATCH: 2023-11-27T23:55:03Z -> data/sisbra_all_w24/20231127T235503_row5547
[3550/3570] SISBRA 2023-11-29T16:22:59 lat=-9.680 lon=-36.680 mag=1.7 window=+/-120.0s r=1.0deg
  best=smi:org.gfz-potsdam.de/geofon/usp2023uyom dt_s=0.290 dist_km=0.383 picks<=400.0km=6
MATCHED: 2023-10-27T14:48:42Z -> data/sisbra_all_w24/20231027T144841_usp2023vbkt_row5525 picks=7
[3551/3570] SISBRA 2023-12-01T04:12:01 lat=-18.580 lon=-45.140 mag=3.1 window=+/-120.0s r=1.0deg
  candidates=1 scored=1
  best=smi:org.gfz-potsdam.de/geofon/usp2023uzfa dt_s=0.152 dist_km=0.304 picks<=400.0km=1
MATCHED: 2023-10-26T01:18:07Z -> data/sisbra_all_w24/20231026T011806_usp2023uyom_row5521 picks=6
[3552/3570] SISBRA 2023-12-02T02:23:31 lat=-11.180 lon=-70.070 mag=4.8 window=+/-120.0s r=1.0deg
MATCHED: 2023-10-26T09:38:42Z -> data/sisbra_all_w24/20231026T093841_usp2023uzfa_row5522 picks=1
[3553/3570] SISBRA 2023-12-09T04:10:04 lat=-9.760 lon=-39.910 mag=1.8 window=+/-120.0s r=1.0deg
  candidates=1 scored=1
  best=smi:org.gfz-potsdam.de/geofon/usp2023wksv dt_s=0.426 dist_km=0.421 picks<=400.0km=9
  candidates=1 scored=1
  best=smi:org.gfz-potsdam.de/geofon/usp2023vrca dt_s=0.388 dist_km=0.148 picks<=400.0km=2
MATCHED: 2023-11-15T22:39:38Z -> data/sisbra_all_w24/20231115T223938_usp2023wksv_row5532 picks=9
[3554/3570] SISBRA 2023-12-09T16:35:04 lat=-5.920 lon=-50.690 mag=3.8 window=+/-120.0s r=1.0deg
  candidates=1 scored=1
  best=smi:org.gfz-potsdam.de/geofon/usp2023wccv dt_s=0.488 dist_km=0.162 picks<=400.0km=7
MATCHED: 2023-11-05T04:35:24Z -> data/sisbra_all_w24/20231105T043523_usp2023vrca_row5528 picks=2
[3555/3570] SISBRA 2023-12-10T01:25:45 lat=-9.880 lon=-39.950 mag=2.0 window=+/-120.0s r=1.0deg
MATCHED: 2023-11-11T05:29:10Z -> data/sisbra_all_w24/20231111T052909_usp2023wccv_row5530 picks=7
[3556/3570] SISBRA 2023-12-14T00:52:19 lat=-20.050 lon=-48.870 mag=2.3 window=+/-120.0s r=1.0deg
  candidates=1 scored=1
  best=smi:org.gfz-potsdam.de/geofon/usp2023snbz dt_s=0.370 dist_km=0.443 picks<=400.0km=1
NO_MATCH: 2023-12-10T01:25:45Z -> data/sisbra_all_w24/20231210T012545_row5557
[3557/3570] SISBRA 2023-12-14T02:33:59 lat=-21.410 lon=-57.130 mag=3.1 window=+/-120.0s r=1.0deg
  candidates=1 scored=1
  best=smi:org.gfz-potsdam.de/geofon/usp2023wsrg dt_s=0.043 dist_km=0.379 picks<=400.0km=1
MATCHED: 2023-09-21T07:24:32Z -> data/sisbra_all_w24/20230921T072432_usp2023snbz_row5502 picks=1
[3558/3570] SISBRA 2023-12-14T03:36:44 lat=-9.860 lon=-39.890 mag=2.1 window=+/-120.0s r=1.0deg
MATCHED: 2023-11-20T06:57:14Z -> data/sisbra_all_w24/20231120T065713_usp2023wsrg_row5539 picks=1
[3559/3570] SISBRA 2023-12-14T05:19:04 lat=-8.230 lon=-35.780 mag=2.2 window=+/-120.0s r=1.0deg
  candidates=1 scored=1
  best=smi:org.gfz-potsdam.de/geofon/usp2023wmcn dt_s=0.286 dist_km=0.565 picks<=400.0km=5
  candidates=1 scored=1
  best=smi:org.gfz-potsdam.de/geofon/usp2023wssz dt_s=0.121 dist_km=0.581 picks<=400.0km=0
MATCHED: 2023-11-16T16:41:37Z -> data/sisbra_all_w24/20231116T164136_usp2023wmcn_row5534 picks=5
[3560/3570] SISBRA 2023-12-15T17:06:04 lat=-17.200 lon=-56.520 mag=2.7 window=+/-120.0s r=1.0deg
NO_MATCH: 2023-12-14T03:36:44Z -> data/sisbra_all_w24/20231214T033644_row5560
[3561/3570] SISBRA 2023-12-16T10:06:50 lat=-21.710 lon=-46.510 mag=2.6 window=+/-120.0s r=1.0deg
MATCHED: 2023-11-20T07:49:57Z -> data/sisbra_all_w24/20231120T074956_usp2023wssz_row5540 picks=0
[3562/3570] SISBRA 2023-12-16T12:25:50 lat=-19.530 lon=-44.140 mag=2.2 window=+/-120.0s r=1.0deg
  candidates=1 scored=1
  best=smi:org.gfz-potsdam.de/geofon/usp2023wrav dt_s=0.288 dist_km=0.408 picks<=400.0km=6
MATCHED: 2023-11-19T09:30:39Z -> data/sisbra_all_w24/20231119T093038_usp2023wrav_row5537 picks=6
[3563/3570] SISBRA 2023-12-20T18:14:20 lat=-7.520 lon=-52.320 mag=3.1 window=+/-120.0s r=1.0deg
  candidates=1 scored=1
  best=smi:org.gfz-potsdam.de/geofon/usp2023whlr dt_s=0.473 dist_km=0.260 picks<=400.0km=0
  candidates=1 scored=1
  best=smi:org.gfz-potsdam.de/geofon/usp2023xjvl dt_s=0.923 dist_km=0.164 picks<=400.0km=4
MATCHED: 2023-11-14T03:38:43Z -> data/sisbra_all_w24/20231114T033842_usp2023whlr_row5531 picks=0
[3564/3570] SISBRA 2023-12-22T04:22:11 lat=-2.220 lon=-53.550 mag=1.0 window=+/-120.0s r=1.0deg
MATCHED: 2023-11-29T16:22:59Z -> data/sisbra_all_w24/20231129T162259_usp2023xjvl_row5552 picks=4
[3565/3570] SISBRA 2023-12-24T19:33:02 lat=-6.160 lon=-50.930 mag=2.8 window=+/-120.0s r=1.0deg
NO_MATCH: 2023-12-22T04:22:11Z -> data/sisbra_all_w24/20231222T042211_row5566
[3566/3570] SISBRA 2023-12-28T04:05:46 lat=-11.270 lon=-40.540 mag=2.1 window=+/-120.0s r=1.0deg
NO_MATCH: 2023-12-24T19:33:02Z -> data/sisbra_all_w24/20231224T193302_row5567
[3567/3570] SISBRA 2023-12-29T05:25:40 lat=-13.710 lon=-58.880 mag=3.1 window=+/-120.0s r=1.0deg
  candidates=1 scored=1
  best=smi:org.gfz-potsdam.de/geofon/usp2023xhfc dt_s=0.406 dist_km=0.366 picks<=400.0km=6
  candidates=1 scored=1
  best=smi:org.gfz-potsdam.de/geofon/usp2023xfhn dt_s=0.460 dist_km=0.537 picks<=400.0km=3
MATCHED: 2023-11-28T05:50:40Z -> data/sisbra_all_w24/20231128T055040_usp2023xhfc_row5548 picks=6
[3568/3570] SISBRA 2023-12-29T15:48:15 lat=-9.840 lon=-39.950 mag=2.0 window=+/-120.0s r=1.0deg
  candidates=1 scored=1
  best=smi:org.gfz-potsdam.de/geofon/usp2023vaxx dt_s=0.060 dist_km=0.358 picks<=400.0km=6
NO_MATCH: 2023-12-28T04:05:46Z -> data/sisbra_all_w24/20231228T040546_row5568
[3569/3570] SISBRA 2023-12-29T16:01:00 lat=-8.350 lon=-35.990 mag=2.2 window=+/-120.0s r=1.0deg
  candidates=1 scored=1
  best=smi:org.gfz-potsdam.de/geofon/usp2023xdio dt_s=0.469 dist_km=0.529 picks<=400.0km=2
MATCHED: 2023-11-26T03:03:09Z -> data/sisbra_all_w24/20231126T030308_usp2023xdio_row5543 picks=2
[3570/3570] SISBRA 2023-12-30T13:59:36 lat=-16.590 lon=-55.370 mag=2.8 window=+/-120.0s r=1.0deg
MATCHED: 2023-10-27T08:20:14Z -> data/sisbra_all_w24/20231027T082013_usp2023vaxx_row5524 picks=6
MATCHED: 2023-11-27T04:48:16Z -> data/sisbra_all_w24/20231127T044816_usp2023xfhn_row5546 picks=3
  candidates=1 scored=1
  best=smi:org.gfz-potsdam.de/geofon/usp2023xifn dt_s=0.313 dist_km=0.405 picks<=400.0km=4
NO_MATCH: 2023-12-29T15:48:15Z -> data/sisbra_all_w24/20231229T154815_row5570
  candidates=1 scored=1
  best=smi:org.gfz-potsdam.de/geofon/usp2023wzwy dt_s=0.312 dist_km=0.357 picks<=400.0km=5
  candidates=1 scored=1
  candidates=1 scored=1
  best=smi:org.gfz-potsdam.de/geofon/usp2023ybeh dt_s=0.094 dist_km=0.244 picks<=400.0km=2
  best=smi:org.gfz-potsdam.de/geofon/usp2023sond dt_s=0.396 dist_km=7.958 picks<=400.0km=0
MATCHED: 2023-11-24T05:46:14Z -> data/sisbra_all_w24/20231124T054613_usp2023wzwy_row5541 picks=5
NO_MATCH: 2023-12-29T16:01:00Z -> data/sisbra_all_w24/20231229T160100_row5571
MATCHED: 2023-11-28T19:12:18Z -> data/sisbra_all_w24/20231128T191217_usp2023xifn_row5550 picks=4
  candidates=1 scored=1
  best=smi:org.gfz-potsdam.de/geofon/usp2023wlob dt_s=0.153 dist_km=0.458 picks<=400.0km=2
MATCHED: 2023-12-09T04:10:04Z -> data/sisbra_all_w24/20231209T041003_usp2023ybeh_row5555 picks=2
MATCHED: 2023-09-22T02:11:57Z -> data/sisbra_all_w24/20230922T021156_usp2023sond_row5503 picks=0
  candidates=1 scored=1
  best=smi:org.gfz-potsdam.de/geofon/usp2023xhsr dt_s=0.470 dist_km=0.534 picks<=400.0km=4
MATCHED: 2023-11-16T09:22:54Z -> data/sisbra_all_w24/20231116T092253_usp2023wlob_row5533 picks=2
  candidates=1 scored=1
  best=smi:org.gfz-potsdam.de/geofon/usp2023yope dt_s=0.254 dist_km=0.410 picks<=400.0km=9
  candidates=1 scored=1
  best=smi:org.gfz-potsdam.de/geofon/usp2023ykbh dt_s=0.092 dist_km=0.482 picks<=400.0km=4
MATCHED: 2023-11-28T12:43:12Z -> data/sisbra_all_w24/20231128T124311_usp2023xhsr_row5549 picks=4
MATCHED: 2023-12-16T12:25:50Z -> data/sisbra_all_w24/20231216T122549_usp2023yope_row5564 picks=9
MATCHED: 2023-12-14T00:52:19Z -> data/sisbra_all_w24/20231214T005218_usp2023ykbh_row5558 picks=4
  candidates=1 scored=1
  best=smi:org.gfz-potsdam.de/geofon/usp2023ykkc dt_s=0.374 dist_km=0.593 picks<=400.0km=4
MATCHED: 2023-12-14T05:19:04Z -> data/sisbra_all_w24/20231214T051903_usp2023ykkc_row5561 picks=4
  candidates=1 scored=1
  best=smi:org.gfz-potsdam.de/geofon/usp2023zohi dt_s=1.371 dist_km=30.963 picks<=400.0km=3
  candidates=1 scored=1
  best=smi:org.gfz-potsdam.de/geofon/usp2023yccw dt_s=1.370 dist_km=19.347 picks<=400.0km=0
MATCHED: 2023-12-30T13:59:36Z -> data/sisbra_all_w24/20231230T135934_usp2023zohi_row5572 picks=3
  candidates=1 scored=1
  best=smi:org.gfz-potsdam.de/geofon/usp2023yokp dt_s=1.237 dist_km=1.385 picks<=400.0km=8
MATCHED: 2023-12-09T16:35:04Z -> data/sisbra_all_w24/20231209T163505_usp2023yccw_row5556 picks=0
MATCHED: 2023-12-16T10:06:50Z -> data/sisbra_all_w24/20231216T100648_usp2023yokp_row5563 picks=8
  candidates=1 scored=1
  best=smi:org.gfz-potsdam.de/geofon/usp2023xogg dt_s=0.427 dist_km=0.088 picks<=400.0km=0
MATCHED: 2023-12-02T02:23:31Z -> data/sisbra_all_w24/20231202T022331_usp2023xogg_row5554 picks=0
  candidates=1 scored=1
  best=smi:org.gfz-potsdam.de/geofon/usp2023xiin dt_s=0.283 dist_km=0.587 picks<=400.0km=5
  candidates=1 scored=1
  best=smi:org.gfz-potsdam.de/geofon/usp2023xmoi dt_s=0.100 dist_km=0.493 picks<=400.0km=9
MATCHED: 2023-12-01T04:12:01Z -> data/sisbra_all_w24/20231201T041200_usp2023xmoi_row5553 picks=9
MATCHED: 2023-11-28T20:42:51Z -> data/sisbra_all_w24/20231128T204250_usp2023xiin_row5551 picks=5
  candidates=1 scored=1
  best=smi:org.gfz-potsdam.de/geofon/usp2023udsb dt_s=0.186 dist_km=0.511 picks<=400.0km=2
MATCHED: 2023-10-14T15:14:21Z -> data/sisbra_all_w24/20231014T151420_usp2023udsb_row5517 picks=2
  candidates=1 scored=1
  best=smi:org.gfz-potsdam.de/geofon/usp2023yncs dt_s=0.293 dist_km=1.056 picks<=400.0km=6
MATCHED: 2023-12-15T17:06:04Z -> data/sisbra_all_w24/20231215T170603_usp2023yncs_row5562 picks=6
  candidates=1 scored=1
  best=smi:org.gfz-potsdam.de/geofon/usp2023ykeq dt_s=0.519 dist_km=13.367 picks<=400.0km=4
  candidates=1 scored=1
  best=smi:org.gfz-potsdam.de/geofon/usp2023zluw dt_s=0.199 dist_km=0.404 picks<=400.0km=1
MATCHED: 2023-12-14T02:33:59Z -> data/sisbra_all_w24/20231214T023358_usp2023ykeq_row5559 picks=4
  candidates=1 scored=1
  best=smi:org.gfz-potsdam.de/geofon/usp2023ywir dt_s=0.570 dist_km=0.588 picks<=400.0km=0
MATCHED: 2023-12-29T05:25:40Z -> data/sisbra_all_w24/20231229T052539_usp2023zluw_row5569 picks=1
MATCHED: 2023-12-20T18:14:20Z -> data/sisbra_all_w24/20231220T181419_usp2023ywir_row5565 picks=0
Done. Counts: {'matched': 2729, 'no_match': 831, 'ambiguous': 10, 'error': 0}
